# Rhino

o object_1
v 106.00286102294922 0.20000000298023224 41.612827301025391
v 106.00286102294922 0.20000000298023224 51.659469604492188
v 106.35364532470703 0.20000000298023224 51.659469604492188
v 106.35364532470703 0.20000000298023224 56.363407135009766
v 105.72864532470703 0.20000000298023224 56.363407135009766
v 105.72864532470703 0.20000000298023224 63.609470367431641
v 104.67517852783203 0.20000000298023224 63.609470367431641
v 104.67864990234375 0.20000000298023224 64.789466857910156
v 102.75286102294922 0.20000000298023224 64.789466857910156
v 102.75286102294922 0.20000000298023224 64.859466552734375
v 102.72785949707031 0.20000000298023224 64.859466552734375
v 102.32785797119141 0.20000000298023224 64.859466552734375
v 102.32785797119141 0.20000000298023224 66.70947265625
v 102.32785797119141 0.20000000298023224 67.259468078613281
v 102.25286102294922 0.20000000298023224 67.259468078613281
v 102.25286102294922 0.20000000298023224 67.359466552734375
v 102.32785797119141 0.20000000298023224 67.359466552734375
v 102.32785797119141 0.20000000298023224 68.809471130371094
v 103.40286254882812 0.20000000298023224 68.809471130371094
v 103.40286254882812 0.20000000298023224 68.70947265625
v 102.42786407470703 0.20000000298023224 68.70947265625
v 102.42786407470703 0.20000000298023224 66.949470520019531
v 102.82785797119141 0.20000000298023224 66.949470520019531
v 102.82785797119141 0.20000000298023224 66.009468078613281
v 104.32785797119141 0.20000000298023224 66.009468078613281
v 104.32785797119141 0.20000000298023224 68.70947265625
v 104.25286102294922 0.20000000298023224 68.70947265625
v 104.25286102294922 0.20000000298023224 68.809471130371094
v 105.20285797119141 0.20000000298023224 68.809471130371094
v 105.20285797119141 0.20000000298023224 68.70947265625
v 104.42786407470703 0.20000000298023224 68.70947265625
v 104.42786407470703 0.20000000298023224 67.609466552734375
v 105.30286407470703 0.20000000298023224 67.609466552734375
v 105.30286407470703 0.20000000298023224 67.509468078613281
v 104.42786407470703 0.20000000298023224 67.509468078613281
v 104.42786407470703 0.20000000298023224 65.859466552734375
v 104.42786407470703 0.20000000298023224 65.059471130371094
v 106.22785949707031 0.20000000298023224 65.059471130371094
v 106.22785949707031 0.20000000298023224 67.509468078613281
v 106.15286254882812 0.20000000298023224 67.509468078613281
v 106.15286254882812 0.20000000298023224 67.609466552734375
v 106.32785797119141 0.20000000298023224 67.609466552734375
v 106.32785797119141 0.20000000298023224 65.059471130371094
v 110.22785949707031 0.20000000298023224 65.059471130371094
v 110.22785949707031 0.20000000298023224 66.70947265625
v 110.62786102294922 0.20000000298023224 66.70947265625
v 110.62786102294922 0.20000000298023224 64.859466552734375
v 110.22785949707031 0.20000000298023224 64.859466552734375
v 109.58885955810547 0.20000000298023224 64.859466552734375
v 109.58885955810547 0.20000000298023224 64.789466857910156
v 109.58885955810547 0.20000000298023224 64.786308288574219
v 112.45364379882812 0.20000000298023224 64.784469604492188
v 112.45364379882812 0.20000000298023224 74.109466552734375
v 106.82785797119141 0.20000000298023224 74.109466552734375
v 106.82785797119141 0.20000000298023224 69.83447265625
v 106.72785949707031 0.20000000298023224 69.83447265625
v 106.72785949707031 0.20000000298023224 69.909469604492188
v 103.75286102294922 0.20000000298023224 69.909469604492188
v 103.75286102294922 0.20000000298023224 70.009468078613281
v 104.42786407470703 0.20000000298023224 70.009468078613281
v 104.42786407470703 0.20000000298023224 70.609466552734375
v 104.52786254882812 0.20000000298023224 70.609466552734375
v 104.52786254882812 0.20000000298023224 70.009468078613281
v 106.72785949707031 0.20000000298023224 70.009468078613281
v 106.72785949707031 0.20000000298023224 74.109466552734375
v 102.72785949707031 0.20000000298023224 74.109466552734375
v 102.72785949707031 0.20000000298023224 70.009468078613281
v 102.80286407470703 0.20000000298023224 70.009468078613281
v 102.80286407470703 0.20000000298023224 69.909469604492188
v 102.72785949707031 0.20000000298023224 69.909469604492188
v 102.32785797119141 0.20000000298023224 69.909469604492188
v 101.60285949707031 0.20000000298023224 69.909469604492188
v 101.60285949707031 0.20000000298023224 70.009468078613281
v 101.67786407470703 0.20000000298023224 70.009468078613281
v 101.67786407470703 0.20000000298023224 71.259468078613281
v 102.32785797119141 0.20000000298023224 71.259468078613281
v 102.32785797119141 0.20000000298023224 74.109466552734375
v 101.82364654541016 0.20000000298023224 74.109466552734375
v 101.82364654541016 0.20000000298023224 74.404472351074219
v 101.48365020751953 0.20000000298023224 74.404472351074219
v 101.48365020751953 0.20000000298023224 72.634468078613281
v 99.827857971191406 0.20000000298023224 72.634468078613281
v 99.827857971191406 0.20000000298023224 70.009468078613281
v 100.65286254882812 0.20000000298023224 70.009468078613281
v 100.65286254882812 0.20000000298023224 69.909469604492188
v 99.727859497070312 0.20000000298023224 69.909469604492188
v 99.727859497070312 0.20000000298023224 72.634468078613281
v 95.527862548828125 0.20000000298023224 72.634468078613281
v 95.527862548828125 0.20000000298023224 69.309471130371094
v 95.527862548828125 0.20000000298023224 66.409469604492188
v 96.077857971191406 0.20000000298023224 66.409469604492188
v 96.077857971191406 0.20000000298023224 65.659469604492188
v 96.077857971191406 0.20000000298023224 65.309471130371094
v 95.877861022949219 0.20000000298023224 65.309471130371094
v 95.877861022949219 0.20000000298023224 65.509468078613281
v 95.255363464355469 0.20000000298023224 65.509468078613281
v 95.255363464355469 0.20000000298023224 65.70947265625
v 95.327857971191406 0.20000000298023224 65.70947265625
v 95.327857971191406 0.20000000298023224 68.309471130371094
v 95.127861022949219 0.20000000298023224 68.309471130371094
v 95.127861022949219 0.20000000298023224 69.309471130371094
v 95.127861022949219 0.20000000298023224 72.634468078613281
v 91.327857971191406 0.20000000298023224 72.634468078613281
v 91.327857971191406 0.20000000298023224 68.309471130371094
v 88.852859497070312 0.20000000298023224 68.309471130371094
v 88.852859497070312 0.20000000298023224 68.409469604492188
v 88.927864074707031 0.20000000298023224 68.409469604492188
v 88.927864074707031 0.20000000298023224 69.009468078613281
v 89.027862548828125 0.20000000298023224 69.009468078613281
v 89.027862548828125 0.20000000298023224 68.409469604492188
v 91.127861022949219 0.20000000298023224 68.409469604492188
v 91.127861022949219 0.20000000298023224 69.109466552734375
v 91.227859497070312 0.20000000298023224 69.109466552734375
v 91.227859497070312 0.20000000298023224 72.634468078613281
v 87.827857971191406 0.20000000298023224 72.634468078613281
v 87.827857971191406 0.20000000298023224 69.239471435546875
v 87.827857971191406 0.20000000298023224 68.409469604492188
v 87.902862548828125 0.20000000298023224 68.409469604492188
v 87.902862548828125 0.20000000298023224 68.309471130371094
v 87.427864074707031 0.20000000298023224 68.309471130371094
v 87.427864074707031 0.20000000298023224 68.409469604492188
v 87.727859497070312 0.20000000298023224 68.409469604492188
v 87.727859497070312 0.20000000298023224 69.239471435546875
v 87.427864074707031 0.20000000298023224 69.239471435546875
v 87.427864074707031 0.20000000298023224 72.634468078613281
v 83.977859497070312 0.20000000298023224 72.634468078613281
v 83.977859497070312 0.20000000298023224 68.409469604492188
v 84.577857971191406 0.20000000298023224 68.409469604492188
v 84.577857971191406 0.20000000298023224 68.309471130371094
v 83.977859497070312 0.20000000298023224 68.309471130371094
v 83.977859497070312 0.20000000298023224 68.234466552734375
v 83.977859497070312 0.20000000298023224 67.264472961425781
v 83.977859497070312 0.20000000298023224 67.20947265625
v 84.652862548828125 0.20000000298023224 67.20947265625
v 84.652862548828125 0.20000000298023224 67.109466552734375
v 84.077857971191406 0.20000000298023224 67.109466552734375
v 84.077857971191406 0.20000000298023224 64.609466552734375
v 85.777862548828125 0.20000000298023224 64.609466552734375
v 85.777862548828125 0.20000000298023224 67.109466552734375
v 85.502861022949219 0.20000000298023224 67.109466552734375
v 85.502861022949219 0.20000000298023224 67.20947265625
v 86.227859497070312 0.20000000298023224 67.20947265625
v 86.227859497070312 0.20000000298023224 68.309471130371094
v 85.627861022949219 0.20000000298023224 68.309471130371094
v 85.627861022949219 0.20000000298023224 68.409469604492188
v 86.477859497070312 0.20000000298023224 68.409469604492188
v 86.477859497070312 0.20000000298023224 68.309471130371094
v 86.327857971191406 0.20000000298023224 68.309471130371094
v 86.327857971191406 0.20000000298023224 67.20947265625
v 86.552864074707031 0.20000000298023224 67.20947265625
v 86.552864074707031 0.20000000298023224 67.109466552734375
v 85.877861022949219 0.20000000298023224 67.109466552734375
v 85.877861022949219 0.20000000298023224 64.609466552734375
v 87.477859497070312 0.20000000298023224 64.609466552734375
v 87.477859497070312 0.20000000298023224 67.109466552734375
v 87.402862548828125 0.20000000298023224 67.109466552734375
v 87.402862548828125 0.20000000298023224 67.20947265625
v 87.577857971191406 0.20000000298023224 67.20947265625
v 87.577857971191406 0.20000000298023224 67.109466552734375
v 87.577857971191406 0.20000000298023224 65.509468078613281
v 88.677864074707031 0.20000000298023224 65.509468078613281
v 88.677864074707031 0.20000000298023224 67.109466552734375
v 88.677864074707031 0.20000000298023224 67.20947265625
v 89.352859497070312 0.20000000298023224 67.20947265625
v 89.352859497070312 0.20000000298023224 67.109466552734375
v 88.777862548828125 0.20000000298023224 67.109466552734375
v 88.777862548828125 0.20000000298023224 65.509468078613281
v 90.277862548828125 0.20000000298023224 65.509468078613281
v 90.277862548828125 0.20000000298023224 67.109466552734375
v 90.202857971191406 0.20000000298023224 67.109466552734375
v 90.202857971191406 0.20000000298023224 67.20947265625
v 91.327857971191406 0.20000000298023224 67.20947265625
v 91.327857971191406 0.20000000298023224 67.109466552734375
v 90.377861022949219 0.20000000298023224 67.109466552734375
v 90.377861022949219 0.20000000298023224 64.609466552734375
v 93.877861022949219 0.20000000298023224 64.609466552734375
v 93.877861022949219 0.20000000298023224 65.70947265625
v 94.155357360839844 0.20000000298023224 65.70947265625
v 94.155357360839844 0.20000000298023224 65.509468078613281
v 94.077857971191406 0.20000000298023224 65.509468078613281
v 94.077857971191406 0.20000000298023224 64.609466552734375
v 94.077857971191406 0.20000000298023224 64.20947265625
v 94.077857971191406 0.20000000298023224 61.309467315673828
v 93.577857971191406 0.20000000298023224 61.309467315673828
v 93.552864074707031 0.20000000298023224 61.309467315673828
v 93.552864074707031 0.20000000298023224 61.509468078613281
v 93.577857971191406 0.20000000298023224 61.509468078613281
v 93.577857971191406 0.20000000298023224 62.209468841552734
v 92.677864074707031 0.20000000298023224 62.209468841552734
v 92.677864074707031 0.20000000298023224 61.509468078613281
v 92.702857971191406 0.20000000298023224 61.509468078613281
v 92.702857971191406 0.20000000298023224 61.309467315673828
v 92.132858276367188 0.20000000298023224 61.309467315673828
v 92.132858276367188 0.20000000298023224 61.509468078613281
v 92.327857971191406 0.20000000298023224 61.509468078613281
v 92.327857971191406 0.20000000298023224 62.559467315673828
v 93.577857971191406 0.20000000298023224 62.559467315673828
v 93.577857971191406 0.20000000298023224 64.20947265625
v 91.427864074707031 0.20000000298023224 64.20947265625
v 91.427864074707031 0.20000000298023224 63.759468078613281
v 89.777862548828125 0.20000000298023224 63.759468078613281
v 89.777862548828125 0.20000000298023224 61.509468078613281
v 91.032859802246094 0.20000000298023224 61.509468078613281
v 91.032859802246094 0.20000000298023224 61.309467315673828
v 89.977859497070312 0.20000000298023224 61.309467315673828
v 89.977859497070312 0.20000000298023224 61.009468078613281
v 89.777862548828125 0.20000000298023224 61.009468078613281
v 89.777862548828125 0.20000000298023224 61.309467315673828
v 89.477859497070312 0.20000000298023224 61.309467315673828
v 89.477859497070312 0.20000000298023224 61.409469604492188
v 88.777862548828125 0.20000000298023224 61.409469604492188
v 88.777862548828125 0.20000000298023224 61.607471466064453
v 87.377861022949219 0.20000000298023224 61.607471466064453
v 87.377861022949219 0.20000000298023224 61.409469604492188
v 85.777862548828125 0.20000000298023224 61.409469604492188
v 85.777862548828125 0.20000000298023224 61.607471466064453
v 84.377861022949219 0.20000000298023224 61.607471466064453
v 84.377861022949219 0.20000000298023224 61.409469604492188
v 82.777862548828125 0.20000000298023224 61.409469604492188
v 82.777862548828125 0.20000000298023224 61.607471466064453
v 81.377861022949219 0.20000000298023224 61.607471466064453
v 81.377861022949219 0.20000000298023224 61.409469604492188
v 80.677864074707031 0.20000000298023224 61.409469604492188
v 80.677864074707031 0.20000000298023224 61.309467315673828
v 80.377861022949219 0.20000000298023224 61.309467315673828
v 80.377861022949219 0.20000000298023224 61.158817291259766
v 80.177864074707031 0.20000000298023224 61.158817291259766
v 80.177864074707031 0.20000000298023224 61.309467315673828
v 80.177864074707031 0.20000000298023224 62.009468078613281
v 79.877853393554688 0.20000000298023224 62.009468078613281
v 79.877853393554688 0.20000000298023224 62.209468841552734
v 79.977859497070312 0.20000000298023224 62.209468841552734
v 79.977859497070312 0.20000000298023224 64.609466552734375
v 79.977859497070312 0.20000000298023224 65.309471130371094
v 80.077857971191406 0.20000000298023224 65.309471130371094
v 80.077857971191406 0.20000000298023224 64.609466552734375
v 80.177864074707031 0.20000000298023224 64.609466552734375
v 82.967857360839844 0.20000000298023224 64.609466552734375
v 82.967857360839844 0.20000000298023224 65.059471130371094
v 83.577857971191406 0.20000000298023224 65.059471130371094
v 83.577857971191406 0.20000000298023224 72.634468078613281
v 79.777862548828125 0.20000000298023224 72.634468078613281
v 79.777862548828125 0.20000000298023224 67.409469604492188
v 77.302864074707031 0.20000000298023224 67.409469604492188
v 77.302864074707031 0.20000000298023224 67.509468078613281
v 77.377861022949219 0.20000000298023224 67.509468078613281
v 77.377861022949219 0.20000000298023224 68.109466552734375
v 77.477859497070312 0.20000000298023224 68.109466552734375
v 77.477859497070312 0.20000000298023224 67.509468078613281
v 79.677864074707031 0.20000000298023224 67.509468078613281
v 79.677864074707031 0.20000000298023224 72.634468078613281
v 76.277862548828125 0.20000000298023224 72.634468078613281
v 76.277862548828125 0.20000000298023224 69.239471435546875
v 76.277862548828125 0.20000000298023224 67.509468078613281
v 76.352859497070312 0.20000000298023224 67.509468078613281
v 76.352859497070312 0.20000000298023224 67.409469604492188
v 75.927864074707031 0.20000000298023224 67.409469604492188
v 75.927864074707031 0.20000000298023224 67.509468078613281
v 76.177864074707031 0.20000000298023224 67.509468078613281
v 76.177864074707031 0.20000000298023224 68.70947265625
v 75.877861022949219 0.20000000298023224 68.70947265625
v 75.877861022949219 0.20000000298023224 69.239471435546875
v 75.877861022949219 0.20000000298023224 72.634468078613281
v 72.327857971191406 0.20000000298023224 72.634468078613281
v 72.327857971191406 0.20000000298023224 68.70947265625
v 73.027862548828125 0.20000000298023224 68.70947265625
v 73.027862548828125 0.20000000298023224 68.609466552734375
v 72.370803833007812 0.20000000298023224 68.609466552734375
v 72.362800598144531 0.20000000298023224 68.609466552734375
v 72.327857971191406 0.20000000298023224 68.609466552734375
v 72.327857971191406 0.20000000298023224 67.509468078613281
v 73.102859497070312 0.20000000298023224 67.509468078613281
v 73.102859497070312 0.20000000298023224 67.409469604492188
v 72.327857971191406 0.20000000298023224 67.409469604492188
v 72.327857971191406 0.20000000298023224 64.609481811523438
v 72.127861022949219 0.20000000298023224 64.609481811523438
v 72.127861022949219 0.20000000298023224 67.109466552734375
v 71.352859497070312 0.20000000298023224 67.109466552734375
v 71.352859497070312 0.20000000298023224 67.20947265625
v 72.127861022949219 0.20000000298023224 67.20947265625
v 72.127861022949219 0.20000000298023224 68.309471130371094
v 71.527862548828125 0.20000000298023224 68.309471130371094
v 71.527862548828125 0.20000000298023224 68.409469604492188
v 72.127861022949219 0.20000000298023224 68.409469604492188
v 72.127861022949219 0.20000000298023224 72.634468078613281
v 68.577857971191406 0.20000000298023224 72.634468078613281
v 68.577857971191406 0.20000000298023224 69.239471435546875
v 68.277862548828125 0.20000000298023224 69.239471435546875
v 68.277862548828125 0.20000000298023224 68.409469604492188
v 68.577857971191406 0.20000000298023224 68.409469604492188
v 68.577857971191406 0.20000000298023224 68.309471130371094
v 68.102859497070312 0.20000000298023224 68.309471130371094
v 68.102859497070312 0.20000000298023224 68.409469604492188
v 68.177864074707031 0.20000000298023224 68.409469604492188
v 68.177864074707031 0.20000000298023224 69.239471435546875
v 68.177864074707031 0.20000000298023224 72.634468078613281
v 64.777862548828125 0.20000000298023224 72.634468078613281
v 64.777862548828125 0.20000000298023224 69.109466552734375
v 64.877861022949219 0.20000000298023224 69.109466552734375
v 64.877861022949219 0.20000000298023224 68.409469604492188
v 66.977859497070312 0.20000000298023224 68.409469604492188
v 66.977859497070312 0.20000000298023224 69.009468078613281
v 67.077857971191406 0.20000000298023224 69.009468078613281
v 67.077857971191406 0.20000000298023224 68.409469604492188
v 67.152862548828125 0.20000000298023224 68.409469604492188
v 67.152862548828125 0.20000000298023224 68.309471130371094
v 64.677864074707031 0.20000000298023224 68.309471130371094
v 64.677864074707031 0.20000000298023224 72.634468078613281
v 61.523647308349609 0.20000000298023224 72.634468078613281
v 61.523647308349609 0.20000000298023224 78.859466552734375
v 59.527858734130859 0.20000000298023224 78.859466552734375
v 59.527858734130859 0.20000000298023224 78.559471130371094
v 59.527858734130859 0.20000000298023224 77.92047119140625
v 59.597862243652344 0.20000000298023224 77.92047119140625
v 59.802860260009766 0.20000000298023224 77.92047119140625
v 59.802860260009766 0.20000000298023224 77.850471496582031
v 59.597862243652344 0.20000000298023224 77.850471496582031
v 59.597862243652344 0.20000000298023224 71.809471130371094
v 59.527858734130859 0.20000000298023224 71.809471130371094
v 59.527858734130859 0.20000000298023224 71.059471130371094
v 59.527858734130859 0.20000000298023224 70.659469604492188
v 57.677860260009766 0.20000000298023224 70.659469604492188
v 57.677860260009766 0.20000000298023224 70.659088134765625
v 57.327445983886719 0.20000000298023224 70.659088134765625
v 57.327445983886719 0.20000000298023224 70.584091186523438
v 57.227443695068359 0.20000000298023224 70.584091186523438
v 57.227443695068359 0.20000000298023224 70.659088134765625
v 55.577445983886719 0.20000000298023224 70.659088134765625
v 55.577445983886719 0.20000000298023224 71.734466552734375
v 55.677444458007812 0.20000000298023224 71.734466552734375
v 55.677444458007812 0.20000000298023224 70.75909423828125
v 57.487861633300781 0.20000000298023224 70.75909423828125
v 57.487861633300781 0.20000000298023224 71.159469604492188
v 58.427860260009766 0.20000000298023224 71.159469604492188
v 58.427860260009766 0.20000000298023224 72.659492492675781
v 55.677444458007812 0.20000000298023224 72.659492492675781
v 55.677444458007812 0.20000000298023224 72.58447265625
v 55.577445983886719 0.20000000298023224 72.58447265625
v 55.577445983886719 0.20000000298023224 73.534088134765625
v 55.677444458007812 0.20000000298023224 73.534088134765625
v 55.677444458007812 0.20000000298023224 72.759490966796875
v 56.777858734130859 0.20000000298023224 72.759490966796875
v 56.777858734130859 0.20000000298023224 73.734489440917969
v 56.877861022949219 0.20000000298023224 73.734489440917969
v 56.877861022949219 0.20000000298023224 72.859489440917969
v 59.327861785888672 0.20000000298023224 72.859489440917969
v 59.327861785888672 0.20000000298023224 74.659492492675781
v 56.877861022949219 0.20000000298023224 74.659492492675781
v 56.877861022949219 0.20000000298023224 74.584495544433594
v 56.777858734130859 0.20000000298023224 74.584495544433594
v 56.777858734130859 0.20000000298023224 74.759490966796875
v 59.327861785888672 0.20000000298023224 74.759490966796875
v 59.327861785888672 0.20000000298023224 78.559471130371094
v 57.677860260009766 0.20000000298023224 78.559471130371094
v 57.677860260009766 0.20000000298023224 78.859466552734375
v 55.077861785888672 0.20000000298023224 78.859466552734375
v 55.077861785888672 0.20000000298023224 78.559471130371094
v 55.077445983886719 0.20000000298023224 78.559471130371094
v 55.077445983886719 0.20000000298023224 76.359466552734375
v 55.677444458007812 0.20000000298023224 76.359466552734375
v 55.677444458007812 0.20000000298023224 74.484092712402344
v 55.577445983886719 0.20000000298023224 74.484092712402344
v 55.577445983886719 0.20000000298023224 75.059471130371094
v 55.502445220947266 0.20000000298023224 75.059471130371094
v 55.502445220947266 0.20000000298023224 75.159469604492188
v 55.577445983886719 0.20000000298023224 75.159469604492188
v 55.577445983886719 0.20000000298023224 76.259468078613281
v 54.377445220947266 0.20000000298023224 76.259468078613281
v 54.377445220947266 0.20000000298023224 76.359466552734375
v 54.977443695068359 0.20000000298023224 76.359466552734375
v 54.977443695068359 0.20000000298023224 78.559471130371094
v 52.827861785888672 0.20000000298023224 78.559471130371094
v 52.827861785888672 0.20000000298023224 78.859466552734375
v 50.202861785888672 0.20000000298023224 78.859466552734375
v 50.202861785888672 0.20000000298023224 68.159088134765625
v 51.978229522705078 0.20000000298023224 68.159088134765625
v 53.127861022949219 0.20000000298023224 68.159088134765625
v 53.127861022949219 0.20000000298023224 68.859092712402344
v 54.377861022949219 0.20000000298023224 68.859092712402344
v 54.377861022949219 0.20000000298023224 68.934089660644531
v 54.477859497070312 0.20000000298023224 68.934089660644531
v 54.477859497070312 0.20000000298023224 68.709091186523438
v 54.477859497070312 0.20000000298023224 68.059089660644531
v 53.127861022949219 0.20000000298023224 68.059089660644531
v 51.978229522705078 0.20000000298023224 68.059089660644531
v 51.978229522705078 0.20000000298023224 67.889846801757812
v 53.403228759765625 0.20000000298023224 67.889846801757812
v 53.403606414794922 0.20000000298023224 63.959468841552734
v 55.602859497070312 0.20000000298023224 63.959468841552734
v 55.602859497070312 0.20000000298023224 63.759468078613281
v 58.127861022949219 0.20000000298023224 63.759468078613281
v 58.127861022949219 0.20000000298023224 63.959091186523438
v 59.927860260009766 0.20000000298023224 63.959091186523438
v 59.927860260009766 0.20000000298023224 64.184089660644531
v 60.127861022949219 0.20000000298023224 64.184089660644531
v 60.127861022949219 0.20000000298023224 59.959468841552734
v 59.927860260009766 0.20000000298023224 59.959468841552734
v 59.927860260009766 0.20000000298023224 60.059467315673828
v 59.852859497070312 0.20000000298023224 60.059467315673828
v 59.852859497070312 0.20000000298023224 60.159469604492188
v 59.927860260009766 0.20000000298023224 60.159469604492188
v 59.927860260009766 0.20000000298023224 61.659469604492188
v 58.227859497070312 0.20000000298023224 61.659469604492188
v 58.227859497070312 0.20000000298023224 60.409469604492188
v 58.927860260009766 0.20000000298023224 60.409469604492188
v 58.927860260009766 0.20000000298023224 60.159469604492188
v 59.002861022949219 0.20000000298023224 60.159469604492188
v 59.002861022949219 0.20000000298023224 60.059467315673828
v 58.052577972412109 0.20000000298023224 60.059467315673828
v 58.052577972412109 0.20000000298023224 60.159469604492188
v 58.127861022949219 0.20000000298023224 60.159469604492188
v 58.127861022949219 0.20000000298023224 61.009845733642578
v 56.877861022949219 0.20000000298023224 61.009845733642578
v 56.877861022949219 0.20000000298023224 60.159469604492188
v 56.95257568359375 0.20000000298023224 60.159469604492188
v 56.95257568359375 0.20000000298023224 60.059467315673828
v 56.697860717773438 0.20000000298023224 60.059467315673828
v 56.697860717773438 0.20000000298023224 60.159469604492188
v 56.777858734130859 0.20000000298023224 60.159469604492188
v 56.777858734130859 0.20000000298023224 61.259468078613281
v 55.577861785888672 0.20000000298023224 61.259468078613281
v 55.577861785888672 0.20000000298023224 62.009468078613281
v 55.677860260009766 0.20000000298023224 62.009468078613281
v 55.677860260009766 0.20000000298023224 61.359470367431641
v 56.777858734130859 0.20000000298023224 61.359470367431641
v 56.777858734130859 0.20000000298023224 62.034469604492188
v 56.877861022949219 0.20000000298023224 62.034469604492188
v 56.877861022949219 0.20000000298023224 61.759468078613281
v 59.277858734130859 0.20000000298023224 61.759468078613281
v 59.277858734130859 0.20000000298023224 63.559467315673828
v 58.277858734130859 0.20000000298023224 63.559467315673828
v 56.877861022949219 0.20000000298023224 63.559467315673828
v 56.877861022949219 0.20000000298023224 62.884468078613281
v 56.777858734130859 0.20000000298023224 62.884468078613281
v 56.777858734130859 0.20000000298023224 63.559467315673828
v 55.677860260009766 0.20000000298023224 63.559467315673828
v 55.677860260009766 0.20000000298023224 62.859470367431641
v 55.577861785888672 0.20000000298023224 62.859470367431641
v 55.577861785888672 0.20000000298023224 63.559467315673828
v 53.403644561767578 0.20000000298023224 63.559467315673828
v 52.027442932128906 0.20000000298023224 63.559467315673828
v 52.027442932128906 0.20000000298023224 56.309467315673828
v 53.678646087646484 0.20000000298023224 56.309467315673828
v 55.602859497070312 0.20000000298023224 56.309467315673828
v 55.602859497070312 0.20000000298023224 56.109470367431641
v 59.927860260009766 0.20000000298023224 56.109470367431641
v 59.927860260009766 0.20000000298023224 58.559467315673828
v 59.227859497070312 0.20000000298023224 58.559467315673828
v 59.227859497070312 0.20000000298023224 58.759468078613281
v 59.927860260009766 0.20000000298023224 58.759468078613281
v 59.927860260009766 0.20000000298023224 58.859470367431641
v 60.127861022949219 0.20000000298023224 58.859470367431641
v 60.127861022949219 0.20000000298023224 55.609470367431641
v 59.927860260009766 0.20000000298023224 55.609470367431641
v 59.927860260009766 0.20000000298023224 55.759468078613281
v 58.727859497070312 0.20000000298023224 55.759468078613281
v 58.727859497070312 0.20000000298023224 54.434467315673828
v 58.627861022949219 0.20000000298023224 54.434467315673828
v 58.627861022949219 0.20000000298023224 55.309467315673828
v 57.227859497070312 0.20000000298023224 55.309467315673828
v 57.227859497070312 0.20000000298023224 53.509468078613281
v 58.627861022949219 0.20000000298023224 53.509468078613281
v 58.627861022949219 0.20000000298023224 53.584468841552734
v 58.727859497070312 0.20000000298023224 53.584468841552734
v 58.727859497070312 0.20000000298023224 53.409469604492188
v 56.277858734130859 0.20000000298023224 53.409469604492188
v 56.277858734130859 0.20000000298023224 51.009468078613281
v 54.877861022949219 0.20000000298023224 51.009468078613281
v 54.877861022949219 0.20000000298023224 51.234470367431641
v 54.977859497070312 0.20000000298023224 51.234470367431641
v 54.977859497070312 0.20000000298023224 51.109470367431641
v 56.177860260009766 0.20000000298023224 51.109470367431641
v 56.177860260009766 0.20000000298023224 52.459468841552734
v 54.977859497070312 0.20000000298023224 52.459468841552734
v 54.977859497070312 0.20000000298023224 52.334468841552734
v 54.877861022949219 0.20000000298023224 52.334468841552734
v 54.877861022949219 0.20000000298023224 52.459468841552734
v 54.702861785888672 0.20000000298023224 52.459468841552734
v 54.702861785888672 0.20000000298023224 52.559467315673828
v 55.377861022949219 0.20000000298023224 52.559467315673828
v 55.377861022949219 0.20000000298023224 53.509468078613281
v 55.777858734130859 0.20000000298023224 53.509468078613281
v 55.777858734130859 0.20000000298023224 53.584468841552734
v 55.877861022949219 0.20000000298023224 53.584468841552734
v 55.877861022949219 0.20000000298023224 53.509468078613281
v 57.077861785888672 0.20000000298023224 53.509468078613281
v 57.077861785888672 0.20000000298023224 55.909469604492188
v 55.877861022949219 0.20000000298023224 55.909469604492188
v 55.877861022949219 0.20000000298023224 54.434467315673828
v 55.777858734130859 0.20000000298023224 54.434467315673828
v 55.777858734130859 0.20000000298023224 55.909469604492188
v 55.602859497070312 0.20000000298023224 55.909469604492188
v 53.678646087646484 0.20000000298023224 55.909469604492188
v 53.678646087646484 0.20000000298023224 54.821880340576172
v 53.677860260009766 0.20000000298023224 54.821880340576172
v 53.677860260009766 0.20000000298023224 53.109470367431641
v 53.677860260009766 0.20000000298023224 52.559467315673828
v 53.752861022949219 0.20000000298023224 52.559467315673828
v 53.752861022949219 0.20000000298023224 52.459468841552734
v 53.677860260009766 0.20000000298023224 52.459468841552734
v 53.677860260009766 0.20000000298023224 51.009468078613281
v 52.602859497070312 0.20000000298023224 51.009468078613281
v 52.602859497070312 0.20000000298023224 51.109470367431641
v 53.577861785888672 0.20000000298023224 51.109470367431641
v 53.577861785888672 0.20000000298023224 52.869468688964844
v 53.177860260009766 0.20000000298023224 52.869468688964844
v 53.177860260009766 0.20000000298023224 53.809467315673828
v 51.677860260009766 0.20000000298023224 53.809467315673828
v 51.677860260009766 0.20000000298023224 51.109470367431641
v 51.752861022949219 0.20000000298023224 51.109470367431641
v 51.752861022949219 0.20000000298023224 51.009468078613281
v 50.802860260009766 0.20000000298023224 51.009468078613281
v 50.802860260009766 0.20000000298023224 51.109470367431641
v 51.577861785888672 0.20000000298023224 51.109470367431641
v 51.577861785888672 0.20000000298023224 52.209468841552734
v 50.702861785888672 0.20000000298023224 52.209468841552734
v 50.702861785888672 0.20000000298023224 52.309467315673828
v 51.577861785888672 0.20000000298023224 52.309467315673828
v 51.577861785888672 0.20000000298023224 54.759468078613281
v 49.777858734130859 0.20000000298023224 54.759468078613281
v 49.777858734130859 0.20000000298023224 52.309467315673828
v 49.852859497070312 0.20000000298023224 52.309467315673828
v 49.852859497070312 0.20000000298023224 52.209468841552734
v 49.677860260009766 0.20000000298023224 52.209468841552734
v 49.677860260009766 0.20000000298023224 54.759468078613281
v 45.777858734130859 0.20000000298023224 54.759468078613281
v 45.777858734130859 0.20000000298023224 53.109470367431641
v 45.777858734130859 0.20000000298023224 50.509468078613281
v 47.977859497070312 0.20000000298023224 50.509468078613281
v 47.977859497070312 0.20000000298023224 51.109470367431641
v 49.852859497070312 0.20000000298023224 51.109470367431641
v 49.852859497070312 0.20000000298023224 51.009468078613281
v 49.277858734130859 0.20000000298023224 51.009468078613281
v 49.277858734130859 0.20000000298023224 50.934467315673828
v 49.177860260009766 0.20000000298023224 50.934467315673828
v 49.177860260009766 0.20000000298023224 51.009468078613281
v 48.077861785888672 0.20000000298023224 51.009468078613281
v 48.077861785888672 0.20000000298023224 49.809467315673828
v 47.977859497070312 0.20000000298023224 49.809467315673828
v 47.977859497070312 0.20000000298023224 50.409469604492188
v 45.777858734130859 0.20000000298023224 50.409469604492188
v 45.777858734130859 0.20000000298023224 48.259468078613281
v 45.777858734130859 0.20000000298023224 45.709468841552734
v 49.177860260009766 0.20000000298023224 45.709468841552734
v 49.177860260009766 0.20000000298023224 49.984470367431641
v 49.277858734130859 0.20000000298023224 49.984470367431641
v 49.277858734130859 0.20000000298023224 49.909469604492188
v 52.252861022949219 0.20000000298023224 49.909469604492188
v 52.252861022949219 0.20000000298023224 49.809467315673828
v 51.577861785888672 0.20000000298023224 49.809467315673828
v 51.577861785888672 0.20000000298023224 49.209468841552734
v 51.477859497070312 0.20000000298023224 49.209468841552734
v 51.477859497070312 0.20000000298023224 49.809467315673828
v 49.277858734130859 0.20000000298023224 49.809467315673828
v 49.277858734130859 0.20000000298023224 45.709468841552734
v 53.277858734130859 0.20000000298023224 45.709468841552734
v 53.277858734130859 0.20000000298023224 49.809467315673828
v 53.202861785888672 0.20000000298023224 49.809467315673828
v 53.202861785888672 0.20000000298023224 49.909469604492188
v 53.277858734130859 0.20000000298023224 49.909469604492188
v 53.677860260009766 0.20000000298023224 49.909469604492188
v 54.177860260009766 0.20000000298023224 49.909469604492188
v 54.402858734130859 0.20000000298023224 49.909469604492188
v 54.402858734130859 0.20000000298023224 49.809467315673828
v 54.327861785888672 0.20000000298023224 49.809467315673828
v 54.327861785888672 0.20000000298023224 48.559467315673828
v 53.677860260009766 0.20000000298023224 48.559467315673828
v 53.677860260009766 0.20000000298023224 45.709468841552734
v 56.177860260009766 0.20000000298023224 45.709468841552734
v 56.177860260009766 0.20000000298023224 49.809467315673828
v 55.352859497070312 0.20000000298023224 49.809467315673828
v 55.352859497070312 0.20000000298023224 49.909469604492188
v 56.277858734130859 0.20000000298023224 49.909469604492188
v 56.277858734130859 0.20000000298023224 47.009468078613281
v 56.377861022949219 0.20000000298023224 47.009468078613281
v 56.447860717773438 0.20000000298023224 47.009468078613281
v 56.447860717773438 0.20000000298023224 45.709468841552734
v 58.103645324707031 0.20000000298023224 45.709468841552734
v 58.103645324707031 0.20000000298023224 45.484470367431641
v 58.303646087646484 0.20000000298023224 45.484470367431641
v 58.303646087646484 0.20000000298023224 46.844257354736328
v 58.303646087646484 0.20000000298023224 47.179470062255859
v 60.477859497070312 0.20000000298023224 47.179470062255859
v 60.477859497070312 0.20000000298023224 50.509468078613281
v 60.477859497070312 0.20000000298023224 51.359470367431641
v 60.477859497070312 0.20000000298023224 53.409469604492188
v 59.927860260009766 0.20000000298023224 53.409469604492188
v 59.927860260009766 0.20000000298023224 54.159091949462891
v 59.927860260009766 0.20000000298023224 54.509468078613281
v 60.127861022949219 0.20000000298023224 54.509468078613281
v 60.127861022949219 0.20000000298023224 54.309093475341797
v 60.477859497070312 0.20000000298023224 54.309093475341797
v 60.477859497070312 0.20000000298023224 54.309467315673828
v 60.752861022949219 0.20000000298023224 54.309467315673828
v 60.752861022949219 0.20000000298023224 54.109470367431641
v 60.677860260009766 0.20000000298023224 54.109470367431641
v 60.677860260009766 0.20000000298023224 51.509468078613281
v 60.877861022949219 0.20000000298023224 51.509468078613281
v 60.877861022949219 0.20000000298023224 50.509468078613281
v 60.877861022949219 0.20000000298023224 47.179470062255859
v 64.677864074707031 0.20000000298023224 47.179470062255859
v 64.677864074707031 0.20000000298023224 51.509468078613281
v 67.152862548828125 0.20000000298023224 51.509468078613281
v 67.152862548828125 0.20000000298023224 51.409469604492188
v 67.077857971191406 0.20000000298023224 51.409469604492188
v 67.077857971191406 0.20000000298023224 50.809467315673828
v 66.977859497070312 0.20000000298023224 50.809467315673828
v 66.977859497070312 0.20000000298023224 51.409469604492188
v 64.877861022949219 0.20000000298023224 51.409469604492188
v 64.877861022949219 0.20000000298023224 50.709468841552734
v 64.777862548828125 0.20000000298023224 50.709468841552734
v 64.777862548828125 0.20000000298023224 47.179470062255859
v 68.177864074707031 0.20000000298023224 47.179470062255859
v 68.177864074707031 0.20000000298023224 50.5794677734375
v 68.177864074707031 0.20000000298023224 51.409469604492188
v 68.102859497070312 0.20000000298023224 51.409469604492188
v 68.102859497070312 0.20000000298023224 51.509468078613281
v 68.577857971191406 0.20000000298023224 51.509468078613281
v 68.577857971191406 0.20000000298023224 51.409469604492188
v 68.277862548828125 0.20000000298023224 51.409469604492188
v 68.277862548828125 0.20000000298023224 50.5794677734375
v 68.577857971191406 0.20000000298023224 50.5794677734375
v 68.577857971191406 0.20000000298023224 47.179470062255859
v 72.127861022949219 0.20000000298023224 47.179470062255859
v 72.127861022949219 0.20000000298023224 51.409469604492188
v 71.527862548828125 0.20000000298023224 51.409469604492188
v 71.527862548828125 0.20000000298023224 51.509468078613281
v 72.127861022949219 0.20000000298023224 51.509468078613281
v 72.127861022949219 0.20000000298023224 52.609470367431641
v 71.352859497070312 0.20000000298023224 52.609470367431641
v 71.352859497070312 0.20000000298023224 52.709468841552734
v 72.127861022949219 0.20000000298023224 52.709468841552734
v 72.127861022949219 0.20000000298023224 55.209468841552734
v 70.227859497070312 0.20000000298023224 55.209468841552734
v 70.227859497070312 0.20000000298023224 52.709468841552734
v 70.502861022949219 0.20000000298023224 52.709468841552734
v 70.502861022949219 0.20000000298023224 52.609470367431641
v 69.777862548828125 0.20000000298023224 52.609470367431641
v 69.777862548828125 0.20000000298023224 51.509468078613281
v 70.377861022949219 0.20000000298023224 51.509468078613281
v 70.377861022949219 0.20000000298023224 51.409469604492188
v 69.527862548828125 0.20000000298023224 51.409469604492188
v 69.527862548828125 0.20000000298023224 51.509468078613281
v 69.677864074707031 0.20000000298023224 51.509468078613281
v 69.677864074707031 0.20000000298023224 52.609470367431641
v 69.452857971191406 0.20000000298023224 52.609470367431641
v 69.452857971191406 0.20000000298023224 52.709468841552734
v 69.777862548828125 0.20000000298023224 52.709468841552734
v 70.127861022949219 0.20000000298023224 52.709468841552734
v 70.127861022949219 0.20000000298023224 55.209468841552734
v 68.527862548828125 0.20000000298023224 55.209468841552734
v 68.527862548828125 0.20000000298023224 52.709468841552734
v 68.602859497070312 0.20000000298023224 52.709468841552734
v 68.602859497070312 0.20000000298023224 52.609470367431641
v 68.427864074707031 0.20000000298023224 52.609470367431641
v 68.427864074707031 0.20000000298023224 54.309467315673828
v 67.327857971191406 0.20000000298023224 54.309467315673828
v 67.327857971191406 0.20000000298023224 52.709468841552734
v 67.327857971191406 0.20000000298023224 52.609470367431641
v 66.652862548828125 0.20000000298023224 52.609470367431641
v 66.652862548828125 0.20000000298023224 52.709468841552734
v 67.227859497070312 0.20000000298023224 52.709468841552734
v 67.227859497070312 0.20000000298023224 54.309467315673828
v 65.727859497070312 0.20000000298023224 54.309467315673828
v 65.727859497070312 0.20000000298023224 52.709468841552734
v 65.802864074707031 0.20000000298023224 52.709468841552734
v 65.802864074707031 0.20000000298023224 52.609470367431641
v 64.677864074707031 0.20000000298023224 52.609470367431641
v 64.677864074707031 0.20000000298023224 52.709468841552734
v 65.627861022949219 0.20000000298023224 52.709468841552734
v 65.627861022949219 0.20000000298023224 55.209468841552734
v 62.127861022949219 0.20000000298023224 55.209468841552734
v 62.127861022949219 0.20000000298023224 54.109470367431641
v 61.852859497070312 0.20000000298023224 54.109470367431641
v 61.852859497070312 0.20000000298023224 54.309467315673828
v 61.927860260009766 0.20000000298023224 54.309467315673828
v 61.927860260009766 0.20000000298023224 55.209468841552734
v 61.927860260009766 0.20000000298023224 55.609470367431641
v 61.927860260009766 0.20000000298023224 59.209468841552734
v 61.927860260009766 0.20000000298023224 59.509468078613281
v 62.127861022949219 0.20000000298023224 59.509468078613281
v 62.127861022949219 0.20000000298023224 59.209468841552734
v 62.427860260009766 0.20000000298023224 59.209468841552734
v 62.427860260009766 0.20000000298023224 59.109470367431641
v 62.527858734130859 0.20000000298023224 59.109470367431641
v 62.527858734130859 0.20000000298023224 58.809467315673828
v 62.427860260009766 0.20000000298023224 58.809467315673828
v 62.427860260009766 0.20000000298023224 55.609470367431641
v 63.652858734130859 0.20000000298023224 55.609470367431641
v 68.627861022949219 0.20000000298023224 55.609470367431641
v 68.627861022949219 0.20000000298023224 58.809467315673828
v 63.677860260009766 0.20000000298023224 58.809467315673828
v 63.627861022949219 0.20000000298023224 58.809467315673828
v 63.627861022949219 0.20000000298023224 59.109470367431641
v 63.727859497070312 0.20000000298023224 59.109470367431641
v 68.627861022949219 0.20000000298023224 59.109470367431641
v 68.927864074707031 0.20000000298023224 59.109470367431641
v 68.952857971191406 0.20000000298023224 59.109470367431641
v 68.952857971191406 0.20000000298023224 58.909469604492188
v 68.927864074707031 0.20000000298023224 58.909469604492188
v 68.927864074707031 0.20000000298023224 58.209468841552734
v 69.827857971191406 0.20000000298023224 58.209468841552734
v 69.827857971191406 0.20000000298023224 58.909469604492188
v 69.802864074707031 0.20000000298023224 58.909469604492188
v 69.802864074707031 0.20000000298023224 59.109470367431641
v 70.227859497070312 0.20000000298023224 59.109470367431641
v 70.227859497070312 0.20000000298023224 58.909469604492188
v 70.027862548828125 0.20000000298023224 58.909469604492188
v 70.027862548828125 0.20000000298023224 58.009468078613281
v 68.927864074707031 0.20000000298023224 58.009468078613281
v 68.927864074707031 0.20000000298023224 55.609470367431641
v 71.027862548828125 0.20000000298023224 55.609470367431641
v 71.027862548828125 0.20000000298023224 58.909469604492188
v 70.827857971191406 0.20000000298023224 58.909469604492188
v 70.827857971191406 0.20000000298023224 59.109470367431641
v 74.327857971191406 0.20000000298023224 59.109470367431641
v 74.327857971191406 0.20000000298023224 59.509468078613281
v 74.527862548828125 0.20000000298023224 59.509468078613281
v 74.527862548828125 0.20000000298023224 59.209468841552734
v 74.722862243652344 0.20000000298023224 59.209468841552734
v 74.722862243652344 0.20000000298023224 59.009468078613281
v 74.527862548828125 0.20000000298023224 59.009468078613281
v 74.527862548828125 0.20000000298023224 58.109470367431641
v 74.3028564453125 0.20000000298023224 58.109470367431641
v 72.8028564453125 0.20000000298023224 58.109470367431641
v 72.627853393554688 0.20000000298023224 58.109470367431641
v 72.627853393554688 0.20000000298023224 58.909469604492188
v 71.227859497070312 0.20000000298023224 58.909469604492188
v 71.227859497070312 0.20000000298023224 55.609470367431641
v 75.977859497070312 0.20000000298023224 55.609470367431641
v 75.977859497070312 0.20000000298023224 59.009468078613281
v 75.822860717773438 0.20000000298023224 59.009468078613281
v 75.822860717773438 0.20000000298023224 59.209468841552734
v 75.977859497070312 0.20000000298023224 59.209468841552734
v 76.477859497070312 0.20000000298023224 59.209468841552734
v 76.5528564453125 0.20000000298023224 59.209468841552734
v 76.5528564453125 0.20000000298023224 59.009468078613281
v 76.477859497070312 0.20000000298023224 59.009468078613281
v 76.477859497070312 0.20000000298023224 55.409469604492188
v 78.477851867675781 0.20000000298023224 55.409469604492188
v 78.477851867675781 0.20000000298023224 56.509468078613281
v 78.174102783203125 0.20000000298023224 56.509468078613281
v 78.174102783203125 0.20000000298023224 56.709468841552734
v 78.477851867675781 0.20000000298023224 56.709468841552734
v 78.477851867675781 0.20000000298023224 57.085613250732422
v 78.477851867675781 0.20000000298023224 57.859470367431641
v 77.627853393554688 0.20000000298023224 57.859470367431641
v 77.627853393554688 0.20000000298023224 59.009468078613281
v 77.502853393554688 0.20000000298023224 59.009468078613281
v 77.502853393554688 0.20000000298023224 59.209468841552734
v 78.6778564453125 0.20000000298023224 59.209468841552734
v 78.6778564453125 0.20000000298023224 57.909469604492188
v 78.777854919433594 0.20000000298023224 57.909469604492188
v 78.777854919433594 0.20000000298023224 57.709468841552734
v 78.6778564453125 0.20000000298023224 57.709468841552734
v 78.6778564453125 0.20000000298023224 53.509468078613281
v 78.502853393554688 0.20000000298023224 53.509468078613281
v 78.502853393554688 0.20000000298023224 53.609470367431641
v 78.577850341796875 0.20000000298023224 53.609470367431641
v 78.577850341796875 0.20000000298023224 55.209468841552734
v 76.477859497070312 0.20000000298023224 55.209468841552734
v 76.077850341796875 0.20000000298023224 55.209468841552734
v 76.077850341796875 0.20000000298023224 54.609470367431641
v 76.077850341796875 0.20000000298023224 53.609470367431641
v 77.652854919433594 0.20000000298023224 53.609470367431641
v 77.652854919433594 0.20000000298023224 53.509468078613281
v 75.9278564453125 0.20000000298023224 53.509468078613281
v 75.9278564453125 0.20000000298023224 53.609470367431641
v 75.977851867675781 0.20000000298023224 53.609470367431641
v 75.977851867675781 0.20000000298023224 54.459468841552734
v 74.777862548828125 0.20000000298023224 54.459468841552734
v 74.777862548828125 0.20000000298023224 53.609470367431641
v 74.827850341796875 0.20000000298023224 53.609470367431641
v 74.827850341796875 0.20000000298023224 53.509468078613281
v 74.777862548828125 0.20000000298023224 53.509468078613281
v 74.227859497070312 0.20000000298023224 53.509468078613281
v 74.227859497070312 0.20000000298023224 52.409469604492188
v 75.002861022949219 0.20000000298023224 52.409469604492188
v 75.002861022949219 0.20000000298023224 52.309467315673828
v 74.777862548828125 0.20000000298023224 52.309467315673828
v 74.777862548828125 0.20000000298023224 51.109470367431641
v 74.027862548828125 0.20000000298023224 51.109470367431641
v 74.027862548828125 0.20000000298023224 51.209468841552734
v 74.645492553710938 0.20000000298023224 51.209468841552734
v 74.677864074707031 0.20000000298023224 51.209468841552734
v 74.677864074707031 0.20000000298023224 52.309467315673828
v 73.952857971191406 0.20000000298023224 52.309467315673828
v 73.952857971191406 0.20000000298023224 52.409469604492188
v 74.127861022949219 0.20000000298023224 52.409469604492188
v 74.127861022949219 0.20000000298023224 53.659469604492188
v 74.127861022949219 0.20000000298023224 55.209468841552734
v 72.327857971191406 0.20000000298023224 55.209468841552734
v 72.327857971191406 0.20000000298023224 52.409469604492188
v 73.102859497070312 0.20000000298023224 52.409469604492188
v 73.102859497070312 0.20000000298023224 52.309467315673828
v 72.327857971191406 0.20000000298023224 52.309467315673828
v 72.327857971191406 0.20000000298023224 51.209468841552734
v 72.370857238769531 0.20000000298023224 51.209468841552734
v 73.027862548828125 0.20000000298023224 51.209468841552734
v 73.027862548828125 0.20000000298023224 51.109470367431641
v 72.327857971191406 0.20000000298023224 51.109470367431641
v 72.327857971191406 0.20000000298023224 47.179470062255859
v 75.877861022949219 0.20000000298023224 47.179470062255859
v 75.877861022949219 0.20000000298023224 50.5794677734375
v 75.877861022949219 0.20000000298023224 51.109470367431641
v 76.177864074707031 0.20000000298023224 51.109470367431641
v 76.177864074707031 0.20000000298023224 52.309467315673828
v 75.952857971191406 0.20000000298023224 52.309467315673828
v 75.952857971191406 0.20000000298023224 52.409469604492188
v 76.352859497070312 0.20000000298023224 52.409469604492188
v 76.352859497070312 0.20000000298023224 52.309467315673828
v 76.277862548828125 0.20000000298023224 52.309467315673828
v 76.277862548828125 0.20000000298023224 50.5794677734375
v 76.277862548828125 0.20000000298023224 47.179470062255859
v 79.677864074707031 0.20000000298023224 47.179470062255859
v 79.677864074707031 0.20000000298023224 52.309467315673828
v 77.477859497070312 0.20000000298023224 52.309467315673828
v 77.477859497070312 0.20000000298023224 51.709468841552734
v 77.377861022949219 0.20000000298023224 51.709468841552734
v 77.377861022949219 0.20000000298023224 52.309467315673828
v 77.302864074707031 0.20000000298023224 52.309467315673828
v 77.302864074707031 0.20000000298023224 52.409469604492188
v 79.777862548828125 0.20000000298023224 52.409469604492188
v 79.777862548828125 0.20000000298023224 47.179470062255859
v 83.577857971191406 0.20000000298023224 47.179470062255859
v 83.577857971191406 0.20000000298023224 54.759468078613281
v 82.967857360839844 0.20000000298023224 54.759468078613281
v 82.967857360839844 0.20000000298023224 55.209468841552734
v 80.177864074707031 0.20000000298023224 55.209468841552734
v 80.077857971191406 0.20000000298023224 55.209468841552734
v 80.077857971191406 0.20000000298023224 54.509468078613281
v 79.977859497070312 0.20000000298023224 54.509468078613281
v 79.977859497070312 0.20000000298023224 55.209468841552734
v 79.977859497070312 0.20000000298023224 57.709468841552734
v 79.877853393554688 0.20000000298023224 57.709468841552734
v 79.877853393554688 0.20000000298023224 57.909469604492188
v 80.177864074707031 0.20000000298023224 57.909469604492188
v 80.177864074707031 0.20000000298023224 59.209468841552734
v 80.177864074707031 0.20000000298023224 59.358818054199219
v 80.377861022949219 0.20000000298023224 59.358818054199219
v 80.377861022949219 0.20000000298023224 59.209468841552734
v 80.677864074707031 0.20000000298023224 59.209468841552734
v 80.677864074707031 0.20000000298023224 59.109470367431641
v 81.477859497070312 0.20000000298023224 59.109470367431641
v 81.477859497070312 0.20000000298023224 58.809467315673828
v 82.877861022949219 0.20000000298023224 58.809467315673828
v 82.877861022949219 0.20000000298023224 59.109470367431641
v 85.077857971191406 0.20000000298023224 59.109470367431641
v 85.077857971191406 0.20000000298023224 58.909469604492188
v 84.077857971191406 0.20000000298023224 58.909469604492188
v 84.077857971191406 0.20000000298023224 57.859401702880859
v 83.877861022949219 0.20000000298023224 57.859401702880859
v 83.877861022949219 0.20000000298023224 56.359401702880859
v 84.077857971191406 0.20000000298023224 56.359401702880859
v 84.077857971191406 0.20000000298023224 55.609470367431641
v 87.077857971191406 0.20000000298023224 55.609470367431641
v 87.077857971191406 0.20000000298023224 55.709468841552734
v 87.377861022949219 0.20000000298023224 55.709468841552734
v 87.377861022949219 0.20000000298023224 55.609470367431641
v 93.577857971191406 0.20000000298023224 55.609470367431641
v 93.577857971191406 0.20000000298023224 58.809467315673828
v 88.677864074707031 0.20000000298023224 58.809467315673828
v 88.672859191894531 0.20000000298023224 58.809467315673828
v 88.577857971191406 0.20000000298023224 58.809467315673828
v 88.577857971191406 0.20000000298023224 59.109470367431641
v 88.672859191894531 0.20000000298023224 59.109470367431641
v 89.777862548828125 0.20000000298023224 59.109470367431641
v 89.777862548828125 0.20000000298023224 59.509468078613281
v 89.977859497070312 0.20000000298023224 59.509468078613281
v 89.977859497070312 0.20000000298023224 59.109470367431641
v 93.577857971191406 0.20000000298023224 59.109470367431641
v 94.077857971191406 0.20000000298023224 59.109470367431641
v 94.077857971191406 0.20000000298023224 58.309467315673828
v 94.282859802246094 0.20000000298023224 58.309467315673828
v 94.282859802246094 0.20000000298023224 58.159469604492188
v 94.077857971191406 0.20000000298023224 58.159469604492188
v 94.077857971191406 0.20000000298023224 55.609470367431641
v 94.077857971191406 0.20000000298023224 55.359470367431641
v 94.282859802246094 0.20000000298023224 55.359470367431641
v 94.282859802246094 0.20000000298023224 55.209468841552734
v 94.077857971191406 0.20000000298023224 55.209468841552734
v 90.377861022949219 0.20000000298023224 55.209468841552734
v 90.377861022949219 0.20000000298023224 54.309467315673828
v 87.477859497070312 0.20000000298023224 54.309467315673828
v 87.477859497070312 0.20000000298023224 55.209468841552734
v 83.977859497070312 0.20000000298023224 55.209468841552734
v 83.977859497070312 0.20000000298023224 50.809467315673828
v 86.344772338867188 0.20000000298023224 50.809467315673828
v 86.344772338867188 0.20000000298023224 50.659469604492188
v 85.777862548828125 0.20000000298023224 50.659469604492188
v 85.777862548828125 0.20000000298023224 47.179470062255859
v 87.427864074707031 0.20000000298023224 47.179470062255859
v 87.427864074707031 0.20000000298023224 50.509468078613281
v 87.427864074707031 0.20000000298023224 50.523899078369141
v 87.427864074707031 0.20000000298023224 50.809467315673828
v 87.577857971191406 0.20000000298023224 50.809467315673828
v 87.577857971191406 0.20000000298023224 50.5794677734375
v 87.827857971191406 0.20000000298023224 50.5794677734375
v 87.827857971191406 0.20000000298023224 47.179470062255859
v 95.127861022949219 0.20000000298023224 47.179470062255859
v 95.127861022949219 0.20000000298023224 50.509468078613281
v 95.127861022949219 0.20000000298023224 52.509468078613281
v 95.977859497070312 0.20000000298023224 52.509468078613281
v 95.977859497070312 0.20000000298023224 55.209468841552734
v 95.682861328125 0.20000000298023224 55.209468841552734
v 95.682861328125 0.20000000298023224 55.359470367431641
v 95.977859497070312 0.20000000298023224 55.359470367431641
v 95.977859497070312 0.20000000298023224 56.259468078613281
v 96.127861022949219 0.20000000298023224 56.259468078613281
v 96.127861022949219 0.20000000298023224 52.509468078613281
v 98.327857971191406 0.20000000298023224 52.509468078613281
v 98.327857971191406 0.20000000298023224 52.159469604492188
v 98.177864074707031 0.20000000298023224 52.159469604492188
v 98.177864074707031 0.20000000298023224 52.359470367431641
v 95.277862548828125 0.20000000298023224 52.359470367431641
v 95.277862548828125 0.20000000298023224 50.509468078613281
v 95.527862548828125 0.20000000298023224 50.509468078613281
v 95.527862548828125 0.20000000298023224 49.959468841552734
v 98.177864074707031 0.20000000298023224 49.959468841552734
v 98.177864074707031 0.20000000298023224 51.059467315673828
v 98.327857971191406 0.20000000298023224 51.059467315673828
v 98.327857971191406 0.20000000298023224 49.159469604492188
v 98.327857971191406 0.20000000298023224 48.909469604492188
v 98.427864074707031 0.20000000298023224 48.909469604492188
v 98.427864074707031 0.20000000298023224 48.759468078613281
v 98.327857971191406 0.20000000298023224 48.759468078613281
v 97.577857971191406 0.20000000298023224 48.759468078613281
v 97.577857971191406 0.20000000298023224 47.109470367431641
v 98.227867126464844 0.20000000298023224 47.109470367431641
v 98.227867126464844 0.20000000298023224 46.959468841552734
v 96.677864074707031 0.20000000298023224 46.959468841552734
v 96.677864074707031 0.20000000298023224 47.109470367431641
v 97.427864074707031 0.20000000298023224 47.109470367431641
v 97.427864074707031 0.20000000298023224 48.759468078613281
v 96.477859497070312 0.20000000298023224 48.759468078613281
v 96.477859497070312 0.20000000298023224 47.179470062255859
v 96.480361938476562 0.20000000298023224 47.179470062255859
v 96.477859497070312 0.20000000298023224 44.01947021484375
v 96.477859497070312 0.20000000298023224 41.898468017578125
v 96.476181030273438 0.20000000298023224 41.898468017578125
v 96.475959777832031 0.20000000298023224 41.612827301025391
v 54.377861022949219 0.20000000298023224 69.88409423828125
v 54.377445220947266 0.20000000298023224 70.559089660644531
v 53.477859497070312 0.20000000298023224 70.559089660644531
v 53.477859497070312 0.20000000298023224 70.559471130371094
v 50.277858734130859 0.20000000298023224 70.559471130371094
v 50.277858734130859 0.20000000298023224 70.659469604492188
v 50.277858734130859 0.20000000298023224 71.059471130371094
v 53.477859497070312 0.20000000298023224 71.059471130371094
v 53.477859497070312 0.20000000298023224 70.75909423828125
v 54.377445220947266 0.20000000298023224 70.75909423828125
v 54.377445220947266 0.20000000298023224 71.00909423828125
v 54.477443695068359 0.20000000298023224 71.00909423828125
v 54.477443695068359 0.20000000298023224 70.759468078613281
v 54.477859497070312 0.20000000298023224 70.759468078613281
v 54.477859497070312 0.20000000298023224 69.88409423828125
v 87.377861022949219 0.20000000298023224 58.809467315673828
v 87.377861022949219 0.20000000298023224 56.909469604492188
v 87.377861022949219 0.20000000298023224 56.809467315673828
v 87.077857971191406 0.20000000298023224 56.809467315673828
v 87.077857971191406 0.20000000298023224 56.909469604492188
v 87.077857971191406 0.20000000298023224 58.909469604492188
v 86.877861022949219 0.20000000298023224 58.909469604492188
v 86.877861022949219 0.20000000298023224 59.109470367431641
v 87.077857971191406 0.20000000298023224 59.109470367431641
v 87.377861022949219 0.20000000298023224 59.109470367431641
v 87.477859497070312 0.20000000298023224 59.109470367431641
v 87.477859497070312 0.20000000298023224 58.809467315673828
v 103.73285675048828 0.20000000298023224 58.509468078613281
v 103.88285827636719 0.20000000298023224 58.509468078613281
v 103.88285827636719 0.20000000298023224 58.159469604492188
v 97.638114929199219 0.20000000298023224 58.159469604492188
v 97.638114929199219 0.20000000298023224 58.309467315673828
v 97.782859802246094 0.20000000298023224 58.309467315673828
v 97.782859802246094 0.20000000298023224 58.909469604492188
v 99.382858276367188 0.20000000298023224 58.909469604492188
v 99.382858276367188 0.20000000298023224 58.309467315673828
v 103.73285675048828 0.20000000298023224 58.309467315673828
v 52.102443695068359 0.20000000298023224 60.159469604492188
v 55.747859954833984 0.20000000298023224 60.159469604492188
v 55.747859954833984 0.20000000298023224 60.059467315673828
v 52.102443695068359 0.20000000298023224 60.059467315673828
v 102.92744445800781 0.20000000298023224 51.029468536376953
v 103.15286254882812 0.20000000298023224 51.029468536376953
v 103.15286254882812 0.20000000298023224 51.009468078613281
v 102.92744445800781 0.20000000298023224 51.009468078613281
v 102.92744445800781 0.20000000298023224 50.984470367431641
v 102.32744598388672 0.20000000298023224 50.984470367431641
v 102.32744598388672 0.20000000298023224 51.009468078613281
v 102.13285827636719 0.20000000298023224 51.009468078613281
v 102.13285827636719 0.20000000298023224 51.029468536376953
v 102.32744598388672 0.20000000298023224 51.029468536376953
v 102.32744598388672 0.20000000298023224 51.584468841552734
v 102.92744445800781 0.20000000298023224 51.584468841552734
v 66.127853393554688 0.20000000298023224 61.409469604492188
v 64.527854919433594 0.20000000298023224 61.409469604492188
v 64.527854919433594 0.20000000298023224 61.509468078613281
v 63.127857208251953 0.20000000298023224 61.509468078613281
v 63.127857208251953 0.20000000298023224 61.409469604492188
v 62.427860260009766 0.20000000298023224 61.409469604492188
v 62.427860260009766 0.20000000298023224 61.309467315673828
v 62.127861022949219 0.20000000298023224 61.309467315673828
v 62.127861022949219 0.20000000298023224 61.009468078613281
v 61.927860260009766 0.20000000298023224 61.009468078613281
v 61.927860260009766 0.20000000298023224 61.309467315673828
v 61.927860260009766 0.20000000298023224 64.20947265625
v 61.927860260009766 0.20000000298023224 64.609466552734375
v 61.927860260009766 0.20000000298023224 65.509468078613281
v 61.852859497070312 0.20000000298023224 65.509468078613281
v 61.852859497070312 0.20000000298023224 65.70947265625
v 62.127861022949219 0.20000000298023224 65.70947265625
v 62.127861022949219 0.20000000298023224 64.609466552734375
v 65.627861022949219 0.20000000298023224 64.609466552734375
v 65.627861022949219 0.20000000298023224 67.109466552734375
v 64.677864074707031 0.20000000298023224 67.109466552734375
v 64.677864074707031 0.20000000298023224 67.20947265625
v 65.802864074707031 0.20000000298023224 67.20947265625
v 65.802864074707031 0.20000000298023224 67.109466552734375
v 65.727859497070312 0.20000000298023224 67.109466552734375
v 65.727859497070312 0.20000000298023224 65.509468078613281
v 67.227859497070312 0.20000000298023224 65.509468078613281
v 67.227859497070312 0.20000000298023224 67.109466552734375
v 66.652862548828125 0.20000000298023224 67.109466552734375
v 66.652862548828125 0.20000000298023224 67.20947265625
v 67.327857971191406 0.20000000298023224 67.20947265625
v 67.327857971191406 0.20000000298023224 67.109466552734375
v 67.327857971191406 0.20000000298023224 65.509468078613281
v 68.427864074707031 0.20000000298023224 65.509468078613281
v 68.427864074707031 0.20000000298023224 67.20947265625
v 68.602859497070312 0.20000000298023224 67.20947265625
v 68.602859497070312 0.20000000298023224 67.109466552734375
v 68.527862548828125 0.20000000298023224 67.109466552734375
v 68.527862548828125 0.20000000298023224 64.609466552734375
v 70.127861022949219 0.20000000298023224 64.609466552734375
v 70.127861022949219 0.20000000298023224 67.109466552734375
v 69.777862548828125 0.20000000298023224 67.109466552734375
v 69.452857971191406 0.20000000298023224 67.109466552734375
v 69.452857971191406 0.20000000298023224 67.20947265625
v 69.677864074707031 0.20000000298023224 67.20947265625
v 69.677864074707031 0.20000000298023224 68.309471130371094
v 69.527862548828125 0.20000000298023224 68.309471130371094
v 69.527862548828125 0.20000000298023224 68.409469604492188
v 70.377861022949219 0.20000000298023224 68.409469604492188
v 70.377861022949219 0.20000000298023224 68.309471130371094
v 69.777862548828125 0.20000000298023224 68.309471130371094
v 69.777862548828125 0.20000000298023224 67.20947265625
v 70.502861022949219 0.20000000298023224 67.20947265625
v 70.502861022949219 0.20000000298023224 67.109466552734375
v 70.227859497070312 0.20000000298023224 67.109466552734375
v 70.227859497070312 0.20000000298023224 64.609466552734375
v 74.127861022949219 0.20000000298023224 64.609466552734375
v 74.127861022949219 0.20000000298023224 66.159469604492188
v 74.127861022949219 0.20000000298023224 67.409469604492188
v 73.952857971191406 0.20000000298023224 67.409469604492188
v 73.952857971191406 0.20000000298023224 67.509468078613281
v 74.677864074707031 0.20000000298023224 67.509468078613281
v 74.677864074707031 0.20000000298023224 68.609466552734375
v 74.642799377441406 0.20000000298023224 68.609466552734375
v 74.027862548828125 0.20000000298023224 68.609466552734375
v 74.027862548828125 0.20000000298023224 68.70947265625
v 74.777862548828125 0.20000000298023224 68.70947265625
v 74.777862548828125 0.20000000298023224 67.509468078613281
v 74.977859497070312 0.20000000298023224 67.509468078613281
v 74.977859497070312 0.20000000298023224 67.409469604492188
v 74.227859497070312 0.20000000298023224 67.409469604492188
v 74.227859497070312 0.20000000298023224 66.309471130371094
v 74.827850341796875 0.20000000298023224 66.309471130371094
v 74.827850341796875 0.20000000298023224 66.20947265625
v 74.777862548828125 0.20000000298023224 66.20947265625
v 74.777862548828125 0.20000000298023224 65.359466552734375
v 75.977851867675781 0.20000000298023224 65.359466552734375
v 75.977851867675781 0.20000000298023224 66.20947265625
v 75.9278564453125 0.20000000298023224 66.20947265625
v 75.9278564453125 0.20000000298023224 66.309471130371094
v 77.652854919433594 0.20000000298023224 66.309471130371094
v 77.652854919433594 0.20000000298023224 66.20947265625
v 76.077850341796875 0.20000000298023224 66.20947265625
v 76.077850341796875 0.20000000298023224 65.20947265625
v 76.077850341796875 0.20000000298023224 64.609466552734375
v 76.477859497070312 0.20000000298023224 64.609466552734375
v 78.577850341796875 0.20000000298023224 64.609466552734375
v 78.577850341796875 0.20000000298023224 66.20947265625
v 78.502853393554688 0.20000000298023224 66.20947265625
v 78.502853393554688 0.20000000298023224 66.309471130371094
v 78.6778564453125 0.20000000298023224 66.309471130371094
v 78.6778564453125 0.20000000298023224 64.609466552734375
v 78.6778564453125 0.20000000298023224 64.184471130371094
v 78.477851867675781 0.20000000298023224 64.184471130371094
v 78.477851867675781 0.20000000298023224 64.409469604492188
v 76.477859497070312 0.20000000298023224 64.409469604492188
v 76.477859497070312 0.20000000298023224 64.20947265625
v 76.477859497070312 0.20000000298023224 63.109470367431641
v 78.477851867675781 0.20000000298023224 63.109470367431641
v 78.477851867675781 0.20000000298023224 63.334468841552734
v 78.6778564453125 0.20000000298023224 63.334468841552734
v 78.6778564453125 0.20000000298023224 62.209468841552734
v 78.777854919433594 0.20000000298023224 62.209468841552734
v 78.777854919433594 0.20000000298023224 62.009468078613281
v 78.6778564453125 0.20000000298023224 62.009468078613281
v 78.6778564453125 0.20000000298023224 61.309467315673828
v 78.2108154296875 0.20000000298023224 61.309467315673828
v 78.2108154296875 0.20000000298023224 61.509468078613281
v 78.477851867675781 0.20000000298023224 61.509468078613281
v 78.477851867675781 0.20000000298023224 62.909469604492188
v 76.477859497070312 0.20000000298023224 62.909469604492188
v 76.477859497070312 0.20000000298023224 61.509468078613281
v 77.010810852050781 0.20000000298023224 61.509468078613281
v 77.010810852050781 0.20000000298023224 61.309467315673828
v 76.477859497070312 0.20000000298023224 61.309467315673828
v 75.977859497070312 0.20000000298023224 61.309467315673828
v 75.772857666015625 0.20000000298023224 61.309467315673828
v 75.772857666015625 0.20000000298023224 61.509468078613281
v 75.977859497070312 0.20000000298023224 61.509468078613281
v 75.977859497070312 0.20000000298023224 63.659469604492188
v 75.4278564453125 0.20000000298023224 63.659469604492188
v 75.4278564453125 0.20000000298023224 64.20947265625
v 74.627861022949219 0.20000000298023224 64.20947265625
v 74.627861022949219 0.20000000298023224 61.509468078613281
v 74.822860717773438 0.20000000298023224 61.509468078613281
v 74.822860717773438 0.20000000298023224 61.309467315673828
v 74.627861022949219 0.20000000298023224 61.309467315673828
v 74.527862548828125 0.20000000298023224 61.309467315673828
v 74.527862548828125 0.20000000298023224 61.009468078613281
v 74.327857971191406 0.20000000298023224 61.009468078613281
v 74.327857971191406 0.20000000298023224 61.309467315673828
v 74.327857971191406 0.20000000298023224 61.409469604492188
v 73.627853393554688 0.20000000298023224 61.409469604492188
v 73.627853393554688 0.20000000298023224 61.509468078613281
v 72.227851867675781 0.20000000298023224 61.509468078613281
v 72.227851867675781 0.20000000298023224 61.409469604492188
v 70.627861022949219 0.20000000298023224 61.409469604492188
v 70.627861022949219 0.20000000298023224 61.509468078613281
v 69.227859497070312 0.20000000298023224 61.509468078613281
v 69.227859497070312 0.20000000298023224 61.409469604492188
v 67.527854919433594 0.20000000298023224 61.409469604492188
v 67.527854919433594 0.20000000298023224 61.509468078613281
v 66.127853393554688 0.20000000298023224 61.509468078613281
v 77.176605224609375 0.20000000298023224 56.709468841552734
v 77.774101257324219 0.20000000298023224 56.709468841552734
v 77.774101257324219 0.20000000298023224 56.509468078613281
v 77.176605224609375 0.20000000298023224 56.509468078613281
v 110.22785949707031 0.20000000298023224 69.409469604492188
v 110.22785949707031 0.20000000298023224 71.45947265625
v 110.62786102294922 0.20000000298023224 71.45947265625
v 110.62786102294922 0.20000000298023224 69.309471130371094
v 110.62786102294922 0.20000000298023224 68.70947265625
v 110.52786254882812 0.20000000298023224 68.70947265625
v 110.52786254882812 0.20000000298023224 69.309471130371094
v 110.22785949707031 0.20000000298023224 69.309471130371094
v 108.02786254882812 0.20000000298023224 69.309471130371094
v 108.02786254882812 0.20000000298023224 68.70947265625
v 106.15286254882812 0.20000000298023224 68.70947265625
v 106.15286254882812 0.20000000298023224 68.809471130371094
v 106.72785949707031 0.20000000298023224 68.809471130371094
v 106.72785949707031 0.20000000298023224 68.884468078613281
v 106.82785797119141 0.20000000298023224 68.884468078613281
v 106.82785797119141 0.20000000298023224 68.809471130371094
v 107.92786407470703 0.20000000298023224 68.809471130371094
v 107.92786407470703 0.20000000298023224 70.009468078613281
v 108.02786254882812 0.20000000298023224 70.009468078613281
v 108.02786254882812 0.20000000298023224 69.409469604492188
v 104.10285949707031 0.20000000298023224 50.039470672607422
v 104.10285949707031 0.20000000298023224 49.159469604492188
v 105.70285797119141 0.20000000298023224 49.159469604492188
v 105.70285797119141 0.20000000298023224 50.039470672607422
v 105.59285736083984 0.20000000298023224 50.039470672607422
v 105.59285736083984 0.20000000298023224 50.059467315673828
v 105.70285797119141 0.20000000298023224 50.059467315673828
v 105.70285797119141 0.20000000298023224 52.484470367431641
v 104.10285949707031 0.20000000298023224 52.484470367431641
v 104.10285949707031 0.20000000298023224 50.984470367431641
v 104.00286102294922 0.20000000298023224 50.984470367431641
v 104.00286102294922 0.20000000298023224 51.009468078613281
v 103.85285949707031 0.20000000298023224 51.009468078613281
v 103.85285949707031 0.20000000298023224 51.029468536376953
v 104.00286102294922 0.20000000298023224 51.029468536376953
v 104.00286102294922 0.20000000298023224 52.484470367431641
v 101.30286407470703 0.20000000298023224 52.484470367431641
v 101.30286407470703 0.20000000298023224 51.029468536376953
v 101.432861328125 0.20000000298023224 51.029468536376953
v 101.432861328125 0.20000000298023224 51.009468078613281
v 101.30286407470703 0.20000000298023224 51.009468078613281
v 101.30286407470703 0.20000000298023224 50.984470367431641
v 101.15286254882812 0.20000000298023224 50.984470367431641
v 101.15286254882812 0.20000000298023224 51.659469604492188
v 101.05286407470703 0.20000000298023224 51.659469604492188
v 101.05286407470703 0.20000000298023224 51.809467315673828
v 101.15286254882812 0.20000000298023224 51.809467315673828
v 101.15286254882812 0.20000000298023224 53.309467315673828
v 101.05286407470703 0.20000000298023224 53.309467315673828
v 101.05286407470703 0.20000000298023224 53.459468841552734
v 101.15286254882812 0.20000000298023224 53.459468841552734
v 101.15286254882812 0.20000000298023224 54.134468078613281
v 101.30286407470703 0.20000000298023224 54.134468078613281
v 101.30286407470703 0.20000000298023224 54.109470367431641
v 101.432861328125 0.20000000298023224 54.109470367431641
v 101.432861328125 0.20000000298023224 54.089469909667969
v 101.30286407470703 0.20000000298023224 54.089469909667969
v 101.30286407470703 0.20000000298023224 52.634468078613281
v 102.20119476318359 0.20000000298023224 52.634468078613281
v 102.20119476318359 0.20000000298023224 54.089469909667969
v 102.13285827636719 0.20000000298023224 54.089469909667969
v 102.13285827636719 0.20000000298023224 54.109470367431641
v 102.31285858154297 0.20000000298023224 54.109470367431641
v 102.31285858154297 0.20000000298023224 54.089469909667969
v 102.22119140625 0.20000000298023224 54.089469909667969
v 102.22119140625 0.20000000298023224 52.634468078613281
v 103.08452606201172 0.20000000298023224 52.634468078613281
v 103.08452606201172 0.20000000298023224 54.089469909667969
v 103.01286315917969 0.20000000298023224 54.089469909667969
v 103.01286315917969 0.20000000298023224 54.109470367431641
v 103.17786407470703 0.20000000298023224 54.109470367431641
v 103.17786407470703 0.20000000298023224 54.089469909667969
v 103.10453033447266 0.20000000298023224 54.089469909667969
v 103.10453033447266 0.20000000298023224 52.634468078613281
v 104.00286102294922 0.20000000298023224 52.634468078613281
v 104.00286102294922 0.20000000298023224 54.134468078613281
v 104.10285949707031 0.20000000298023224 54.134468078613281
v 104.10285949707031 0.20000000298023224 52.634468078613281
v 105.70285797119141 0.20000000298023224 52.634468078613281
v 105.70285797119141 0.20000000298023224 55.959468841552734
v 104.10285949707031 0.20000000298023224 55.959468841552734
v 104.10285949707031 0.20000000298023224 55.034469604492188
v 104.00286102294922 0.20000000298023224 55.034469604492188
v 104.00286102294922 0.20000000298023224 55.859470367431641
v 103.90286254882812 0.20000000298023224 55.859470367431641
v 101.30286407470703 0.20000000298023224 55.859470367431641
v 101.30286407470703 0.20000000298023224 55.084468841552734
v 101.15286254882812 0.20000000298023224 55.084468841552734
v 101.15286254882812 0.20000000298023224 55.859470367431641
v 100.40286254882812 0.20000000298023224 55.859470367431641
v 100.05286407470703 0.20000000298023224 55.859470367431641
v 100.05286407470703 0.20000000298023224 53.459468841552734
v 100.15286254882812 0.20000000298023224 53.459468841552734
v 100.15286254882812 0.20000000298023224 53.309467315673828
v 99.902862548828125 0.20000000298023224 53.309467315673828
v 99.902862548828125 0.20000000298023224 56.259468078613281
v 100.40286254882812 0.20000000298023224 56.259468078613281
v 103.90286254882812 0.20000000298023224 56.259468078613281
v 103.97785949707031 0.20000000298023224 56.259468078613281
v 103.97785949707031 0.20000000298023224 56.3294677734375
v 104.59786224365234 0.20000000298023224 56.3294677734375
v 104.59786224365234 0.20000000298023224 56.259468078613281
v 104.59786224365234 0.20000000298023224 56.073471069335938
v 104.52786254882812 0.20000000298023224 56.073471069335938
v 104.52786254882812 0.20000000298023224 56.059467315673828
v 105.80286407470703 0.20000000298023224 56.059467315673828
v 105.80286407470703 0.20000000298023224 49.159469604492188
v 105.72785949707031 0.20000000298023224 49.159469604492188
v 105.72785949707031 0.20000000298023224 48.759468078613281
v 102.52786254882812 0.20000000298023224 48.759468078613281
v 99.827857971191406 0.20000000298023224 48.759468078613281
v 99.827857971191406 0.20000000298023224 48.909469604492188
v 99.902862548828125 0.20000000298023224 48.909469604492188
v 99.902862548828125 0.20000000298023224 51.809467315673828
v 100.15286254882812 0.20000000298023224 51.809467315673828
v 100.15286254882812 0.20000000298023224 51.659469604492188
v 100.05286407470703 0.20000000298023224 51.659469604492188
v 100.05286407470703 0.20000000298023224 48.909469604492188
v 101.15286254882812 0.20000000298023224 48.909469604492188
v 101.15286254882812 0.20000000298023224 50.034469604492188
v 101.30286407470703 0.20000000298023224 50.034469604492188
v 101.30286407470703 0.20000000298023224 49.159469604492188
v 102.52786254882812 0.20000000298023224 49.159469604492188
v 104.00286102294922 0.20000000298023224 49.159469604492188
v 104.00286102294922 0.20000000298023224 50.084468841552734
v 104.10285949707031 0.20000000298023224 50.084468841552734
v 104.10285949707031 0.20000000298023224 50.059467315673828
v 104.89286041259766 0.20000000298023224 50.059467315673828
v 104.89286041259766 0.20000000298023224 50.039470672607422
v 110.62786102294922 0.20000000298023224 72.139472961425781
v 110.62786102294922 0.20000000298023224 71.559471130371094
v 110.52786254882812 0.20000000298023224 71.559471130371094
v 110.52786254882812 0.20000000298023224 72.139472961425781
v 53.777442932128906 0.20000000298023224 72.759468078613281
v 53.777442932128906 0.20000000298023224 72.859466552734375
v 54.377445220947266 0.20000000298023224 72.859466552734375
v 54.377445220947266 0.20000000298023224 75.059471130371094
v 50.277858734130859 0.20000000298023224 75.059471130371094
v 50.277858734130859 0.20000000298023224 75.159469604492188
v 54.552444458007812 0.20000000298023224 75.159469604492188
v 54.552444458007812 0.20000000298023224 75.059471130371094
v 54.477443695068359 0.20000000298023224 75.059471130371094
v 54.477443695068359 0.20000000298023224 71.959091186523438
v 54.377445220947266 0.20000000298023224 71.959091186523438
v 54.377445220947266 0.20000000298023224 72.759468078613281
v 103.97785949707031 0.20000000298023224 63.509468078613281
v 103.90286254882812 0.20000000298023224 63.509468078613281
v 100.40286254882812 0.20000000298023224 63.509468078613281
v 100.40286254882812 0.20000000298023224 63.709468841552734
v 96.077857971191406 0.20000000298023224 63.709468841552734
v 96.027862548828125 0.20000000298023224 63.709468841552734
v 96.027862548828125 0.20000000298023224 61.559467315673828
v 96.632858276367188 0.20000000298023224 61.559467315673828
v 96.632858276367188 0.20000000298023224 59.509468078613281
v 96.027862548828125 0.20000000298023224 59.509468078613281
v 96.027862548828125 0.20000000298023224 58.309467315673828
v 96.238113403320312 0.20000000298023224 58.309467315673828
v 96.238113403320312 0.20000000298023224 58.159469604492188
v 95.782859802246094 0.20000000298023224 58.159469604492188
v 95.782859802246094 0.20000000298023224 58.309467315673828
v 95.877861022949219 0.20000000298023224 58.309467315673828
v 95.877861022949219 0.20000000298023224 64.20947265625
v 96.077857971191406 0.20000000298023224 64.20947265625
v 96.077857971191406 0.20000000298023224 64.059471130371094
v 97.277862548828125 0.20000000298023224 64.059471130371094
v 97.277862548828125 0.20000000298023224 65.384468078613281
v 97.377861022949219 0.20000000298023224 65.384468078613281
v 97.377861022949219 0.20000000298023224 64.509468078613281
v 98.777862548828125 0.20000000298023224 64.509468078613281
v 98.777862548828125 0.20000000298023224 66.309471130371094
v 97.377861022949219 0.20000000298023224 66.309471130371094
v 97.377861022949219 0.20000000298023224 66.234466552734375
v 97.277862548828125 0.20000000298023224 66.234466552734375
v 97.277862548828125 0.20000000298023224 66.409469604492188
v 99.727859497070312 0.20000000298023224 66.409469604492188
v 99.727859497070312 0.20000000298023224 68.809471130371094
v 101.12786102294922 0.20000000298023224 68.809471130371094
v 101.12786102294922 0.20000000298023224 68.58447265625
v 101.02786254882812 0.20000000298023224 68.58447265625
v 101.02786254882812 0.20000000298023224 68.70947265625
v 99.827857971191406 0.20000000298023224 68.70947265625
v 99.827857971191406 0.20000000298023224 67.359466552734375
v 101.02786254882812 0.20000000298023224 67.359466552734375
v 101.02786254882812 0.20000000298023224 67.484466552734375
v 101.12786102294922 0.20000000298023224 67.484466552734375
v 101.12786102294922 0.20000000298023224 67.359466552734375
v 101.30286407470703 0.20000000298023224 67.359466552734375
v 101.30286407470703 0.20000000298023224 67.259468078613281
v 100.62786102294922 0.20000000298023224 67.259468078613281
v 100.62786102294922 0.20000000298023224 66.309471130371094
v 100.22785949707031 0.20000000298023224 66.309471130371094
v 100.22785949707031 0.20000000298023224 66.234466552734375
v 100.12786102294922 0.20000000298023224 66.234466552734375
v 100.12786102294922 0.20000000298023224 66.309471130371094
v 98.927864074707031 0.20000000298023224 66.309471130371094
v 98.927864074707031 0.20000000298023224 63.909469604492188
v 100.12786102294922 0.20000000298023224 63.909469604492188
v 100.12786102294922 0.20000000298023224 65.384468078613281
v 100.22785949707031 0.20000000298023224 65.384468078613281
v 100.22785949707031 0.20000000298023224 63.909469604492188
v 100.40286254882812 0.20000000298023224 63.909469604492188
v 102.75286102294922 0.20000000298023224 63.909469604492188
v 102.75286102294922 0.20000000298023224 63.979469299316406
v 104.23786163330078 0.20000000298023224 63.979469299316406
v 104.23786163330078 0.20000000298023224 63.909469604492188
v 104.23786163330078 0.20000000298023224 63.439468383789062
v 104.16786193847656 0.20000000298023224 63.439468383789062
v 103.97785949707031 0.20000000298023224 63.439468383789062
v 60.477859497070312 0.20000000298023224 73.129470825195312
v 60.947860717773438 0.20000000298023224 73.129470825195312
v 60.947860717773438 0.20000000298023224 73.059471130371094
v 60.947860717773438 0.20000000298023224 72.809471130371094
v 60.877861022949219 0.20000000298023224 72.809471130371094
v 60.877861022949219 0.20000000298023224 69.309471130371094
v 60.877861022949219 0.20000000298023224 68.309471130371094
v 60.677860260009766 0.20000000298023224 68.309471130371094
v 60.677860260009766 0.20000000298023224 65.70947265625
v 60.752861022949219 0.20000000298023224 65.70947265625
v 60.752861022949219 0.20000000298023224 65.509468078613281
v 60.477859497070312 0.20000000298023224 65.509468078613281
v 60.477859497070312 0.20000000298023224 65.509849548339844
v 60.127861022949219 0.20000000298023224 65.509849548339844
v 60.127861022949219 0.20000000298023224 65.284088134765625
v 59.927860260009766 0.20000000298023224 65.284088134765625
v 59.927860260009766 0.20000000298023224 65.459091186523438
v 59.152442932128906 0.20000000298023224 65.459091186523438
v 59.152442932128906 0.20000000298023224 65.559089660644531
v 59.877445220947266 0.20000000298023224 65.559089660644531
v 59.877445220947266 0.20000000298023224 67.059089660644531
v 58.227443695068359 0.20000000298023224 67.059089660644531
v 58.227443695068359 0.20000000298023224 65.559089660644531
v 58.302444458007812 0.20000000298023224 65.559089660644531
v 58.302444458007812 0.20000000298023224 65.459091186523438
v 58.127445220947266 0.20000000298023224 65.459091186523438
v 58.127445220947266 0.20000000298023224 68.059089660644531
v 55.577445983886719 0.20000000298023224 68.059089660644531
v 55.577445983886719 0.20000000298023224 69.459091186523438
v 55.902442932128906 0.20000000298023224 69.459091186523438
v 55.902442932128906 0.20000000298023224 69.359092712402344
v 55.677444458007812 0.20000000298023224 69.359092712402344
v 55.677444458007812 0.20000000298023224 68.159088134765625
v 57.227443695068359 0.20000000298023224 68.159088134765625
v 57.227443695068359 0.20000000298023224 69.359092712402344
v 57.002445220947266 0.20000000298023224 69.359092712402344
v 57.002445220947266 0.20000000298023224 69.459091186523438
v 57.227443695068359 0.20000000298023224 69.459091186523438
v 57.227443695068359 0.20000000298023224 69.63409423828125
v 57.327445983886719 0.20000000298023224 69.63409423828125
v 57.327445983886719 0.20000000298023224 68.959091186523438
v 58.227443695068359 0.20000000298023224 68.959091186523438
v 58.227443695068359 0.20000000298023224 68.559089660644531
v 58.302444458007812 0.20000000298023224 68.559089660644531
v 58.302444458007812 0.20000000298023224 68.459091186523438
v 58.227443695068359 0.20000000298023224 68.459091186523438
v 58.227443695068359 0.20000000298023224 67.259185791015625
v 60.477859497070312 0.20000000298023224 67.259185791015625
v 60.477859497070312 0.20000000298023224 68.45947265625
v 60.477443695068359 0.20000000298023224 68.459091186523438
v 59.152442932128906 0.20000000298023224 68.459091186523438
v 59.152442932128906 0.20000000298023224 68.559089660644531
v 60.477859497070312 0.20000000298023224 68.559089660644531
v 60.477859497070312 0.20000000298023224 69.309471130371094
v 60.477859497070312 0.20000000298023224 71.809471130371094
v 60.407859802246094 0.20000000298023224 71.809471130371094
v 60.407859802246094 0.20000000298023224 73.129470825195312
f 544 538 542
f 542 538 539
f 544 545 538
f 537 538 545
f 544 542 543
f 541 542 539
f 537 545 535
f 530 528 529
f 540 541 539
f 535 545 546
f 552 556 551
f 558 549 551
f 553 554 552
f 555 552 554
f 546 547 548
f 551 549 550
f 548 502 511
f 535 546 534
f 556 552 555
f 511 512 548
f 536 537 535
f 533 534 532
f 532 534 546
f 524 527 530
f 528 530 527
f 517 522 523
f 524 531 523
f 531 516 523
f 530 531 524
f 522 517 520
f 531 532 512
f 531 513 516
f 532 546 512
f 515 513 514
f 523 516 517
f 515 516 513
f 509 506 508
f 506 510 503
f 503 510 511 502
f 503 504 506
f 510 506 509
f 518 519 517
f 512 513 531
f 512 546 548
f 558 548 549
f 557 551 556
f 570 566 569
f 564 565 566
f 566 567 568
f 557 558 551
f 571 572 563 564
f 566 570 571
f 571 564 566
f 566 568 569
f 558 559 548
f 580 578 579
f 581 577 578
f 573 576 582
f 576 581 582
f 580 581 578
f 573 582 584
f 577 581 576
f 573 574 575
f 575 576 573
f 583 584 582
f 559 501 502
f 559 502 548
f 561 501 560
f 560 501 559
f 562 501 561
f 501 499 500
f 478 499 476
f 499 469 476
f 476 477 478
f 498 499 478
f 499 501 469
f 468 501 562
f 467 468 572
f 563 468 562
f 584 467 573
f 572 573 467
f 585 467 584
f 469 470 475 476
f 472 473 470
f 471 472 470
f 465 467 585
f 475 470 473
f 501 468 469
f 468 563 572
f 505 506 504
f 498 478 479
f 479 481 496
f 496 497 498
f 496 498 479
f 525 526 527
f 522 520 521
f 524 525 527
f 508 506 507
f 494 496 481
f 481 479 480
f 473 474 475
f 490 481 483
f 482 483 481
f 484 490 483
f 489 490 484
f 484 486 489
f 495 496 494
f 486 487 489
f 490 494 481
f 519 520 517
f 979 441 982
f 443 982 442
f 441 442 982
f 981 982 443
f 492 493 494
f 448 417 981
f 491 492 490
f 448 981 444
f 492 494 490
f 418 980 417
f 981 417 980
f 418 419 420
f 449 416 417
f 444 981 443
f 980 421 979
f 485 486 484
f 460 461 458
f 461 462 463
f 463 458 461
f 459 460 458
f 589 454 457
f 458 464 457
f 464 588 457
f 458 463 464
f 464 465 587
f 487 488 489
f 588 589 457
f 465 585 587
f 453 454 589 590
f 456 457 454
f 455 456 454
f 590 591 593
f 677 453 590
f 591 592 593
f 590 593 594
f 452 453 678
f 587 588 464
f 467 465 466
f 408 409 449
f 449 409 416
f 397 408 449
f 399 408 397
f 448 449 417
f 446 448 444
f 407 408 399
f 409 410 415 416
f 411 412 410
f 406 407 405
f 407 399 400
f 445 446 444
f 446 447 448
f 450 451 449
f 451 397 449
f 399 397 398
f 396 397 451 452
f 452 680 396
f 1005 396 1004
f 405 407 400
f 400 401 405
f 587 585 586
f 413 414 415
f 601 599 600
f 610 611 612
f 599 601 602
f 609 610 607
f 607 610 612
f 608 609 607
f 604 605 606
f 606 607 614
f 614 607 612
f 614 616 606
f 622 642 619
f 619 621 622
f 617 604 616
f 616 604 606
f 614 615 616
f 621 619 620
f 643 618 619
f 613 614 612
f 603 604 617
f 598 668 669
f 668 602 667
f 603 660 667
f 598 602 668
f 602 598 599
f 598 669 673
f 660 661 666 667
f 666 664 665
f 664 666 661
f 674 598 673
f 659 603 617
f 654 655 618
f 617 655 659
f 646 654 618
f 658 659 655
f 603 667 602
f 655 656 658
f 646 647 653 654
f 653 647 651
f 651 652 653
f 643 646 618
f 603 659 660
f 655 617 618
f 661 662 663
f 624 622 623
f 622 624 626
f 625 626 624
f 802 800 801
f 642 622 641
f 627 640 641
f 641 626 627
f 626 641 622
f 796 797 798
f 799 800 782
f 804 782 800
f 804 781 782
f 804 800 802
f 806 808 805
f 805 781 804
f 796 799 795
f 783 799 782
f 799 796 798
f 781 805 779
f 786 783 784
f 787 799 783
f 786 784 785
f 804 802 803
f 780 781 779
f 644 645 643
f 629 627 628
f 638 639 640
f 627 630 640
f 638 640 637
f 627 629 630
f 640 630 637
f 790 793 794
f 631 637 630
f 646 643 645
f 795 799 787
f 783 786 787
f 808 809 779
f 788 789 790
f 788 794 795
f 778 775 777
f 779 809 778
f 787 788 795
f 779 805 808
f 809 767 778
f 619 642 643
f 674 594 595
f 598 674 595
f 675 594 674
f 595 596 597
f 677 678 453
f 677 675 676
f 675 677 594
f 689 686 688
f 673 671 672
f 671 673 669
f 663 664 661
f 657 658 656
f 670 671 669
f 689 690 692
f 710 711 709
f 647 648 650
f 694 685 686
f 689 693 686
f 693 694 686
f 686 687 688
f 683 684 685
f 679 680 452
f 694 681 683
f 682 683 681
f 695 681 694
f 685 694 683
f 680 681 1003 1004
f 679 452 678
f 692 690 691
f 700 701 699
f 704 699 702
f 692 693 689
f 696 995 695
f 1134 696 697
f 704 705 698 699
f 697 698 1134
f 681 695 1003
f 703 704 702
f 701 702 699
f 698 705 1134
f 650 648 649
f 590 594 677
f 636 634 635
f 631 634 636
f 632 633 631
f 637 631 636
f 712 709 711
f 650 651 647
f 729 726 728
f 633 634 631
f 709 714 707
f 788 790 794
f 768 774 767
f 774 775 778
f 777 775 776
f 774 768 773
f 791 792 790
f 771 772 773
f 768 771 773
f 724 729 730
f 792 793 790
f 774 778 767
f 709 707 708
f 729 725 726
f 714 715 706 707
f 715 1131 706
f 713 709 712
f 726 727 728
f 714 709 713
f 724 725 729
f 723 721 722
f 723 732 721
f 720 721 732 733
f 731 732 723
f 717 715 716
f 733 718 720
f 719 720 718
f 1123 718 733
f 715 717 1130
f 723 724 730
f 1131 705 706
f 1111 733 1110
f 1004 396 680
f 770 771 768
f 597 598 595
f 718 1124 717
f 979 422 441
f 422 423 437 438
f 425 423 424
f 440 422 438
f 422 440 441
f 439 440 438
f 387 388 389
f 421 422 979
f 425 426 423
f 429 427 428
f 434 426 427
f 423 426 437
f 436 437 434
f 434 437 426
f 435 436 434
f 433 431 432
f 434 427 433
f 980 420 421
f 420 980 418
f 387 389 1375
f 384 385 386
f 387 384 386
f 384 387 383
f 375 376 378
f 377 378 376
f 378 946 375
f 944 378 942
f 378 380 942
f 379 380 378
f 942 943 944
f 944 946 378
f 387 1375 383
f 383 1377 382
f 1378 956 381
f 380 381 956 942
f 381 382 1378
f 1378 328 956
f 1378 382 1377
f 1380 1385 1379
f 1381 1382 1380
f 1380 1382 1383
f 1377 383 1375
f 328 1378 1379
f 389 390 391 392
f 405 403 404
f 431 433 429
f 410 412 413
f 433 427 429
f 389 392 1375
f 1374 1375 392
f 392 1367 1374
f 405 402 403
f 392 393 394
f 1365 1367 394
f 394 1367 392
f 1365 394 395 1364
f 1366 1367 1365
f 1361 1363 1364
f 1367 1373 1374
f 1364 395 1007
f 429 430 431
f 405 401 402
f 1383 1385 1380
f 1393 1391 1392
f 1390 1391 1389
f 1384 1385 1383
f 1385 1386 1379
f 1379 1388 328
f 1386 1387 1388
f 1379 1386 1388
f 321 1389 1391
f 1368 1371 1373
f 1370 1368 1369
f 1367 1368 1373
f 1371 1368 1370
f 1401 1394 1400
f 1396 1394 1395
f 1393 1394 1401
f 1394 1396 1400
f 1391 1393 1401
f 1403 1391 1401
f 1377 1375 1376
f 1371 1372 1373
f 1391 1403 321
f 1396 1397 1400
f 410 413 415
f 1388 1389 325 326
f 375 948 1279
f 952 950 951
f 946 944 945
f 952 949 950
f 1275 948 949
f 1285 1286 1275
f 1276 948 1275
f 949 1285 1275
f 1276 1279 948
f 952 1285 949
f 374 375 1279
f 953 954 955
f 329 953 328
f 953 955 328
f 952 953 1285
f 1278 1276 1277
f 1284 1285 953
f 1284 338 339
f 339 1283 1284
f 329 338 1284
f 338 329 330 337
f 340 362 339
f 1284 953 329
f 362 1283 339
f 1283 362 1282
f 1278 1279 1276
f 373 374 372
f 372 374 1280
f 368 369 1280
f 1281 367 368
f 369 372 1280
f 1280 1281 368
f 369 371 372
f 1281 1282 364 365
f 1279 1280 374
f 365 367 1281
f 365 366 367
f 1282 362 364
f 369 370 371
f 359 360 357
f 356 357 354 355
f 359 357 358
f 364 362 363
f 947 948 375
f 327 328 326
f 326 328 1388
f 955 956 328
f 333 330 331
f 335 337 330
f 335 336 337
f 335 330 333
f 341 342 340
f 332 333 331
f 322 323 321
f 1389 323 325
f 323 324 325
f 335 333 334
f 319 320 318
f 320 1405 318
f 321 1404 320
f 323 1389 321
f 343 361 340
f 340 361 362
f 344 350 343
f 361 343 350
f 343 340 342
f 349 350 344
f 351 361 350
f 360 352 353
f 360 351 352
f 349 347 348
f 360 354 357
f 347 349 344
f 360 361 351
f 316 1351 310
f 346 347 344
f 354 360 353
f 314 312 313
f 310 311 312
f 314 315 312
f 315 310 312
f 310 315 316
f 345 346 344
f 947 375 946
f 1002 1003 1001
f 999 1001 1003
f 1360 1364 1007
f 1006 1007 395
f 1007 1008 1009
f 1001 999 1000
f 1005 1006 395
f 1003 695 999
f 1360 1007 1009
f 996 997 998 999
f 1137 995 1135 1136
f 996 999 695
f 696 1134 1135
f 695 995 996
f 1033 1034 1037
f 1360 1009 1010
f 1360 1361 1364
f 1010 1359 1360
f 1356 1010 1011
f 1359 1010 1356
f 1013 1014 1015
f 1011 1013 1015
f 1015 1356 1011
f 1359 1357 1358
f 1021 1023 1020
f 1012 1013 1011
f 1028 1026 1027
f 1037 1031 1033
f 1031 1032 1033
f 1018 1020 1023
f 1023 1021 1022
f 1028 1029 1026
f 1024 1018 1023
f 1019 1020 1018
f 1037 1038 1030 1031
f 1131 1133 1134
f 395 396 1005
f 1130 1131 715
f 1125 1127 1124
f 1130 1124 1127
f 1126 1127 1125
f 1131 1134 705
f 1127 1129 1130
f 1127 1128 1129
f 276 1051 275
f 1121 1122 1123
f 1123 1120 1121
f 1123 1111 1120
f 1111 1123 733
f 1120 1111 1119
f 1117 1118 1115
f 1118 1119 1115
f 1117 1115 1116
f 1112 1115 1119
f 1112 1119 1111
f 1130 717 1124
f 1034 1035 1036
f 1037 1034 1036
f 1050 278 1048
f 276 278 1050
f 279 1047 278
f 1047 1044 1046
f 1047 1048 278
f 1047 279 1044
f 277 278 276
f 1050 1048 1049
f 1052 275 1051
f 1068 1069 1070
f 1073 1068 1070
f 273 274 1052
f 1074 1067 1073
f 1067 1065 1066
f 1067 1068 1073
f 1074 1064 1067
f 1071 1073 1070
f 1052 274 275
f 1051 276 1050
f 1113 1114 1112
f 1132 1133 1131
f 1135 995 696
f 1397 1399 1400
f 1024 1017 1018
f 1017 307 1016
f 1357 1359 1356
f 1015 1016 1356
f 1397 1398 1399
f 1017 306 307
f 307 1356 1016
f 300 301 302
f 306 1017 1024
f 292 306 1025
f 291 292 1029
f 1025 1029 292
f 1030 291 1029
f 305 306 292
f 305 303 304
f 293 305 292
f 294 295 293
f 293 303 305
f 290 291 1041
f 1025 306 1024
f 1026 1029 1025
f 290 288 289
f 1404 1405 320
f 1403 1404 321
f 1401 1402 1403
f 318 1406 317
f 1351 316 1350
f 309 1352 1353
f 309 1351 1352
f 309 1353 1354
f 310 1351 309
f 1355 307 308
f 1405 1406 318
f 299 297 298
f 1356 307 1355
f 295 302 303
f 302 299 300
f 295 303 293
f 297 299 302
f 302 295 297
f 1355 309 1354
f 316 317 1406
f 297 295 296
f 308 309 1355
f 316 1406 1350
f 287 288 290
f 291 1038 1041
f 279 280 282
f 271 272 267
f 1045 1046 1044
f 1041 1039 1040
f 279 282 1044
f 282 280 281
f 1043 1044 282
f 268 271 267
f 1041 1042 290
f 1055 272 1054
f 1053 1054 1052
f 273 1052 1054
f 1055 267 272
f 258 1063 257
f 1062 1063 1061
f 257 1063 1064
f 1055 1056 1059
f 1064 1065 1067
f 273 1054 272
f 1064 1074 257
f 258 261 1063
f 1043 287 1042
f 282 283 1043
f 284 285 283
f 286 287 285
f 287 283 285
f 266 264 265
f 287 1043 283
f 270 271 269
f 1042 287 290
f 268 269 271
f 1058 1059 1056
f 266 267 1059
f 1059 267 1055
f 1060 262 266
f 1059 1060 266
f 1061 262 1060
f 262 263 264
f 261 262 1061
f 262 264 266
f 1061 1063 261
f 1058 1056 1057
f 258 260 261
f 1038 291 1030
f 1039 1041 1038
f 257 1074 256
f 1361 1362 1363
f 1124 718 1123
f 809 810 767
f 821 819 820
f 814 815 813
f 818 819 813
f 807 808 806
f 821 811 819
f 810 811 822
f 821 822 811
f 766 810 822
f 811 812 819
f 810 766 767
f 812 813 819
f 816 818 813
f 816 813 815
f 823 824 825
f 816 817 818
f 822 757 766
f 757 822 823
f 757 758 766
f 833 756 832
f 757 823 756
f 823 831 756
f 831 823 827
f 760 761 763
f 765 763 764
f 763 761 762
f 1138 738 739
f 739 1140 1141
f 1138 739 1141
f 763 765 760
f 738 1138 747
f 760 758 759
f 829 830 831
f 832 756 831
f 756 833 755
f 740 742 1140
f 740 741 742
f 742 743 1139 1140
f 740 1140 739
f 834 835 833
f 827 829 831
f 760 765 758
f 758 765 766
f 891 893 889
f 892 893 891
f 894 889 893
f 884 887 888
f 888 895 884
f 894 895 889
f 895 896 884
f 889 895 888
f 889 890 891
f 887 884 886
f 826 823 825
f 900 901 899
f 917 920 915
f 915 916 917
f 896 897 898
f 902 896 898
f 903 905 902
f 898 901 902
f 901 898 899
f 883 884 896
f 902 883 896
f 829 827 828
f 823 826 827
f 857 855 856
f 854 855 857
f 960 854 857
f 858 959 960 857
f 885 886 884
f 902 881 883
f 880 881 902
f 906 880 905
f 880 902 905
f 881 882 883
f 858 859 860
f 906 877 879
f 878 879 877
f 876 877 908
f 879 880 906
f 908 877 906
f 853 854 851 852
f 747 1138 745
f 731 723 730
f 745 743 744
f 1139 743 745
f 746 747 745
f 737 738 747
f 749 747 748
f 747 749 737
f 737 749 736
f 745 1138 1139
f 754 835 836
f 753 754 836
f 835 754 833
f 755 833 754
f 753 751 752
f 753 836 751
f 836 837 838
f 846 844 845
f 735 1109 734
f 750 1108 736
f 750 736 749
f 1109 735 736
f 751 1101 750
f 1109 1110 734
f 1108 1109 736
f 1101 751 1100
f 750 1101 1108
f 228 1100 227
f 1100 751 227
f 1102 1108 1101
f 227 751 839
f 1110 733 734
f 844 840 842
f 846 847 844
f 226 844 222
f 838 751 836
f 840 841 842
f 230 1100 228
f 226 227 839 840
f 226 840 844
f 222 224 226
f 225 226 224
f 844 847 219 222
f 751 838 839
f 842 843 844
f 961 851 854
f 854 960 961
f 959 858 860
f 849 850 851
f 963 849 851
f 963 961 962
f 961 963 851
f 963 964 849
f 957 958 968
f 875 1301 874
f 908 875 876
f 958 959 860
f 873 874 872
f 967 968 864
f 968 958 864
f 864 865 967
f 958 862 863
f 864 958 863
f 861 862 860
f 1301 872 874
f 860 862 958
f 1300 875 908
f 965 966 214
f 866 868 865
f 207 214 865
f 865 214 967
f 867 868 866
f 964 215 848
f 964 848 849
f 965 214 964
f 218 847 848
f 208 209 207
f 214 966 967
f 868 869 207
f 207 865 868
f 209 211 207
f 206 207 869
f 871 193 869
f 870 871 869
f 206 869 204
f 872 184 871
f 204 869 193
f 206 204 205
f 192 871 185
f 184 185 871
f 871 192 193
f 193 194 204
f 872 183 184
f 192 185 186
f 875 1300 1301
f 918 919 917
f 939 940 941
f 930 931 938
f 929 930 1251
f 938 931 937
f 935 936 937
f 934 935 937
f 937 933 934
f 932 933 937
f 937 931 932
f 1 930 938
f 926 929 925
f 929 1252 925
f 927 928 929
f 1252 929 1251
f 926 927 929
f 924 922 923
f 1252 1253 924 925
f 1253 922 924
f 939 1 938
f 919 920 917
f 1254 921 1253
f 1184 1258 1261
f 920 921 912 913
f 913 914 915
f 921 1255 912
f 1258 1184 1257
f 1254 1255 921
f 911 912 1255
f 922 1253 921
f 920 913 915
f 1259 1261 1258
f 1183 1262 1181
f 1263 1264 1262
f 1184 1261 1262
f 1183 1184 1262
f 1187 1256 1186
f 1186 1256 1257
f 1187 1235 1256
f 1184 1185 1186
f 1257 1184 1186
f 1187 1188 1189
f 1260 1261 1259
f 1 939 941
f 1262 1264 1266
f 1266 1264 1265
f 987 988 1262
f 987 1266 985
f 1266 1172 1174
f 1268 1269 1267
f 1171 1172 1266 1267
f 1262 1266 987
f 1270 1162 1163
f 990 1262 988
f 1249 1250 1248
f 1 1248 1250
f 1163 1164 1270
f 1270 1167 1269
f 1166 1270 1164
f 1166 1167 1270
f 1167 1171 1269
f 1166 1164 1165
f 1269 1171 1267
f 1 2 1248
f 1 1250 1251
f 1182 1183 1181
f 989 990 988
f 1180 1181 990
f 1262 990 1181
f 1179 993 1178
f 1180 993 1179
f 993 991 992
f 990 991 1180
f 1180 991 993
f 1178 993 994
f 1174 984 985
f 1174 1172 1173
f 1266 1174 985
f 1175 984 1174
f 985 986 987
f 994 983 984
f 1175 994 984
f 1176 994 1175
f 1169 1171 1168
f 1171 1167 1168
f 1171 1169 1170
f 1178 994 1177
f 2 1247 1248
f 1247 2 3
f 1 1251 930
f 1235 1255 1256
f 1236 1255 1235
f 1235 1187 1190
f 911 1236 910
f 910 1236 909
f 1233 1234 1193
f 1189 1190 1187
f 1234 1190 1191
f 1234 1235 1190
f 1191 1193 1234
f 911 1255 1236
f 1197 1200 1202
f 1199 1197 1198
f 1203 1196 1197
f 1199 1200 1197
f 1192 1193 1191
f 1228 1229 1193
f 1233 1193 1229
f 1228 1194 1196
f 1195 1196 1194
f 1196 1203 1228
f 1193 1194 1228
f 1229 1232 1233
f 1227 1228 1226
f 1299 1300 908 909
f 973 1299 972
f 1299 909 972
f 1298 1299 973
f 1301 1302 872
f 1296 1298 1295
f 1298 975 1295
f 1297 1298 1296
f 183 872 1302
f 975 1298 973
f 908 906 907
f 909 1237 972
f 1229 1231 1232
f 1231 1229 1230
f 973 974 975
f 972 1237 1238
f 969 976 977
f 1238 971 972
f 1295 975 976
f 1237 909 1236
f 1294 1295 976
f 1197 1202 1203
f 903 904 905
f 1202 1200 1201
f 1208 1205 1207
f 1207 1205 1206
f 1211 1204 1205
f 1224 1228 1204
f 1205 1210 1211
f 1208 1209 1210
f 1210 1205 1208
f 1211 1224 1204
f 1213 1215 1216
f 1176 1177 994
f 1213 1214 1215
f 1217 1212 1213
f 1216 1217 1213
f 1220 1218 1219
f 1224 1211 1212
f 1224 1212 1217
f 1224 1226 1228
f 1226 1224 1225
f 1224 1217 1218
f 978 969 977
f 970 971 5
f 1241 971 1238
f 1240 1241 1239
f 971 1241 1242
f 1238 1239 1241
f 1349 976 969
f 1218 1223 1224
f 1222 1223 1221
f 1247 5 1243
f 1221 1223 1218
f 1246 1244 1245
f 1247 1244 1246
f 1242 1243 5
f 1243 1244 1247
f 971 1242 5
f 5 1247 4
f 1221 1218 1220
f 3 4 1247
f 1204 1228 1203
f 970 1349 969
f 1107 1108 1102
f 1105 1106 1107
f 1102 1103 1104
f 1107 1104 1105
f 1102 1104 1107
f 1097 1095 1096
f 1094 1092 1093
f 1112 1114 1115
f 220 221 219
f 222 219 221
f 222 223 224
f 231 1097 1098 230
f 1099 1100 1098
f 230 228 229
f 231 1095 1097
f 1095 231 232
f 1098 1100 230
f 1088 1091 1094
f 1088 1094 1095 1087
f 1089 1090 1091
f 1091 1092 1094
f 1071 1072 1073
f 1080 1078 1079
f 1081 1078 1080
f 1078 1076 1077
f 1089 1091 1088
f 233 1087 1095
f 233 1086 1087
f 1085 1086 234
f 1086 233 234
f 235 237 239
f 232 233 1095
f 236 237 235
f 234 235 1085
f 239 237 238
f 1078 1081 1076
f 240 243 239
f 217 218 215
f 214 215 964
f 211 209 210
f 214 207 211
f 848 215 218
f 213 214 211 212
f 216 217 215
f 203 196 202
f 191 192 186
f 194 203 204
f 196 203 194
f 191 189 190
f 189 191 186
f 188 189 186
f 188 186 187
f 198 196 197
f 196 194 195
f 218 219 847
f 196 201 202
f 138 135 137
f 154 151 153
f 138 140 135
f 167 168 165
f 161 159 160
f 199 200 198
f 198 200 196
f 173 175 177
f 176 177 175
f 181 179 180
f 178 179 96 97
f 96 179 181
f 175 173 174
f 182 1303 181
f 200 201 196
f 178 100 177
f 1083 1075 1076
f 1075 256 1074
f 1075 1083 1084
f 1081 1083 1076
f 1083 1081 1082
f 244 1075 1084
f 244 1084 243
f 1075 244 256
f 235 243 1085
f 244 255 256
f 1084 1085 243
f 239 243 235
f 140 138 139
f 136 137 135
f 140 141 135
f 133 134 132
f 134 131 132
f 142 144 141
f 129 134 141
f 134 135 141
f 247 255 245
f 245 255 244
f 247 245 246
f 250 248 249
f 251 252 253
f 248 250 253
f 251 253 250
f 248 253 247
f 254 247 253
f 242 243 241
f 255 247 254
f 129 130 131
f 144 145 128 129
f 134 129 131
f 144 129 141
f 240 241 243
f 124 126 128
f 126 127 128
f 128 145 124
f 142 143 144
f 259 260 258
f 156 150 151
f 151 152 153
f 156 154 155
f 158 159 162
f 151 154 156
f 120 150 157
f 157 150 156
f 158 120 157
f 147 150 120
f 119 158 163
f 105 119 163
f 120 158 119
f 158 162 163
f 150 147 149
f 168 170 165
f 168 169 170
f 164 165 170
f 165 166 167
f 171 105 164
f 164 105 163
f 171 164 170
f 104 105 171
f 177 100 173
f 100 104 172
f 171 172 104
f 106 119 105
f 159 161 162
f 147 148 149
f 147 120 121
f 123 121 122
f 121 146 147
f 126 124 125
f 124 146 121
f 124 145 146
f 123 124 121
f 114 115 116
f 116 117 118
f 106 108 118
f 106 118 119
f 111 109 110
f 107 108 106
f 114 116 109
f 112 109 111
f 112 114 109
f 112 113 114
f 101 104 100
f 109 116 108
f 118 108 116
f 178 97 100
f 1303 182 183
f 1291 1292 1293
f 1293 1294 1291
f 94 1303 93
f 1304 93 1303
f 181 94 96
f 1307 1304 1306
f 1304 1307 93
f 1304 1305 1306
f 1307 92 93
f 1294 1289 1291
f 1303 94 181
f 1338 1339 1337
f 1340 1342 12
f 1291 1289 1290
f 1308 1309 1310
f 1336 1337 1339
f 1342 1340 1341
f 1308 1310 1311
f 1340 1334 1339
f 1340 12 1331
f 1294 976 1289
f 1313 1307 1308
f 97 98 99
f 1314 1307 1313
f 95 96 94
f 1314 91 92
f 1315 91 1314
f 89 90 91
f 1311 1312 1313
f 1314 92 1307
f 89 91 1315
f 100 172 173
f 1332 1333 1331
f 1340 1331 1333
f 1336 1339 1334
f 1308 1311 1313
f 1335 1336 1334
f 1325 1323 1324
f 1331 1329 1330
f 1334 1340 1333
f 1315 1316 1317
f 1303 183 1302
f 1349 1287 1288
f 1349 1289 976
f 1348 1349 970
f 11 12 9
f 1344 9 12
f 10 11 9
f 1344 1345 9
f 1342 1344 12
f 7 1346 1347
f 1349 1288 1289
f 7 1345 1346
f 1345 7 8
f 1347 6 7
f 6 1347 970
f 50 51 48
f 47 48 51
f 49 50 48
f 47 51 52
f 52 46 47
f 9 1345 8
f 1348 970 1347
f 1328 1329 15
f 15 1329 13
f 15 13 14
f 1331 13 1329
f 1328 1326 1327
f 1326 1320 1325
f 1328 15 16
f 1319 1326 16
f 1326 1328 16
f 21 22 23
f 38 36 37
f 36 39 40
f 45 43 44
f 25 23 24
f 45 42 43
f 36 38 39
f 46 1147 45
f 13 1331 12
f 26 23 25
f 46 52 1146
f 1344 1342 1343
f 970 5 6
f 1320 1323 1325
f 97 99 100
f 1320 1321 1322
f 1326 1319 1320
f 16 17 18
f 1317 89 1315
f 1317 86 89
f 1318 85 1317
f 86 1317 85
f 101 103 104
f 23 26 27
f 27 20 23
f 19 20 27 28
f 18 72 1318
f 1318 1319 18
f 19 69 18
f 72 85 1318
f 58 19 28
f 58 28 29
f 69 19 58
f 18 69 70
f 1319 16 18
f 1320 1322 1323
f 58 59 69
f 75 83 84
f 75 73 74
f 84 73 75
f 72 73 84 85
f 83 75 82
f 87 88 86
f 81 78 80
f 82 75 81
f 76 81 75
f 88 89 86
f 18 71 72
f 67 61 66
f 68 61 67
f 68 69 59
f 80 78 79
f 76 77 81
f 81 77 78
f 68 59 61
f 71 18 70
f 103 101 102
f 30 32 33
f 41 33 40
f 34 35 36
f 34 36 40
f 34 40 33
f 21 23 20
f 1152 29 30
f 1152 30 33
f 1153 29 1152
f 41 42 1152
f 1151 1152 42
f 1152 33 41
f 1153 56 29
f 29 56 58
f 42 45 1151
f 45 1147 1151
f 1147 1149 1151
f 1158 1156 1157
f 1155 1156 55 56
f 1150 1151 1149
f 1148 1149 1147
f 1155 56 1153
f 1146 52 1145
f 1153 1154 1155
f 1147 46 1146
f 1158 55 1156
f 58 56 57
f 62 65 66
f 65 62 64
f 62 66 61
f 1159 54 55
f 1143 54 1159
f 62 63 64
f 55 1158 1159
f 60 61 59
f 1142 1160 1161
f 1160 1142 1143
f 54 1143 1274
f 53 1274 1271
f 1143 1273 1274
f 53 1272 1144
f 1273 1144 1272
f 1271 1272 53
f 1144 1273 1143
f 1274 53 54
f 1144 1145 53
f 1143 1159 1160
f 1145 52 53
f 31 32 30
f 770 768 769
