
CASCADE Topology V3, (c) Open Cascade
Locations 0
Curve2ds 1111
1 2.9695935299654224 3.3154562411062418 0 1 
1 1.3923881287851714 -1.3363264596307671 0 1 
1 1.3923881287851714 -1.3363264596307671 0 1 
1 2.9695935299654224 3.6154562411062421 -1 0 
1 1.3923881287851714 -1.0363264596307673 1 0 
1 1.3923881287851714 -1.0363264596307673 1 0 
1 2.7695965299654119 3.6154562411062421 0 -1 
1 1.5923851287851818 -1.0363264596307673 0 -1 
1 1.5923851287851818 -1.0363264596307673 0 -1 
1 2.7695965299654119 3.2154562411062422 -1 0 
1 1.5923851287851818 -1.4363264596307672 1 0 
1 1.5923851287851818 -1.4363264596307672 1 0 
1 2.0695915299654217 3.2154562411062422 0 -1 
1 2.292390128785172 -1.4363264596307672 0 -1 
1 2.292390128785172 -1.4363264596307672 0 -1 
1 2.0695915299654217 3.1154562411062416 -1 0 
1 2.292390128785172 -1.5363264596307673 1 0 
1 2.292390128785172 -1.5363264596307673 1 0 
1 0.66959052996541857 3.1154562411062416 0 1 
1 3.6923911287851752 -1.5363264596307673 0 1 
1 3.6923911287851752 -1.5363264596307673 0 1 
1 0.66959052996541857 3.2154562411062422 -1 0 
1 3.6923911287851752 -1.4363264596307672 1 0 
1 3.6923911287851752 -1.4363264596307672 1 0 
1 -0.93040847003457827 3.2154562411062422 0 -1 
1 5.292390128785172 -1.4363264596307672 0 -1 
1 5.292390128785172 -1.4363264596307672 0 -1 
1 -0.93040847003457827 3.1154562411062416 -1 0 
1 5.292390128785172 -1.5363264596307673 1 0 
1 5.292390128785172 -1.5363264596307673 1 0 
1 -2.3304094700345814 3.1154562411062416 0 1 
1 6.6923911287851752 -1.5363264596307673 0 1 
1 6.6923911287851752 -1.5363264596307673 0 1 
1 -2.3304094700345814 3.2154562411062422 -1 0 
1 6.6923911287851752 -1.4363264596307672 1 0 
1 6.6923911287851752 -1.4363264596307672 1 0 
1 -4.0304144700345859 3.2154562411062422 0 -1 
1 8.3923961287851796 -1.4363264596307672 0 -1 
1 8.3923961287851796 -1.4363264596307672 0 -1 
1 -4.0304144700345859 3.1154562411062416 -1 0 
1 8.3923961287851796 -1.5363264596307673 1 0 
1 8.3923961287851796 -1.5363264596307673 1 0 
1 -5.4304084700345783 3.1154562411062416 0 1 
1 9.792390128785172 -1.5363264596307673 0 1 
1 9.792390128785172 -1.5363264596307673 0 1 
1 -5.4304084700345783 3.2154562411062422 -1 0 
1 9.792390128785172 -1.4363264596307672 1 0 
1 9.792390128785172 -1.4363264596307672 1 0 
1 -7.0304144700345859 3.2154562411062422 0 -1 
1 11.39239612878518 -1.4363264596307672 0 -1 
1 11.39239612878518 -1.4363264596307672 0 -1 
1 -7.0304144700345859 3.1154562411062416 -1 0 
1 11.39239612878518 -1.5363264596307673 1 0 
1 11.39239612878518 -1.5363264596307673 1 0 
1 -8.4304124700345824 3.1154562411062416 0 1 
1 12.792394128785176 -1.5363264596307673 0 1 
1 12.792394128785176 -1.5363264596307673 0 1 
1 -8.4304124700345824 3.2154562411062422 -1 0 
1 12.792394128785176 -1.4363264596307672 1 0 
1 12.792394128785176 -1.4363264596307672 1 0 
1 -9.1304054700345816 3.2154562411062422 0 1 
1 13.492387128785175 -1.4363264596307672 0 1 
1 13.492387128785175 -1.4363264596307672 0 1 
1 -9.1304054700345816 3.3154562411062418 -1 0 
1 13.492387128785175 -1.3363264596307671 1 0 
1 13.492387128785175 -1.3363264596307671 1 0 
1 -9.4304084700345854 3.3154562411062418 0 1 
1 13.792390128785179 -1.3363264596307671 0 1 
1 13.792390128785179 -1.3363264596307671 0 1 
1 -9.4304084700345854 3.6154562411062421 -1 0 
1 13.792390128785179 -1.0363264596307673 1 0 
1 13.792390128785179 -1.0363264596307673 1 0 
1 -9.6304054700345816 3.6154562411062421 0 -1 
1 13.992387128785175 -1.0363264596307673 0 -1 
1 13.992387128785175 -1.0363264596307673 0 -1 
1 -9.6304054700345816 -0.88454375889375836 -1 0 
1 13.992387128785175 -5.536326459630768 1 0 
1 13.992387128785175 -5.536326459630768 1 0 
1 -9.7054064700345819 -0.88454375889375836 0 -1 
1 14.067388128785176 -5.536326459630768 0 -1 
1 14.067388128785176 -5.536326459630768 0 -1 
1 -9.7054064700345819 -1.0845437588937576 1 0 
1 14.067388128785176 -5.7363264596307673 -1 0 
1 14.067388128785176 -5.7363264596307673 -1 0 
1 -9.4304084700345854 -1.0845437588937576 0 1 
1 13.792390128785179 -5.7363264596307673 0 1 
1 13.792390128785179 -5.7363264596307673 0 1 
1 -9.4304084700345854 0.015456241106241997 1 0 
1 13.792390128785179 -4.6363264596307676 -1 0 
1 13.792390128785179 -4.6363264596307676 -1 0 
1 -5.9304084700345783 0.015456241106241997 0 -1 
1 10.292390128785172 -4.6363264596307676 0 -1 
1 10.292390128785172 -4.6363264596307676 0 -1 
1 -5.9304084700345783 -2.4845447588937581 -1 0 
1 10.292390128785172 -7.1363274596307678 1 0 
1 10.292390128785172 -7.1363274596307678 1 0 
1 -6.8804054700345887 -2.4845447588937581 0 -1 
1 11.242387128785182 -7.1363274596307678 0 -1 
1 11.242387128785182 -7.1363274596307678 0 -1 
1 -6.8804054700345887 -2.5845437588937576 1 0 
1 11.242387128785182 -7.2363264596307673 -1 0 
1 11.242387128785182 -7.2363264596307673 -1 0 
1 -5.7554054700345887 -2.5845437588937576 0 1 
1 10.117387128785182 -7.2363264596307673 0 1 
1 10.117387128785182 -7.2363264596307673 0 1 
1 -5.7554054700345887 -2.4845447588937581 -1 0 
1 10.117387128785182 -7.1363274596307678 1 0 
1 10.117387128785182 -7.1363274596307678 1 0 
1 -5.8304094700345814 -2.4845447588937581 0 1 
1 10.192391128785175 -7.1363274596307678 0 1 
1 10.192391128785175 -7.1363274596307678 0 1 
1 -5.8304094700345814 -0.88454375889375836 1 0 
1 10.192391128785175 -5.536326459630768 -1 0 
1 10.192391128785175 -5.536326459630768 -1 0 
1 -4.3304094700345814 -0.88454375889375836 0 -1 
1 8.6923911287851752 -5.536326459630768 0 -1 
1 8.6923911287851752 -5.536326459630768 0 -1 
1 -4.3304094700345814 -2.4845447588937581 -1 0 
1 8.6923911287851752 -7.1363274596307678 1 0 
1 8.6923911287851752 -7.1363274596307678 1 0 
1 -4.9054064700345776 -2.4845447588937581 0 -1 
1 9.2673881287851714 -7.1363274596307678 0 -1 
1 9.2673881287851714 -7.1363274596307678 0 -1 
1 -4.9054064700345776 -2.5845437588937576 1 0 
1 9.2673881287851714 -7.2363264596307673 -1 0 
1 9.2673881287851714 -7.2363264596307673 -1 0 
1 -4.2304034700345881 -2.5845437588937576 0 1 
1 8.5923851287851818 -7.2363264596307673 0 1 
1 8.5923851287851818 -7.2363264596307673 0 1 
1 -4.2304034700345881 -0.88454375889375836 1 0 
1 8.5923851287851818 -5.536326459630768 -1 0 
1 8.5923851287851818 -5.536326459630768 -1 0 
1 -3.1304054700345887 -0.88454375889375836 0 -1 
1 7.4923871287851824 -5.536326459630768 0 -1 
1 7.4923871287851824 -5.536326459630768 0 -1 
1 -3.1304054700345887 -2.5845437588937576 1 0 
1 7.4923871287851824 -7.2363264596307673 -1 0 
1 7.4923871287851824 -7.2363264596307673 -1 0 
1 -2.9554094700345814 -2.5845437588937576 0 1 
1 7.3173911287851752 -7.2363264596307673 0 1 
1 7.3173911287851752 -7.2363264596307673 0 1 
1 -2.9554094700345814 -2.4845447588937581 -1 0 
1 7.3173911287851752 -7.1363274596307678 1 0 
1 7.3173911287851752 -7.1363274596307678 1 0 
1 -3.0304064700345776 -2.4845447588937581 0 1 
1 7.3923881287851714 -7.1363274596307678 0 1 
1 7.3923881287851714 -7.1363274596307678 0 1 
1 -3.0304064700345776 0.015456241106241997 1 0 
1 7.3923881287851714 -4.6363264596307676 -1 0 
1 7.3923881287851714 -4.6363264596307676 -1 0 
1 -1.4304084700345783 0.015456241106241997 0 -1 
1 5.792390128785172 -4.6363264596307676 0 -1 
1 5.792390128785172 -4.6363264596307676 0 -1 
1 -1.4304084700345783 -2.4845447588937581 -1 0 
1 5.792390128785172 -7.1363274596307678 1 0 
1 5.792390128785172 -7.1363274596307678 1 0 
1 -2.1054034700345881 -2.4845447588937581 0 -1 
1 6.4673851287851818 -7.1363274596307678 0 -1 
1 6.4673851287851818 -7.1363274596307678 0 -1 
1 -2.1054034700345881 -2.5845437588937576 1 0 
1 6.4673851287851818 -7.2363264596307673 -1 0 
1 6.4673851287851818 -7.2363264596307673 -1 0 
1 -1.8804054700345887 -2.5845437588937576 0 -1 
1 6.2423871287851824 -7.2363264596307673 0 -1 
1 6.2423871287851824 -7.2363264596307673 0 -1 
1 -1.8804054700345887 -3.6845437588937573 -1 0 
1 6.2423871287851824 -8.3363264596307669 1 0 
1 6.2423871287851824 -8.3363264596307669 1 0 
1 -2.0304064700345776 -3.6845437588937573 0 -1 
1 6.3923881287851714 -8.3363264596307669 0 -1 
1 6.3923881287851714 -8.3363264596307669 0 -1 
1 -2.0304064700345776 -3.7845437588937587 1 0 
1 6.3923881287851714 -8.4363264596307683 -1 0 
1 6.3923881287851714 -8.4363264596307683 -1 0 
1 -1.1804084700345783 -3.7845437588937587 0 1 
1 5.542390128785172 -8.4363264596307683 0 1 
1 5.542390128785172 -8.4363264596307683 0 1 
1 -1.1804084700345783 -3.6845437588937573 -1 0 
1 5.542390128785172 -8.3363264596307669 1 0 
1 5.542390128785172 -8.3363264596307669 1 0 
1 -1.7804064700345776 -3.6845437588937573 0 1 
1 6.1423881287851714 -8.3363264596307669 0 1 
1 6.1423881287851714 -8.3363264596307669 0 1 
1 -1.7804064700345776 -2.5845437588937576 1 0 
1 6.1423881287851714 -7.2363264596307673 -1 0 
1 6.1423881287851714 -7.2363264596307673 -1 0 
1 -1.0554084700345783 -2.5845437588937576 0 1 
1 5.417390128785172 -7.2363264596307673 0 1 
1 5.417390128785172 -7.2363264596307673 0 1 
1 -1.0554084700345783 -2.4845447588937581 -1 0 
1 5.417390128785172 -7.1363274596307678 1 0 
1 5.417390128785172 -7.1363274596307678 1 0 
1 -1.3304094700345814 -2.4845447588937581 0 1 
1 5.6923911287851752 -7.1363274596307678 0 1 
1 5.6923911287851752 -7.1363274596307678 0 1 
1 -1.3304094700345814 0.015456241106241997 1 0 
1 5.6923911287851752 -4.6363264596307676 -1 0 
1 5.6923911287851752 -4.6363264596307676 -1 0 
1 2.5695915299654217 0.015456241106241997 0 -1 
1 1.792390128785172 -4.6363264596307676 0 -1 
1 1.792390128785172 -4.6363264596307676 0 -1 
1 2.5695915299654217 -2.7845437588937578 -1 0 
1 1.792390128785172 -7.4363264596307674 1 0 
1 1.792390128785172 -7.4363264596307674 1 0 
1 2.3945965299654119 -2.7845437588937578 0 -1 
1 1.9673851287851818 -7.4363264596307674 0 -1 
1 1.9673851287851818 -7.4363264596307674 0 -1 
1 2.3945965299654119 -2.8845437588937584 1 0 
1 1.9673851287851818 -7.536326459630768 -1 0 
1 1.9673851287851818 -7.536326459630768 -1 0 
1 3.1195945299654113 -2.8845437588937584 0 -1 
1 1.2423871287851824 -7.536326459630768 0 -1 
1 1.2423871287851824 -7.536326459630768 0 -1 
1 3.1195945299654113 -3.9845447588937573 -1 0 
1 1.2423871287851824 -8.6363274596307669 1 0 
1 1.2423871287851824 -8.6363274596307669 1 0 
1 2.4695935299654224 -3.9845447588937573 0 -1 
1 1.8923881287851714 -8.6363274596307669 0 -1 
1 1.8923881287851714 -8.6363274596307669 0 -1 
1 2.4695935299654224 -4.0845437588937576 1 0 
1 1.8923881287851714 -8.7363264596307673 -1 0 
1 1.8923881287851714 -8.7363264596307673 -1 0 
1 3.2195935299654224 -4.0845437588937576 0 1 
1 1.1423881287851714 -8.7363264596307673 0 1 
1 1.1423881287851714 -8.7363264596307673 0 1 
1 3.2195935299654224 -2.8845437588937584 1 0 
1 1.1423881287851714 -7.536326459630768 -1 0 
1 1.1423881287851714 -7.536326459630768 -1 0 
1 3.4195905299654186 -2.8845437588937584 0 1 
1 0.94239112878517517 -7.536326459630768 0 1 
1 0.94239112878517517 -7.536326459630768 0 1 
1 3.4195905299654186 -2.7845437588937578 -1 0 
1 0.94239112878517517 -7.4363264596307674 1 0 
1 0.94239112878517517 -7.4363264596307674 1 0 
1 2.6695905299654186 -2.7845437588937578 0 1 
1 1.6923911287851752 -7.4363264596307674 0 1 
1 1.6923911287851752 -7.4363264596307674 0 1 
1 2.6695905299654186 -1.6845437588937582 1 0 
1 1.6923911287851752 -6.3363264596307678 -1 0 
1 1.6923911287851752 -6.3363264596307678 -1 0 
1 3.2695885299654179 -1.6845437588937582 0 1 
1 1.0923931287851758 -6.3363264596307678 0 1 
1 1.0923931287851758 -6.3363264596307678 0 1 
1 3.2695885299654179 -1.5845437588937576 -1 0 
1 1.0923931287851758 -6.2363264596307673 1 0 
1 1.0923931287851758 -6.2363264596307673 1 0 
1 3.2195935299654224 -1.5845437588937576 0 1 
1 1.1423881287851714 -6.2363264596307673 0 1 
1 1.1423881287851714 -6.2363264596307673 0 1 
1 3.2195935299654224 -0.734543758893758 1 0 
1 1.1423881287851714 -5.3863264596307676 -1 0 
1 1.1423881287851714 -5.3863264596307676 -1 0 
1 4.4195825299654103 -0.734543758893758 0 -1 
1 -0.057600871214816607 -5.3863264596307676 0 -1 
1 -0.057600871214816607 -5.3863264596307676 0 -1 
1 4.4195825299654103 -1.5845437588937576 -1 0 
1 -0.057600871214816607 -6.2363264596307673 1 0 
1 -0.057600871214816607 -6.2363264596307673 1 0 
1 4.3695875299654148 -1.5845437588937576 0 -1 
1 -0.0076058712148210361 -6.2363264596307673 0 -1 
1 -0.0076058712148210361 -6.2363264596307673 0 -1 
1 4.3695875299654148 -1.6845437588937582 1 0 
1 -0.0076058712148210361 -6.3363264596307678 -1 0 
1 -0.0076058712148210361 -6.3363264596307678 -1 0 
1 6.0945855299654141 -1.6845437588937582 0 1 
1 -1.7326038712148204 -6.3363264596307678 0 1 
1 -1.7326038712148204 -6.3363264596307678 0 1 
1 6.0945855299654141 -1.5845437588937576 -1 0 
1 -1.7326038712148204 -6.2363264596307673 1 0 
1 -1.7326038712148204 -6.2363264596307673 1 0 
1 4.5195885299654179 -1.5845437588937576 0 1 
1 -0.1576068712148242 -6.2363264596307673 0 1 
1 -0.1576068712148242 -6.2363264596307673 0 1 
1 4.5195885299654179 0.015456241106241997 1 0 
1 -0.1576068712148242 -4.6363264596307676 -1 0 
1 -0.1576068712148242 -4.6363264596307676 -1 0 
1 7.0195885299654179 0.015456241106241997 0 -1 
1 -2.6576068712148242 -4.6363264596307676 0 -1 
1 -2.6576068712148242 -4.6363264596307676 0 -1 
1 7.0195885299654179 -1.5845437588937576 -1 0 
1 -2.6576068712148242 -6.2363264596307673 1 0 
1 -2.6576068712148242 -6.2363264596307673 1 0 
1 6.9445835299654135 -1.5845437588937576 0 -1 
1 -2.5826018712148198 -6.2363264596307673 0 -1 
1 -2.5826018712148198 -6.2363264596307673 0 -1 
1 6.9445835299654135 -1.6845437588937582 1 0 
1 -2.5826018712148198 -6.3363264596307678 -1 0 
1 -2.5826018712148198 -6.3363264596307678 -1 0 
1 7.1195875299654148 -1.6845437588937582 0 1 
1 -2.757605871214821 -6.3363264596307678 0 1 
1 -2.757605871214821 -6.3363264596307678 0 1 
1 7.1195875299654148 0.44045624110624182 -1 0 
1 -2.757605871214821 -4.2113264596307678 1 0 
1 -2.757605871214821 -4.2113264596307678 1 0 
1 6.9195825299654103 0.44045624110624182 0 -1 
1 -2.5576008712148166 -4.2113264596307678 0 -1 
1 -2.5576008712148166 -4.2113264596307678 0 -1 
1 6.9195825299654103 0.21545624110624217 -1 0 
1 -2.5576008712148166 -4.4363264596307674 1 0 
1 -2.5576008712148166 -4.4363264596307674 1 0 
1 4.9195905299654186 0.21545624110624217 0 1 
1 -0.55760887121482483 -4.4363264596307674 0 1 
1 -0.55760887121482483 -4.4363264596307674 0 1 
1 4.9195905299654186 1.515456241106242 1 0 
1 -0.55760887121482483 -3.1363264596307672 -1 0 
1 -0.55760887121482483 -3.1363264596307672 -1 0 
1 6.9195825299654103 1.515456241106242 0 -1 
1 -2.5576008712148166 -3.1363264596307672 0 -1 
1 -2.5576008712148166 -3.1363264596307672 0 -1 
1 6.9195825299654103 1.2904562411062419 1 0 
1 -2.5576008712148166 -3.3613264596307673 -1 0 
1 -2.5576008712148166 -3.3613264596307673 -1 0 
1 7.1195875299654148 1.2904562411062419 0 1 
1 -2.757605871214821 -3.3613264596307673 0 1 
1 -2.757605871214821 -3.3613264596307673 0 1 
1 7.1195875299654148 2.4154562411062419 1 0 
1 -2.757605871214821 -2.2363264596307673 -1 0 
1 -2.757605871214821 -2.2363264596307673 -1 0 
1 7.2195855299654141 2.4154562411062419 0 1 
1 -2.8576038712148204 -2.2363264596307673 0 1 
1 -2.8576038712148204 -2.2363264596307673 0 1 
1 7.2195855299654141 2.6154562411062416 -1 0 
1 -2.8576038712148204 -2.0363264596307675 1 0 
1 -2.8576038712148204 -2.0363264596307675 1 0 
1 7.1195875299654148 2.6154562411062416 0 1 
1 -2.757605871214821 -2.0363264596307675 0 1 
1 -2.757605871214821 -2.0363264596307675 0 1 
1 7.1195875299654148 3.3154562411062418 -1 0 
1 -2.757605871214821 -1.3363264596307671 1 0 
1 -2.757605871214821 -1.3363264596307671 1 0 
1 6.6525465299654201 3.3154562411062418 0 -1 
1 -2.2905648712148263 -1.3363264596307671 0 -1 
1 -2.2905648712148263 -1.3363264596307671 0 -1 
1 6.6525465299654201 3.1154562411062416 1 0 
1 -2.2905648712148263 -1.5363264596307673 -1 0 
1 -2.2905648712148263 -1.5363264596307673 -1 0 
1 6.9195825299654103 3.1154562411062416 0 -1 
1 -2.5576008712148166 -1.5363264596307673 0 -1 
1 -2.5576008712148166 -1.5363264596307673 0 -1 
1 6.9195825299654103 1.7154562411062422 -1 0 
1 -2.5576008712148166 -2.936326459630767 1 0 
1 -2.5576008712148166 -2.936326459630767 1 0 
1 4.9195905299654186 1.7154562411062422 0 1 
1 -0.55760887121482483 -2.936326459630767 0 1 
1 -0.55760887121482483 -2.936326459630767 0 1 
1 4.9195905299654186 3.1154562411062416 1 0 
1 -0.55760887121482483 -1.5363264596307673 -1 0 
1 -0.55760887121482483 -1.5363264596307673 -1 0 
1 5.4525415299654156 3.1154562411062416 0 1 
1 -1.0905598712148219 -1.5363264596307673 0 1 
1 -1.0905598712148219 -1.5363264596307673 0 1 
1 5.4525415299654156 3.3154562411062418 -1 0 
1 -1.0905598712148219 -1.3363264596307671 1 0 
1 -1.0905598712148219 -1.3363264596307671 1 0 
1 4.2145955299654219 3.3154562411062418 0 -1 
1 0.14738612878517188 -1.3363264596307671 0 -1 
1 0.14738612878517188 -1.3363264596307671 0 -1 
1 4.2145955299654219 3.1154562411062416 1 0 
1 0.14738612878517188 -1.5363264596307673 -1 0 
1 0.14738612878517188 -1.5363264596307673 -1 0 
1 4.4195905299654186 3.1154562411062416 0 -1 
1 -0.057608871214824831 -1.5363264596307673 0 -1 
1 -0.057608871214824831 -1.5363264596307673 0 -1 
1 4.4195905299654186 0.96545624110624217 -1 0 
1 -0.057608871214824831 -3.686326459630767 1 0 
1 -0.057608871214824831 -3.686326459630767 1 0 
1 3.8695875299654148 0.96545624110624217 0 -1 
1 0.49239412878517896 -3.686326459630767 0 -1 
1 0.49239412878517896 -3.686326459630767 0 -1 
1 3.8695875299654148 0.41545624110624235 -1 0 
1 0.49239412878517896 -4.2363264596307673 1 0 
1 0.49239412878517896 -4.2363264596307673 1 0 
1 3.0695915299654217 0.41545624110624235 0 1 
1 1.292390128785172 -4.2363264596307673 0 1 
1 1.292390128785172 -4.2363264596307673 0 1 
1 3.0695915299654217 3.1154562411062416 1 0 
1 1.292390128785172 -1.5363264596307673 -1 0 
1 1.292390128785172 -1.5363264596307673 -1 0 
1 3.2645915299654149 3.1154562411062416 0 1 
1 1.0973901287851788 -1.5363264596307673 0 1 
1 1.0973901287851788 -1.5363264596307673 0 1 
1 3.2645915299654149 3.3154562411062418 -1 0 
1 1.0973901287851788 -1.3363264596307671 1 0 
1 1.0973901287851788 -1.3363264596307671 1 0 
1 0.16974944255690616 2.8032960369209077 1 0 
1 16.76780412878518 -5.5859494596307675 -1 0 
1 16.76780412878518 -5.5859494596307675 -1 0 
1 0.89474744255691263 2.8032960369209077 0 -1 
1 16.042806128785173 -5.5859494596307675 0 -1 
1 16.042806128785173 -5.5859494596307675 0 -1 
1 0.89474744255691263 1.3032960369209077 -1 0 
1 16.042806128785173 -7.0859494596307675 1 0 
1 16.042806128785173 -7.0859494596307675 1 0 
1 -0.75524955744309352 1.3032960369209077 0 1 
1 17.692803128785179 -7.0859494596307675 0 1 
1 17.692803128785179 -7.0859494596307675 0 1 
1 -0.75524955744309352 2.8032960369209077 1 0 
1 17.692803128785179 -5.5859494596307675 -1 0 
1 17.692803128785179 -5.5859494596307675 -1 0 
1 -0.68024955744309068 2.8032960369209077 0 1 
1 17.617803128785177 -5.5859494596307675 0 1 
1 17.617803128785177 -5.5859494596307675 0 1 
1 -0.68024955744309068 2.9032960369209073 -1 0 
1 17.617803128785177 -5.4859494596307679 1 0 
1 17.617803128785177 -5.4859494596307679 1 0 
1 -0.85525255744308737 2.9032960369209073 0 -1 
1 17.792806128785173 -5.4859494596307679 0 -1 
1 17.792806128785173 -5.4859494596307679 0 -1 
1 -0.85525255744308737 0.30329603692090679 -1 0 
1 17.792806128785173 -8.0859494596307684 1 0 
1 17.792806128785173 -8.0859494596307684 1 0 
1 -3.4052515574430942 0.30329603692090679 0 -1 
1 20.34280512878518 -8.0859494596307684 0 -1 
1 20.34280512878518 -8.0859494596307684 0 -1 
1 -3.4052515574430942 -1.0967039630790918 1 0 
1 20.34280512878518 -9.485949459630767 -1 0 
1 20.34280512878518 -9.485949459630767 -1 0 
1 -3.0802505574430938 -1.0967039630790918 0 1 
1 20.01780412878518 -9.485949459630767 0 1 
1 20.01780412878518 -9.485949459630767 0 1 
1 -3.0802505574430938 -0.99670396307909215 -1 0 
1 20.01780412878518 -9.3859494596307673 1 0 
1 20.01780412878518 -9.3859494596307673 1 0 
1 -3.3052495574430907 -0.99670396307909215 0 1 
1 20.242803128785177 -9.3859494596307673 0 1 
1 20.242803128785177 -9.3859494596307673 0 1 
1 -3.3052495574430907 0.20329603692090714 1 0 
1 20.242803128785177 -8.185949459630768 -1 0 
1 20.242803128785177 -8.185949459630768 -1 0 
1 -1.7552495574430935 0.20329603692090714 0 -1 
1 18.692803128785179 -8.185949459630768 0 -1 
1 18.692803128785179 -8.185949459630768 0 -1 
1 -1.7552495574430935 -0.99670396307909215 -1 0 
1 18.692803128785179 -9.3859494596307673 1 0 
1 18.692803128785179 -9.3859494596307673 1 0 
1 -1.9802525574430874 -0.99670396307909215 0 -1 
1 18.917806128785173 -9.3859494596307673 0 -1 
1 18.917806128785173 -9.3859494596307673 0 -1 
1 -1.9802525574430874 -1.0967039630790918 1 0 
1 18.917806128785173 -9.485949459630767 -1 0 
1 18.917806128785173 -9.485949459630767 -1 0 
1 -1.7552495574430935 -1.0967039630790918 0 -1 
1 18.692803128785179 -9.485949459630767 0 -1 
1 18.692803128785179 -9.485949459630767 0 -1 
1 -1.7552495574430935 -1.2717039630790925 1 0 
1 18.692803128785179 -9.6609494596307677 -1 0 
1 18.692803128785179 -9.6609494596307677 -1 0 
1 -1.6552515574430942 -1.2717039630790925 0 1 
1 18.59280512878518 -9.6609494596307677 0 1 
1 18.59280512878518 -9.6609494596307677 0 1 
1 -1.6552515574430942 -0.59670396307909179 1 0 
1 18.59280512878518 -8.985949459630767 -1 0 
1 18.59280512878518 -8.985949459630767 -1 0 
1 -0.75524955744309352 -0.59670396307909179 0 1 
1 17.692803128785179 -8.985949459630767 0 1 
1 17.692803128785179 -8.985949459630767 0 1 
1 -0.75524955744309352 -0.19670396307909321 1 0 
1 17.692803128785179 -8.5859494596307684 -1 0 
1 17.692803128785179 -8.5859494596307684 -1 0 
1 -0.68024955744309068 -0.19670396307909321 0 1 
1 17.617803128785177 -8.5859494596307684 0 1 
1 17.617803128785177 -8.5859494596307684 0 1 
1 -0.68024955744309068 -0.096703963079091793 -1 0 
1 17.617803128785177 -8.485949459630767 1 0 
1 17.617803128785177 -8.485949459630767 1 0 
1 -0.75524955744309352 -0.096703963079091793 0 1 
1 17.692803128785179 -8.485949459630767 0 1 
1 17.692803128785179 -8.485949459630767 0 1 
1 -0.75524955744309352 1.1031980369209071 1 0 
1 17.692803128785179 -7.2860474596307681 -1 0 
1 17.692803128785179 -7.2860474596307681 -1 0 
1 1.4951654425569103 1.1031980369209071 0 -1 
1 15.442388128785176 -7.2860474596307681 0 -1 
1 15.442388128785176 -7.2860474596307681 0 -1 
1 1.4951654425569103 -0.097080963079092086 -0.74018213923723142 0.67240642527729888 
1 15.442388128785176 -8.4863264596307673 0.74018213923723142 0.67240642527729888 
1 15.442388128785176 -8.4863264596307673 0.74018213923723142 0.67240642527729888 
1 1.4947504425569065 -0.096703963079091793 -1 0 
1 15.442803128785179 -8.485949459630767 1 0 
1 15.442803128785179 -8.485949459630767 1 0 
1 0.16974944255690616 -0.096703963079091793 0 -1 
1 16.76780412878518 -8.485949459630767 0 -1 
1 16.76780412878518 -8.485949459630767 0 -1 
1 0.16974944255690616 -0.19670396307909321 1 0 
1 16.76780412878518 -8.5859494596307684 -1 0 
1 16.76780412878518 -8.5859494596307684 -1 0 
1 1.4951654425569103 -0.19670396307909321 0 -1 
1 15.442388128785176 -8.5859494596307684 0 -1 
1 15.442388128785176 -8.5859494596307684 0 -1 
1 1.4951654425569103 -3.4470809630790917 -1 0 
1 15.442388128785176 -11.836326459630767 1 0 
1 15.442388128785176 -11.836326459630767 1 0 
1 1.4251664425569075 -3.4470809630790917 0 -1 
1 15.512387128785178 -11.836326459630767 0 -1 
1 15.512387128785178 -11.836326459630767 0 -1 
1 1.4251664425569075 -4.767080963079092 1 0 
1 15.512387128785178 -13.156326459630767 -1 0 
1 15.512387128785178 -13.156326459630767 -1 0 
1 1.9651634425569071 -4.767080963079092 0 1 
1 14.972390128785179 -13.156326459630767 0 1 
1 14.972390128785179 -13.156326459630767 0 1 
1 1.9651634425569071 -4.4470809630790917 -1 0 
1 14.972390128785179 -12.836326459630767 1 0 
1 14.972390128785179 -12.836326459630767 1 0 
1 1.8951634425569068 -4.4470809630790917 0 1 
1 15.042390128785179 -12.836326459630767 0 1 
1 15.042390128785179 -12.836326459630767 0 1 
1 1.8951634425569068 0.052919036920908269 -1 0 
1 15.042390128785179 -8.3363264596307669 1 0 
1 15.042390128785179 -8.3363264596307669 1 0 
1 1.6951664425569106 0.052919036920908269 0 1 
1 15.242387128785175 -8.3363264596307669 0 1 
1 15.242387128785175 -8.3363264596307669 0 1 
1 1.6951664425569106 2.6529190369209079 1 0 
1 15.242387128785175 -5.7363264596307673 -1 0 
1 15.242387128785175 -5.7363264596307673 -1 0 
1 1.7701634425569068 2.6529190369209079 0 1 
1 15.167390128785179 -5.7363264596307673 0 1 
1 15.167390128785179 -5.7363264596307673 0 1 
1 1.7701634425569068 2.8529190369209072 -1 0 
1 15.167390128785179 -5.536326459630768 1 0 
1 15.167390128785179 -5.536326459630768 1 0 
1 1.4951654425569103 2.8529190369209072 0 -1 
1 15.442388128785176 -5.536326459630768 0 -1 
1 15.442388128785176 -5.536326459630768 0 -1 
1 1.4951654425569103 2.8525410369209077 -1 0 
1 15.442388128785176 -5.5367044596307675 1 0 
1 15.442388128785176 -5.5367044596307675 1 0 
1 1.1451634425569068 2.8525410369209077 0 1 
1 15.792390128785179 -5.5367044596307675 0 1 
1 15.792390128785179 -5.5367044596307675 0 1 
1 1.1451634425569068 3.0782960369209071 -1 0 
1 15.792390128785179 -5.310949459630768 1 0 
1 15.792390128785179 -5.310949459630768 1 0 
1 0.94516644255691062 3.0782960369209071 0 -1 
1 15.992387128785175 -5.310949459630768 0 -1 
1 15.992387128785175 -5.310949459630768 0 -1 
1 0.94516644255691062 2.9032960369209073 -1 0 
1 15.992387128785175 -5.4859494596307679 1 0 
1 15.992387128785175 -5.4859494596307679 1 0 
1 0.16974944255690616 2.9032960369209073 0 -1 
1 16.76780412878518 -5.4859494596307679 0 -1 
1 16.76780412878518 -5.4859494596307679 0 -1 
1 25.642388128785178 -11.086326459630767 -1 0 
1 25.642388128785178 -11.086326459630767 -1 0 
1 22.442388128785176 -11.086326459630767 0 1 
1 22.442388128785176 -11.086326459630767 0 1 
1 22.442388128785176 -10.785949459630768 -1 0 
1 22.442388128785176 -10.785949459630768 -1 0 
1 21.542806128785173 -10.785949459630768 0 -1 
1 21.542806128785173 -10.785949459630768 0 -1 
1 21.542806128785173 -11.035949459630768 -1 0 
1 21.542806128785173 -11.035949459630768 -1 0 
1 21.442803128785179 -11.035949459630768 0 1 
1 21.442803128785179 -11.035949459630768 0 1 
1 21.442803128785179 -10.786327459630767 -1 0 
1 21.442803128785179 -10.786327459630767 -1 0 
1 21.442388128785176 -10.786327459630767 0 1 
1 21.442388128785176 -10.786327459630767 0 1 
1 21.442388128785176 -9.9109494596307677 1 0 
1 21.442388128785176 -9.9109494596307677 1 0 
1 21.542390128785179 -9.9109494596307677 0.00061629617924655836 -0.99999981008949168 
1 21.542390128785179 -9.9109494596307677 0.00061629617924655836 -0.99999981008949168 
1 21.542806128785173 -10.585949459630768 1 0 
1 21.542806128785173 -10.585949459630768 1 0 
1 22.442388128785176 -10.585949459630768 0 -1 
1 22.442388128785176 -10.585949459630768 0 -1 
1 22.442388128785176 -10.586326459630767 1 0 
1 22.442388128785176 -10.586326459630767 1 0 
1 25.642388128785178 -10.586326459630767 0 -1 
1 25.642388128785178 -10.586326459630767 0 -1 
1 25.642388128785178 -15.086326459630767 0 -1 
1 25.642388128785178 -15.086326459630767 0 -1 
1 25.642388128785178 -15.186327459630768 -1 0 
1 25.642388128785178 -15.186327459630768 -1 0 
1 21.367803128785177 -15.186327459630768 0 1 
1 21.367803128785177 -15.186327459630768 0 1 
1 21.367803128785177 -15.086326459630767 1 0 
1 21.367803128785177 -15.086326459630767 1 0 
1 21.442803128785179 -15.086326459630767 0 1 
1 21.442803128785179 -15.086326459630767 0 1 
1 21.442803128785179 -11.985949459630767 1 0 
1 21.442803128785179 -11.985949459630767 1 0 
1 21.542806128785173 -11.985949459630767 0 -1 
1 21.542806128785173 -11.985949459630767 0 -1 
1 21.542806128785173 -12.786326459630768 1 0 
1 21.542806128785173 -12.786326459630768 1 0 
1 22.14280412878518 -12.786326459630768 0 -1 
1 22.14280412878518 -12.786326459630768 0 -1 
1 22.14280412878518 -12.886327459630767 -1 0 
1 22.14280412878518 -12.886327459630767 -1 0 
1 21.542806128785173 -12.886327459630767 0 -1 
1 21.542806128785173 -12.886327459630767 0 -1 
1 21.542806128785173 -15.086326459630767 1 0 
1 21.542806128785173 -15.086326459630767 1 0 
1 20.172387128785175 -0.18632645963076722 0 1 
1 20.172387128785175 -0.18632645963076722 0 1 
1 20.172387128785175 -0.086326459630767211 1 0 
1 20.172387128785175 -0.086326459630767211 1 0 
1 23.817803128785179 -0.086326459630767211 0 -1 
1 23.817803128785179 -0.086326459630767211 0 -1 
1 23.817803128785179 -0.18632645963076722 -1 0 
1 23.817803128785179 -0.18632645963076722 -1 0 
1 -3.0914229391244987 5.9967201156961885 1 0 
1 -19.862608871214817 1.6636735403692329 -1 0 
1 -19.862608871214817 1.6636735403692329 -1 0 
1 -2.9964219391244882 5.9967201156961885 0 -1 
1 -19.957609871214828 1.6636735403692329 0 -1 
1 -19.957609871214828 1.6636735403692329 0 -1 
1 -2.9964219391244882 0.096720115696188991 1 0 
1 -19.957609871214828 -4.2363264596307673 -1 0 
1 -19.957609871214828 -4.2363264596307673 -1 0 
1 -2.796416939124498 0.096720115696188991 0 1 
1 -20.157614871214818 -4.2363264596307673 0 1 
1 -20.157614871214818 -4.2363264596307673 0 1 
1 -2.796416939124498 0.24672011569618846 1 0 
1 -20.157614871214818 -4.0863264596307678 -1 0 
1 -20.157614871214818 -4.0863264596307678 -1 0 
1 -1.5964199391244875 0.24672011569618846 0 -1 
1 -21.357611871214829 -4.0863264596307678 0 -1 
1 -21.357611871214829 -4.0863264596307678 0 -1 
1 -1.5964199391244875 -1.0782798843038117 1 0 
1 -21.357611871214829 -5.411326459630768 -1 0 
1 -21.357611871214829 -5.411326459630768 -1 0 
1 -1.4964219391244882 -1.0782798843038117 0 1 
1 -21.457609871214828 -5.411326459630768 0 1 
1 -21.457609871214828 -5.411326459630768 0 1 
1 -1.4964219391244882 -0.20327988430381172 1 0 
1 -21.457609871214828 -4.536326459630768 -1 0 
1 -21.457609871214828 -4.536326459630768 -1 0 
1 -0.096419939124487541 -0.20327988430381172 0 -1 
1 -22.857611871214829 -4.536326459630768 0 -1 
1 -22.857611871214829 -4.536326459630768 0 -1 
1 -0.096419939124487541 -2.0032798843038115 -1 0 
1 -22.857611871214829 -6.3363264596307678 1 0 
1 -22.857611871214829 -6.3363264596307678 1 0 
1 -1.4964219391244882 -2.0032798843038115 0 1 
1 -21.457609871214828 -6.3363264596307678 0 1 
1 -21.457609871214828 -6.3363264596307678 0 1 
1 -1.4964219391244882 -1.9282798843038114 -1 0 
1 -21.457609871214828 -6.2613264596307676 1 0 
1 -21.457609871214828 -6.2613264596307676 1 0 
1 -1.5964199391244875 -1.9282798843038114 0 -1 
1 -21.357611871214829 -6.2613264596307676 0 -1 
1 -21.357611871214829 -6.2613264596307676 0 -1 
1 -1.5964199391244875 -2.1032798843038112 1 0 
1 -21.357611871214829 -6.4363264596307674 -1 0 
1 -21.357611871214829 -6.4363264596307674 -1 0 
1 0.85357706087550866 -2.1032798843038112 0 -1 
1 -23.807608871214825 -6.4363264596307674 0 -1 
1 -23.807608871214825 -6.4363264596307674 0 -1 
1 0.85357706087550866 -4.5032798843038107 1 0 
1 -23.807608871214825 -8.8363264596307669 -1 0 
1 -23.807608871214825 -8.8363264596307669 -1 0 
1 2.2535780608755118 -4.5032798843038107 0 1 
1 -25.207609871214828 -8.8363264596307669 0 1 
1 -25.207609871214828 -8.8363264596307669 0 1 
1 2.2535780608755118 -4.278279884303811 -1 0 
1 -25.207609871214828 -8.6113264596307673 1 0 
1 -25.207609871214828 -8.6113264596307673 1 0 
1 2.1535800608755125 -4.278279884303811 0 -1 
1 -25.107611871214829 -8.6113264596307673 0 -1 
1 -25.107611871214829 -8.6113264596307673 0 -1 
1 2.1535800608755125 -4.403279884303811 -1 0 
1 -25.107611871214829 -8.7363264596307673 1 0 
1 -25.107611871214829 -8.7363264596307673 1 0 
1 0.95358306087550204 -4.403279884303811 0 1 
1 -23.907614871214818 -8.7363264596307673 0 1 
1 -23.907614871214818 -8.7363264596307673 0 1 
1 0.95358306087550204 -3.0532808843038115 1 0 
1 -23.907614871214818 -7.3863274596307678 -1 0 
1 -23.907614871214818 -7.3863274596307678 -1 0 
1 2.1535800608755125 -3.0532808843038115 0 -1 
1 -25.107611871214829 -7.3863274596307678 0 -1 
1 -25.107611871214829 -7.3863274596307678 0 -1 
1 2.1535800608755125 -3.1782808843038115 1 0 
1 -25.107611871214829 -7.5113274596307678 -1 0 
1 -25.107611871214829 -7.5113274596307678 -1 0 
1 2.2535780608755118 -3.1782808843038115 0 1 
1 -25.207609871214828 -7.5113274596307678 0 1 
1 -25.207609871214828 -7.5113274596307678 0 1 
1 2.2535780608755118 -3.0532808843038115 1 0 
1 -25.207609871214828 -7.3863274596307678 -1 0 
1 -25.207609871214828 -7.3863274596307678 -1 0 
1 2.4285810608755014 -3.0532808843038115 0 1 
1 -25.382612871214818 -7.3863274596307678 0 1 
1 -25.382612871214818 -7.3863274596307678 0 1 
1 2.4285810608755014 -2.9532798843038117 -1 0 
1 -25.382612871214818 -7.286326459630768 1 0 
1 -25.382612871214818 -7.286326459630768 1 0 
1 1.7535780608755118 -2.9532798843038117 0 1 
1 -24.707609871214828 -7.286326459630768 0 1 
1 -24.707609871214828 -7.286326459630768 0 1 
1 1.7535780608755118 -2.0032798843038115 -1 0 
1 -24.707609871214828 -6.3363264596307678 1 0 
1 -24.707609871214828 -6.3363264596307678 1 0 
1 1.3535770608755087 -2.0032798843038115 0 1 
1 -24.307608871214825 -6.3363264596307678 0 1 
1 -24.307608871214825 -6.3363264596307678 0 1 
1 1.3535770608755087 -1.9282798843038114 -1 0 
1 -24.307608871214825 -6.2613264596307676 1 0 
1 -24.307608871214825 -6.2613264596307676 1 0 
1 1.2535780608755118 -1.9282798843038114 0 -1 
1 -24.207609871214828 -6.2613264596307676 0 -1 
1 -24.207609871214828 -6.2613264596307676 0 -1 
1 1.2535780608755118 -2.0032798843038115 -1 0 
1 -24.207609871214828 -6.3363264596307678 1 0 
1 -24.207609871214828 -6.3363264596307678 1 0 
1 0.053581060875501407 -2.0032798843038115 0 1 
1 -23.007612871214818 -6.3363264596307678 0 1 
1 -23.007612871214818 -6.3363264596307678 0 1 
1 0.053581060875501407 0.39672011569618881 1 0 
1 -23.007612871214818 -3.936326459630767 -1 0 
1 -23.007612871214818 -3.936326459630767 -1 0 
1 1.2535780608755118 0.39672011569618881 0 -1 
1 -24.207609871214828 -3.936326459630767 0 -1 
1 -24.207609871214828 -3.936326459630767 0 -1 
1 1.2535780608755118 -1.0782798843038117 1 0 
1 -24.207609871214828 -5.411326459630768 -1 0 
1 -24.207609871214828 -5.411326459630768 -1 0 
1 1.3535770608755087 -1.0782798843038117 0 1 
1 -24.307608871214825 -5.411326459630768 0 1 
1 -24.307608871214825 -5.411326459630768 0 1 
1 1.3535770608755087 0.39672011569618881 1 0 
1 -24.307608871214825 -3.936326459630767 -1 0 
1 -24.307608871214825 -3.936326459630767 -1 0 
1 3.8785780608755118 0.39672011569618881 0 -1 
1 -26.832609871214828 -3.936326459630767 0 -1 
1 -26.832609871214828 -3.936326459630767 0 -1 
1 3.8785780608755118 0.32672011569618853 1 0 
1 -26.832609871214828 -4.0063264596307677 -1 0 
1 -26.832609871214828 -4.0063264596307677 -1 0 
1 5.3635790608755087 0.32672011569618853 0 1 
1 -28.317610871214825 -4.0063264596307677 0 1 
1 -28.317610871214825 -4.0063264596307677 0 1 
1 5.3635790608755087 0.86672011569618856 -1 0 
1 -28.317610871214825 -3.4663264596307672 1 0 
1 -28.317610871214825 -3.4663264596307672 1 0 
1 5.1035770608755087 0.86672011569618856 0 -1 
1 -28.057608871214825 -3.4663264596307672 0 -1 
1 -28.057608871214825 -3.4663264596307672 0 -1 
1 5.1035770608755087 0.79672011569618872 -1 0 
1 -28.057608871214825 -3.5363264596307671 1 0 
1 -28.057608871214825 -3.5363264596307671 1 0 
1 1.5285800608755125 0.79672011569618872 0 -1 
1 -24.482611871214829 -3.5363264596307671 0 -1 
1 -24.482611871214829 -3.5363264596307671 0 -1 
1 1.5285800608755125 0.59672011569618855 -1 0 
1 -24.482611871214829 -3.7363264596307673 1 0 
1 -24.482611871214829 -3.7363264596307673 1 0 
1 -2.8464199391244875 0.59672011569618855 0 1 
1 -20.107611871214829 -3.7363264596307673 0 1 
1 -20.107611871214829 -3.7363264596307673 0 1 
1 -2.8464199391244875 2.7467201156961885 1 0 
1 -20.107611871214829 -1.5863264596307671 -1 0 
1 -20.107611871214829 -1.5863264596307671 -1 0 
1 -2.2414169391244911 2.7467201156961885 0 1 
1 -20.712614871214825 -1.5863264596307671 0 1 
1 -20.712614871214825 -1.5863264596307671 0 1 
1 -2.2414169391244911 4.7967191156961881 -1 0 
1 -20.712614871214825 0.46367254036923278 1 0 
1 -20.712614871214825 0.46367254036923278 1 0 
1 -2.8464199391244875 4.7967191156961881 0 1 
1 -20.107611871214829 0.46367254036923278 0 1 
1 -20.107611871214829 0.46367254036923278 0 1 
1 -2.8464199391244875 5.9967201156961885 1 0 
1 -20.107611871214829 1.6636735403692329 -1 0 
1 -20.107611871214829 1.6636735403692329 -1 0 
1 -2.636168939124488 5.9967201156961885 0 1 
1 -20.317862871214828 1.6636735403692329 0 1 
1 -20.317862871214828 1.6636735403692329 0 1 
1 -2.636168939124488 6.1467201156961888 -1 0 
1 -20.317862871214828 1.8136735403692328 1 0 
1 -20.317862871214828 1.8136735403692328 1 0 
1 -3.0914229391244987 6.1467201156961888 0 -1 
1 -19.862608871214817 1.8136735403692328 0 -1 
1 -19.862608871214817 1.8136735403692328 0 -1 
1 -1.8538578712148279 3.4636725403692328 1 0 
1 -1.8538578712148279 3.4636725403692328 1 0 
1 -1.2563618712148212 3.4636725403692328 0 -1 
1 -1.2563618712148212 3.4636725403692328 0 -1 
1 -1.2563618712148212 3.2636735403692327 -1 0 
1 -1.2563618712148212 3.2636735403692327 -1 0 
1 -1.8538578712148279 3.2636735403692327 0 1 
1 -1.8538578712148279 3.2636735403692327 0 1 
1 -11.557608871214825 0.8636725403692328 0 1 
1 -11.557608871214825 0.8636725403692328 0 1 
1 -11.557608871214825 1.1636735403692329 1 0 
1 -11.557608871214825 1.1636735403692329 1 0 
1 -11.457609871214828 1.1636735403692329 0 1 
1 -11.457609871214828 1.1636735403692329 0 1 
1 -11.457609871214828 3.1636735403692327 1 0 
1 -11.457609871214828 3.1636735403692327 1 0 
1 -11.157614871214818 3.1636735403692327 0 -1 
1 -11.157614871214818 3.1636735403692327 0 -1 
1 -11.157614871214818 1.0636725403692329 1 0 
1 -11.157614871214818 1.0636725403692329 1 0 
1 -10.957609871214828 1.0636725403692329 0 -1 
1 -10.957609871214828 1.0636725403692329 0 -1 
1 -10.957609871214828 0.8636725403692328 -1 0 
1 -10.957609871214828 0.8636725403692328 -1 0 
1 -23.982611871214829 11.063672540369232 0 -1 
1 -23.982611871214829 11.063672540369232 0 -1 
1 -23.982611871214829 8.1636735403692331 -1 0 
1 -23.982611871214829 8.1636735403692331 -1 0 
1 -24.232611871214829 8.1636735403692331 0 1 
1 -24.232611871214829 8.1636735403692331 0 1 
1 -24.232611871214829 8.3136725403692324 1 0 
1 -24.232611871214829 8.3136725403692324 1 0 
1 -24.132612871214818 8.3136725403692324 0 1 
1 -24.132612871214818 8.3136725403692324 0 1 
1 -24.132612871214818 11.063672540369232 -1 0 
1 -24.132612871214818 11.063672540369232 -1 0 
1 -25.232611871214829 11.063672540369232 0 -1 
1 -25.232611871214829 11.063672540369232 0 -1 
1 -25.232611871214829 9.9386725403692324 -1 0 
1 -25.232611871214829 9.9386725403692324 -1 0 
1 -25.382612871214818 9.9386725403692324 0 1 
1 -25.382612871214818 9.9386725403692324 0 1 
1 -25.382612871214818 10.813672540369232 -1 0 
1 -25.382612871214818 10.813672540369232 -1 0 
1 -28.082609871214828 10.813672540369232 0 -1 
1 -28.082609871214828 10.813672540369232 0 -1 
1 -28.082609871214828 9.8886735403692327 -1 0 
1 -28.082609871214828 9.8886735403692327 -1 0 
1 -28.182608871214825 9.8886735403692327 0 1 
1 -28.182608871214825 9.8886735403692327 0 1 
1 -28.182608871214825 9.9136735403692331 -1 0 
1 -28.182608871214825 9.9136735403692331 -1 0 
1 -28.972609871214829 9.9136735403692331 0 1 
1 -28.972609871214829 9.9136735403692331 0 1 
1 -28.972609871214829 9.9336725403692316 1 0 
1 -28.972609871214829 9.9336725403692316 1 0 
1 -28.182608871214825 9.9336725403692316 0 1 
1 -28.182608871214825 9.9336725403692316 0 1 
1 -28.182608871214825 10.813672540369232 -1 0 
1 -28.182608871214825 10.813672540369232 -1 0 
1 -29.782614871214818 10.813672540369232 0 -1 
1 -29.782614871214818 10.813672540369232 0 -1 
1 -29.782614871214818 9.9336725403692316 1 0 
1 -29.782614871214818 9.9336725403692316 1 0 
1 -29.672613871214821 9.9336725403692316 0 -1 
1 -29.672613871214821 9.9336725403692316 0 -1 
1 -29.672613871214821 9.9136735403692331 -1 0 
1 -29.672613871214821 9.9136735403692331 -1 0 
1 -29.782614871214818 9.9136735403692331 0 -1 
1 -29.782614871214818 9.9136735403692331 0 -1 
1 -29.782614871214818 7.4886725403692322 1 0 
1 -29.782614871214818 7.4886725403692322 1 0 
1 -28.182608871214825 7.4886725403692322 0 1 
1 -28.182608871214825 7.4886725403692322 0 1 
1 -28.182608871214825 8.9886725403692331 1 0 
1 -28.182608871214825 8.9886725403692331 1 0 
1 -28.082609871214828 8.9886725403692331 0 -1 
1 -28.082609871214828 8.9886725403692331 0 -1 
1 -28.082609871214828 8.963673540369232 1 0 
1 -28.082609871214828 8.963673540369232 1 0 
1 -27.932608871214825 8.963673540369232 0 -1 
1 -27.932608871214825 8.963673540369232 0 -1 
1 -27.932608871214825 8.9436725403692332 -1 0 
1 -27.932608871214825 8.9436725403692332 -1 0 
1 -28.082609871214828 8.9436725403692332 0 -1 
1 -28.082609871214828 8.9436725403692332 0 -1 
1 -28.082609871214828 7.4886725403692322 1 0 
1 -28.082609871214828 7.4886725403692322 1 0 
1 -25.382612871214818 7.4886725403692322 0 1 
1 -25.382612871214818 7.4886725403692322 0 1 
1 -25.382612871214818 8.9436725403692332 -1 0 
1 -25.382612871214818 8.9436725403692332 -1 0 
1 -25.512609871214821 8.9436725403692332 0 1 
1 -25.512609871214821 8.9436725403692332 0 1 
1 -25.512609871214821 8.963673540369232 1 0 
1 -25.512609871214821 8.963673540369232 1 0 
1 -25.382612871214818 8.963673540369232 0 1 
1 -25.382612871214818 8.963673540369232 0 1 
1 -25.382612871214818 8.9886725403692331 1 0 
1 -25.382612871214818 8.9886725403692331 1 0 
1 -25.232611871214829 8.9886725403692331 0 -1 
1 -25.232611871214829 8.9886725403692331 0 -1 
1 -25.232611871214829 8.3136725403692324 1 0 
1 -25.232611871214829 8.3136725403692324 1 0 
1 -25.132612871214818 8.3136725403692324 0 -1 
1 -25.132612871214818 8.3136725403692324 0 -1 
1 -25.132612871214818 8.1636735403692331 -1 0 
1 -25.132612871214818 8.1636735403692331 -1 0 
1 -25.232611871214829 8.1636735403692331 0 -1 
1 -25.232611871214829 8.1636735403692331 0 -1 
1 -25.232611871214829 6.6636735403692322 1 0 
1 -25.232611871214829 6.6636735403692322 1 0 
1 -25.132612871214818 6.6636735403692322 0 -1 
1 -25.132612871214818 6.6636735403692322 0 -1 
1 -25.132612871214818 6.5136735403692327 -1 0 
1 -25.132612871214818 6.5136735403692327 -1 0 
1 -25.232611871214829 6.5136735403692327 0 -1 
1 -25.232611871214829 6.5136735403692327 0 -1 
1 -25.232611871214829 5.838673540369232 -1 0 
1 -25.232611871214829 5.838673540369232 -1 0 
1 -25.382612871214818 5.838673540369232 0 1 
1 -25.382612871214818 5.838673540369232 0 1 
1 -25.382612871214818 5.8636725403692322 -1 0 
1 -25.382612871214818 5.8636725403692322 -1 0 
1 -25.512609871214821 5.8636725403692322 0 1 
1 -25.512609871214821 5.8636725403692322 0 1 
1 -25.512609871214821 5.883673540369232 1 0 
1 -25.512609871214821 5.883673540369232 1 0 
1 -25.382612871214818 5.883673540369232 0 1 
1 -25.382612871214818 5.883673540369232 0 1 
1 -25.382612871214818 7.338673540369232 -1 0 
1 -25.382612871214818 7.338673540369232 -1 0 
1 -26.280943871214816 7.338673540369232 0 -1 
1 -26.280943871214816 7.338673540369232 0 -1 
1 -26.280943871214816 5.883673540369232 1 0 
1 -26.280943871214816 5.883673540369232 1 0 
1 -26.212614871214825 5.883673540369232 0 -1 
1 -26.212614871214825 5.883673540369232 0 -1 
1 -26.212614871214825 5.8636725403692322 -1 0 
1 -26.212614871214825 5.8636725403692322 -1 0 
1 -26.392607871214821 5.8636725403692322 0 1 
1 -26.392607871214821 5.8636725403692322 0 1 
1 -26.392607871214821 5.883673540369232 1 0 
1 -26.392607871214821 5.883673540369232 1 0 
1 -26.300947871214817 5.883673540369232 0 1 
1 -26.300947871214817 5.883673540369232 0 1 
1 -26.300947871214817 7.338673540369232 -1 0 
1 -26.300947871214817 7.338673540369232 -1 0 
1 -27.164274871214829 7.338673540369232 0 -1 
1 -27.164274871214829 7.338673540369232 0 -1 
1 -27.164274871214829 5.883673540369232 1 0 
1 -27.164274871214829 5.883673540369232 1 0 
1 -27.092611871214828 5.883673540369232 0 -1 
1 -27.092611871214828 5.883673540369232 0 -1 
1 -27.092611871214828 5.8636725403692322 -1 0 
1 -27.092611871214828 5.8636725403692322 -1 0 
1 -27.257612871214818 5.8636725403692322 0 1 
1 -27.257612871214818 5.8636725403692322 0 1 
1 -27.257612871214818 5.883673540369232 1 0 
1 -27.257612871214818 5.883673540369232 1 0 
1 -27.184278871214829 5.883673540369232 0 1 
1 -27.184278871214829 5.883673540369232 0 1 
1 -27.184278871214829 7.338673540369232 -1 0 
1 -27.184278871214829 7.338673540369232 -1 0 
1 -28.082609871214828 7.338673540369232 0 -1 
1 -28.082609871214828 7.338673540369232 0 -1 
1 -28.082609871214828 5.838673540369232 -1 0 
1 -28.082609871214828 5.838673540369232 -1 0 
1 -28.182608871214825 5.838673540369232 0 1 
1 -28.182608871214825 5.838673540369232 0 1 
1 -28.182608871214825 7.338673540369232 -1 0 
1 -28.182608871214825 7.338673540369232 -1 0 
1 -29.782614871214818 7.338673540369232 0 -1 
1 -29.782614871214818 7.338673540369232 0 -1 
1 -29.782614871214818 4.0136735403692327 1 0 
1 -29.782614871214818 4.0136735403692327 1 0 
1 -28.182608871214825 4.0136735403692327 0 1 
1 -28.182608871214825 4.0136735403692327 0 1 
1 -28.182608871214825 4.9386725403692324 1 0 
1 -28.182608871214825 4.9386725403692324 1 0 
1 -28.082609871214828 4.9386725403692324 0 -1 
1 -28.082609871214828 4.9386725403692324 0 -1 
1 -28.082609871214828 4.1136725403692322 1 0 
1 -28.082609871214828 4.1136725403692322 1 0 
1 -25.382612871214818 4.1136725403692322 0 1 
1 -25.382612871214818 4.1136725403692322 0 1 
1 -25.382612871214818 4.8886735403692327 1 0 
1 -25.382612871214818 4.8886735403692327 1 0 
1 -25.232611871214829 4.8886735403692327 0 -1 
1 -25.232611871214829 4.8886735403692327 0 -1 
1 -25.232611871214829 4.1136725403692322 1 0 
1 -25.232611871214829 4.1136725403692322 1 0 
1 -24.132612871214818 4.1136725403692322 0 1 
1 -24.132612871214818 4.1136725403692322 0 1 
1 -24.132612871214818 6.5136735403692327 -1 0 
1 -24.132612871214818 6.5136735403692327 -1 0 
1 -24.232611871214829 6.5136735403692327 0 1 
1 -24.232611871214829 6.5136735403692327 0 1 
1 -24.232611871214829 6.6636735403692322 1 0 
1 -24.232611871214829 6.6636735403692322 1 0 
1 -23.982611871214829 6.6636735403692322 0 -1 
1 -23.982611871214829 6.6636735403692322 0 -1 
1 -23.982611871214829 3.7136735403692329 -1 0 
1 -23.982611871214829 3.7136735403692329 -1 0 
1 -28.057608871214825 3.7136735403692329 0 -1 
1 -28.057608871214825 3.7136735403692329 0 -1 
1 -28.057608871214825 3.6436735403692326 -1 0 
1 -28.057608871214825 3.6436735403692326 -1 0 
1 -28.677610871214824 3.6436735403692326 0 1 
1 -28.677610871214824 3.6436735403692326 0 1 
1 -28.677610871214824 3.8996735403692329 1 0 
1 -28.677610871214824 3.8996735403692329 1 0 
1 -28.607611871214829 3.8996735403692329 0 1 
1 -28.607611871214829 3.8996735403692329 0 1 
1 -28.607611871214829 3.9136735403692327 -1 0 
1 -28.607611871214829 3.9136735403692327 -1 0 
1 -29.882612871214818 3.9136735403692327 0 1 
1 -29.882612871214818 3.9136735403692327 0 1 
1 -29.882612871214818 10.813672540369232 1 0 
1 -29.882612871214818 10.813672540369232 1 0 
1 -29.807608871214825 10.813672540369232 0 1 
1 -29.807608871214825 10.813672540369232 0 1 
1 -29.807608871214825 11.213673540369232 1 0 
1 -29.807608871214825 11.213673540369232 1 0 
1 -23.907614871214818 11.213673540369232 0 -1 
1 -23.907614871214818 11.213673540369232 0 -1 
1 -23.907614871214818 11.063672540369232 -1 0 
1 -23.907614871214818 11.063672540369232 -1 0 
1 -26.407194871214827 8.3886735403692327 -1 0 
1 -26.407194871214827 8.3886735403692327 -1 0 
1 -27.007193871214824 8.3886735403692327 0 1 
1 -27.007193871214824 8.3886735403692327 0 1 
1 -27.007193871214824 8.9436725403692332 -1 0 
1 -27.007193871214824 8.9436725403692332 -1 0 
1 -27.232611871214829 8.9436725403692332 0 1 
1 -27.232611871214829 8.9436725403692332 0 1 
1 -27.232611871214829 8.963673540369232 1 0 
1 -27.232611871214829 8.963673540369232 1 0 
1 -27.007193871214824 8.963673540369232 0 1 
1 -27.007193871214824 8.963673540369232 0 1 
1 -27.007193871214824 8.9886725403692331 1 0 
1 -27.007193871214824 8.9886725403692331 1 0 
1 -26.407194871214827 8.9886725403692331 0 -1 
1 -26.407194871214827 8.9886725403692331 0 -1 
1 -26.407194871214827 8.963673540369232 1 0 
1 -26.407194871214827 8.963673540369232 1 0 
1 -26.212614871214825 8.963673540369232 0 -1 
1 -26.212614871214825 8.963673540369232 0 -1 
1 -26.212614871214825 8.9436725403692332 -1 0 
1 -26.212614871214825 8.9436725403692332 -1 0 
1 -26.407194871214827 8.9436725403692332 0 -1 
1 -26.407194871214827 8.9436725403692332 0 -1 
1 -21.717863871214817 1.6636735403692329 -1 0 
1 -21.717863871214817 1.6636735403692329 -1 0 
1 -21.862608871214817 1.6636735403692329 0 -1 
1 -21.862608871214817 1.6636735403692329 0 -1 
1 -21.862608871214817 1.0636735403692328 -1 0 
1 -21.862608871214817 1.0636735403692328 -1 0 
1 -23.462614871214825 1.0636735403692328 0 1 
1 -23.462614871214825 1.0636735403692328 0 1 
1 -23.462614871214825 1.6636735403692329 -1 0 
1 -23.462614871214825 1.6636735403692329 -1 0 
1 -27.812612871214824 1.6636735403692329 0 -1 
1 -27.812612871214824 1.6636735403692329 0 -1 
1 -27.812612871214824 1.4636725403692328 -1 0 
1 -27.812612871214824 1.4636725403692328 -1 0 
1 -27.962614871214825 1.4636725403692328 0 1 
1 -27.962614871214825 1.4636725403692328 0 1 
1 -27.962614871214825 1.8136735403692328 1 0 
1 -27.962614871214825 1.8136735403692328 1 0 
1 -21.717863871214817 1.8136735403692328 0 -1 
1 -21.717863871214817 1.8136735403692328 0 -1 
1 -0.93584420882379504 -0.5001111147054722 0 1 
1 -32.107611871214829 -10.036327459630767 0 1 
1 -32.107611871214829 -10.036327459630767 0 1 
1 -0.93584420882379504 0.099889885294526692 1 0 
1 -32.107611871214829 -9.4363264596307683 -1 0 
1 -32.107611871214829 -9.4363264596307683 -1 0 
1 1.2641527911762012 0.099889885294526692 0 -1 
1 -34.307608871214825 -9.4363264596307683 0 -1 
1 -34.307608871214825 -9.4363264596307683 0 -1 
1 1.2641527911762012 -1.9501101147054722 1 0 
1 -34.307608871214825 -11.486326459630767 -1 0 
1 -34.307608871214825 -11.486326459630767 -1 0 
1 1.6641537911762043 -1.9501101147054722 0 1 
1 -34.707609871214828 -11.486326459630767 0 1 
1 -34.707609871214828 -11.486326459630767 0 1 
1 1.6641537911762043 0.79988988529452776 -1 0 
1 -34.707609871214828 -8.7363264596307673 1 0 
1 -34.707609871214828 -8.7363264596307673 1 0 
1 1.564155791176205 0.79988988529452776 0 -1 
1 -34.607611871214829 -8.7363264596307673 0 -1 
1 -34.607611871214829 -8.7363264596307673 0 -1 
1 1.564155791176205 0.19988988529452811 -1 0 
1 -34.607611871214829 -9.3363264596307669 1 0 
1 -34.607611871214829 -9.3363264596307669 1 0 
1 -0.93584420882379504 0.19988988529452811 0 1 
1 -32.107611871214829 -9.3363264596307669 0 1 
1 -32.107611871214829 -9.3363264596307669 0 1 
1 -0.93584420882379504 0.79988988529452776 -1 0 
1 -32.107611871214829 -8.7363264596307673 1 0 
1 -32.107611871214829 -8.7363264596307673 1 0 
1 -2.810844208823795 0.79988988529452776 0 -1 
1 -30.232611871214829 -8.7363264596307673 0 -1 
1 -30.232611871214829 -8.7363264596307673 0 -1 
1 -2.810844208823795 0.69988988529452811 1 0 
1 -30.232611871214829 -8.8363264596307669 -1 0 
1 -30.232611871214829 -8.8363264596307669 -1 0 
1 -2.2358472088237988 0.69988988529452811 0 -1 
1 -30.807608871214825 -8.8363264596307669 0 -1 
1 -30.807608871214825 -8.8363264596307669 0 -1 
1 -2.2358472088237988 0.6248888852945278 1 0 
1 -30.807608871214825 -8.9113274596307672 -1 0 
1 -30.807608871214825 -8.9113274596307672 -1 0 
1 -2.1358412088238055 0.6248888852945278 0 1 
1 -30.907614871214818 -8.9113274596307672 0 1 
1 -30.907614871214818 -8.9113274596307672 0 1 
1 -2.1358412088238055 0.69988988529452811 1 0 
1 -30.907614871214818 -8.8363264596307669 -1 0 
1 -30.907614871214818 -8.8363264596307669 -1 0 
1 -1.0358432088238061 0.69988988529452811 0 -1 
1 -32.007612871214818 -8.8363264596307669 0 -1 
1 -32.007612871214818 -8.8363264596307669 0 -1 
1 -1.0358432088238061 -0.5001111147054722 1 0 
1 -32.007612871214818 -10.036327459630767 -1 0 
1 -32.007612871214818 -10.036327459630767 -1 0 
1 -34.607611871214829 -12.166326459630767 -1 0 
1 -34.607611871214829 -12.166326459630767 -1 0 
1 -34.707609871214828 -12.166326459630767 0 1 
1 -34.707609871214828 -12.166326459630767 0 1 
1 -34.707609871214828 -11.586326459630767 1 0 
1 -34.707609871214828 -11.586326459630767 1 0 
1 -34.607611871214829 -11.586326459630767 0 -1 
1 -34.607611871214829 -11.586326459630767 0 -1 
Curves 1282
1 54.974387999999998 -8.8229439999999997 0 0 -1 0 
1 54.974387999999998 -8.8979440000000007 0 1 0 0 
1 55.074390000000001 -8.8979440000000007 0 0 1 0 
1 55.074390000000001 -8.0229440000000007 0 -1 0 0 
1 52.574759999999998 -8.0229440000000007 0 0 1 0 
1 52.574759999999998 -7.8536989999999998 0 1 0 0 
1 53.999760000000002 -7.8536989999999998 0 9.5919526891812706e-05 0.99999999539972217 0 
1 54.000137000000002 -3.9233210000000001 0 1 0 0 
1 56.199390000000001 -3.9233210000000001 0 0 1 0 
1 56.199390000000001 -3.7233209999999999 0 1 0 0 
1 58.724387999999998 -3.7233209999999999 0 0 -1 0 
1 58.724387999999998 -3.9229440000000002 0 1 0 0 
1 60.524391000000001 -3.9229440000000002 0 0 -1 0 
1 60.524391000000001 -4.1479439999999999 0 1 0 0 
1 60.724387999999998 -4.1479439999999999 0 0 1 0 
1 60.724387999999998 0.076678999999999997 0 -1 0 0 
1 60.524391000000001 0.076678999999999997 0 0 -1 0 
1 60.524391000000001 -0.023321000000000001 0 -1 0 0 
1 60.449390000000001 -0.023321000000000001 0 0 -1 0 
1 60.449390000000001 -0.123321 0 1 0 0 
1 60.524391000000001 -0.123321 0 0 -1 0 
1 60.524391000000001 -1.623321 0 -1 0 0 
1 58.824390000000001 -1.623321 0 0 1 0 
1 58.824390000000001 -0.37332100000000001 0 1 0 0 
1 59.524391000000001 -0.37332100000000001 0 0 1 0 
1 59.524391000000001 -0.123321 0 1 0 0 
1 59.599387999999998 -0.123321 0 0 1 0 
1 59.599387999999998 -0.023321000000000001 0 -1 0 0 
1 58.649104999999999 -0.023321000000000001 0 0 -1 0 
1 58.649104999999999 -0.123321 0 1 0 0 
1 58.724387999999998 -0.123321 0 0 -1 0 
1 58.724387999999998 -0.97369899999999998 0 -1 0 0 
1 57.474387999999998 -0.97369899999999998 0 0 1 0 
1 57.474387999999998 -0.123321 0 1 0 0 
1 57.549106999999999 -0.123321 0 0 1 0 
1 57.549106999999999 -0.023321000000000001 0 -1 0 0 
1 57.294387999999998 -0.023321000000000001 0 0 -1 0 
1 57.294387999999998 -0.123321 0 1 0 0 
1 57.374389999999998 -0.123321 0 0 -1 0 
1 57.374389999999998 -1.2233210000000001 0 -1 0 0 
1 56.174388999999998 -1.2233210000000001 0 0 -1 0 
1 56.174388999999998 -1.9733210000000001 0 1 0 0 
1 56.274391000000001 -1.9733210000000001 0 0 1 0 
1 56.274391000000001 -1.3233220000000001 0 1 0 0 
1 57.374389999999998 -1.3233220000000001 0 0 -1 0 
1 57.374389999999998 -1.998321 0 1 0 0 
1 57.474387999999998 -1.998321 0 0 1 0 
1 57.474387999999998 -1.7233210000000001 0 1 0 0 
1 59.874389999999998 -1.7233210000000001 0 0 -1 0 
1 59.874389999999998 -3.5233210000000001 0 -1 0 0 
1 57.474387999999998 -3.5233210000000001 0 0 1 0 
1 57.474387999999998 -2.8483209999999999 0 -1 0 0 
1 57.374389999999998 -2.8483209999999999 0 0 -1 0 
1 57.374389999999998 -3.5233210000000001 0 -1 0 0 
1 56.274391000000001 -3.5233210000000001 0 0 1 0 
1 56.274391000000001 -2.823321 0 -1 0 0 
1 56.174388999999998 -2.823321 0 0 -1 0 
1 56.174388999999998 -3.5233210000000001 0 -1 0 0 
1 52.623973999999997 -3.5233210000000001 0 0 1 0 
1 52.623973999999997 3.7266789999999999 0 1 0 0 
1 56.199390000000001 3.7266789999999999 0 0 1 0 
1 56.199390000000001 3.9266779999999999 0 1 0 0 
1 60.524391000000001 3.9266779999999999 0 0 -1 0 
1 60.524391000000001 1.4766790000000001 0 -1 0 0 
1 59.824390000000001 1.4766790000000001 0 0 -1 0 
1 59.824390000000001 1.276678 0 1 0 0 
1 60.524391000000001 1.276678 0 0 -1 0 
1 60.524391000000001 1.1766779999999999 0 1 0 0 
1 60.724387999999998 1.1766779999999999 0 0 1 0 
1 60.724387999999998 4.4266779999999999 0 -1 0 0 
1 60.524391000000001 4.4266779999999999 0 0 -1 0 
1 60.524391000000001 4.2766789999999997 0 -1 0 0 
1 59.324390000000001 4.2766789999999997 0 0 1 0 
1 59.324390000000001 5.6016789999999999 0 -1 0 0 
1 59.224387999999998 5.6016789999999999 0 0 -1 0 
1 59.224387999999998 4.7266789999999999 0 -1 0 0 
1 57.824390000000001 4.7266789999999999 0 0 1 0 
1 57.824390000000001 6.5266789999999997 0 1 0 0 
1 59.224387999999998 6.5266789999999997 0 0 -1 0 
1 59.224387999999998 6.4516790000000004 0 1 0 0 
1 59.324390000000001 6.4516790000000004 0 0 1 0 
1 59.324390000000001 6.6266780000000001 0 -1 0 0 
1 56.874389999999998 6.6266780000000001 0 0 1 0 
1 56.874389999999998 9.0266789999999997 0 -1 0 0 
1 55.474387999999998 9.0266789999999997 0 0 -1 0 
1 55.474387999999998 8.8016780000000008 0 1 0 0 
1 55.574390000000001 8.8016780000000008 0 0 1 0 
1 55.574390000000001 8.9266780000000008 0 1 0 0 
1 56.774391000000001 8.9266780000000008 0 0 -1 0 
1 56.774391000000001 7.5766790000000004 0 -1 0 0 
1 55.574390000000001 7.5766790000000004 0 0 1 0 
1 55.574390000000001 7.7016790000000004 0 -1 0 0 
1 55.474387999999998 7.7016790000000004 0 0 -1 0 
1 55.474387999999998 7.5766790000000004 0 -1 0 0 
1 55.299388999999998 7.5766790000000004 0 0 -1 0 
1 55.299388999999998 7.4766789999999999 0 1 0 0 
1 55.974387999999998 7.4766789999999999 0 0 -1 0 
1 55.974387999999998 6.5266789999999997 0 1 0 0 
1 56.374389999999998 6.5266789999999997 0 0 -1 0 
1 56.374389999999998 6.4516790000000004 0 1 0 0 
1 56.474387999999998 6.4516790000000004 0 0 1 0 
1 56.474387999999998 6.5266789999999997 0 1 0 0 
1 57.674388999999998 6.5266789999999997 0 0 -1 0 
1 57.674388999999998 4.1266780000000001 0 -1 0 0 
1 56.474387999999998 4.1266780000000001 0 0 1 0 
1 56.474387999999998 5.6016789999999999 0 -1 0 0 
1 56.374389999999998 5.6016789999999999 0 0 -1 0 
1 56.374389999999998 4.1266780000000001 0 -1 0 0 
1 54.275176999999999 4.1266780000000001 0 0 1 0 
1 54.275176999999999 5.2142679999999997 0 -1 0 0 
1 54.274391000000001 5.2142679999999997 0 0 1 0 
1 54.274391000000001 7.4766789999999999 0 1 0 0 
1 54.349387999999998 7.4766789999999999 0 0 1 0 
1 54.349387999999998 7.5766790000000004 0 -1 0 0 
1 54.274391000000001 7.5766790000000004 0 0 1 0 
1 54.274391000000001 9.0266789999999997 0 -1 0 0 
1 53.199390000000001 9.0266789999999997 0 0 -1 0 
1 53.199390000000001 8.9266780000000008 0 1 0 0 
1 54.174388999999998 8.9266780000000008 0 0 -1 0 
1 54.174388999999998 7.1666780000000001 0 -1 0 0 
1 53.774391000000001 7.1666780000000001 0 0 -1 0 
1 53.774391000000001 6.2266789999999999 0 -1 0 0 
1 52.274391000000001 6.2266789999999999 0 0 1 0 
1 52.274391000000001 8.9266780000000008 0 1 0 0 
1 52.349387999999998 8.9266780000000008 0 0 1 0 
1 52.349387999999998 9.0266789999999997 0 -1 0 0 
1 51.399391000000001 9.0266789999999997 0 0 -1 0 
1 51.399391000000001 8.9266780000000008 0 1 0 0 
1 52.174388999999998 8.9266780000000008 0 0 -1 0 
1 52.174388999999998 7.8266790000000004 0 -1 0 0 
1 51.299388999999998 7.8266790000000004 0 0 -1 0 
1 51.299388999999998 7.7266789999999999 0 1 0 0 
1 52.174388999999998 7.7266789999999999 0 0 -1 0 
1 52.174388999999998 5.2766789999999997 0 -1 0 0 
1 50.374389999999998 5.2766789999999997 0 0 1 0 
1 50.374389999999998 7.7266789999999999 0 1 0 0 
1 50.449390000000001 7.7266789999999999 0 0 1 0 
1 50.449390000000001 7.8266790000000004 0 -1 0 0 
1 50.274391000000001 7.8266790000000004 0 0 -1 0 
1 50.274391000000001 5.2766789999999997 0 -1 0 0 
1 46.374389999999998 5.2766789999999997 0 0 1 0 
1 46.374389999999998 9.5266789999999997 0 1 0 0 
1 48.574390000000001 9.5266789999999997 0 0 -1 0 
1 48.574390000000001 8.9266780000000008 0 1 0 0 
1 50.449390000000001 8.9266780000000008 0 0 1 0 
1 50.449390000000001 9.0266789999999997 0 -1 0 0 
1 49.874389999999998 9.0266789999999997 0 0 1 0 
1 49.874389999999998 9.1016790000000007 0 -1 0 0 
1 49.774391000000001 9.1016790000000007 0 0 -1 0 
1 49.774391000000001 9.0266789999999997 0 -1 0 0 
1 48.674388999999998 9.0266789999999997 0 0 1 0 
1 48.674388999999998 10.226679000000001 0 -1 0 0 
1 48.574390000000001 10.226679000000001 0 0 -1 0 
1 48.574390000000001 9.6266780000000001 0 -1 0 0 
1 46.374389999999998 9.6266780000000001 0 0 1 0 
1 46.374389999999998 14.326677999999999 0 1 0 0 
1 49.774391000000001 14.326677999999999 0 0 -1 0 
1 49.774391000000001 10.051678000000001 0 1 0 0 
1 49.874389999999998 10.051678000000001 0 0 1 0 
1 49.874389999999998 10.126678 0 1 0 0 
1 52.849387999999998 10.126678 0 0 1 0 
1 52.849387999999998 10.226679000000001 0 -1 0 0 
1 52.174388999999998 10.226679000000001 0 0 1 0 
1 52.174388999999998 10.826679 0 -1 0 0 
1 52.074390000000001 10.826679 0 0 -1 0 
1 52.074390000000001 10.226679000000001 0 -1 0 0 
1 49.874389999999998 10.226679000000001 0 0 1 0 
1 49.874389999999998 14.326677999999999 0 1 0 0 
1 53.874389999999998 14.326677999999999 0 0 -1 0 
1 53.874389999999998 10.226679000000001 0 -1 0 0 
1 53.799388999999998 10.226679000000001 0 0 -1 0 
1 53.799388999999998 10.126678 0 1 0 0 
1 54.999389999999998 10.126678 0 0 1 0 
1 54.999389999999998 10.226679000000001 0 -1 0 0 
1 54.924388999999998 10.226679000000001 0 0 1 0 
1 54.924388999999998 11.476679000000001 0 -1 0 0 
1 54.274391000000001 11.476679000000001 0 0 1 0 
1 54.274391000000001 14.326677999999999 0 1 0 0 
1 56.774391000000001 14.326677999999999 0 0 -1 0 
1 56.774391000000001 10.226679000000001 0 -1 0 0 
1 55.949390000000001 10.226679000000001 0 0 -1 0 
1 55.949390000000001 10.126678 0 1 0 0 
1 56.874389999999998 10.126678 0 0 1 0 
1 56.874389999999998 13.026679 0 1 0 0 
1 57.044387999999998 13.026679 0 0 1 0 
1 57.044387999999998 14.326677999999999 0 1 0 0 
1 58.700175999999999 14.326677999999999 0 0 1 0 
1 58.700175999999999 14.551678000000001 0 1 0 0 
1 58.900176999999999 14.551678000000001 0 0 -1 0 
1 58.900176999999999 12.856679 0 1 0 0 
1 61.074390000000001 12.856679 0 0 -1 0 
1 61.074390000000001 6.6266780000000001 0 -1 0 0 
1 60.524391000000001 6.6266780000000001 0 0 -1 0 
1 60.524391000000001 5.5266789999999997 0 1 0 0 
1 60.724387999999998 5.5266789999999997 0 0 1 0 
1 60.724387999999998 5.7270560000000001 0 1 0 0 
1 61.074390000000001 5.7270560000000001 0 0 -1 0 
1 61.074390000000001 5.7266789999999999 0 1 0 0 
1 61.349387999999998 5.7266789999999999 0 0 1 0 
1 61.349387999999998 5.9266779999999999 0 -1 0 0 
1 61.274391000000001 5.9266779999999999 0 0 1 0 
1 61.274391000000001 8.5266789999999997 0 1 0 0 
1 61.474387999999998 8.5266789999999997 0 0 1 0 
1 61.474387999999998 12.856679 0 1 0 0 
1 65.274390999999994 12.856679 0 0 -1 0 
1 65.274390999999994 8.5266789999999997 0 1 0 0 
1 67.749390000000005 8.5266789999999997 0 0 1 0 
1 67.749390000000005 8.6266780000000001 0 -1 0 0 
1 67.674392999999995 8.6266780000000001 0 0 1 0 
1 67.674392999999995 9.2266790000000007 0 -1 0 0 
1 67.574387000000002 9.2266790000000007 0 0 -1 0 
1 67.574387000000002 8.6266780000000001 0 -1 0 0 
1 65.474388000000005 8.6266780000000001 0 0 1 0 
1 65.474388000000005 9.3266790000000004 0 -1 0 0 
1 65.374390000000005 9.3266790000000004 0 0 1 0 
1 65.374390000000005 12.856679 0 1 0 0 
1 68.774390999999994 12.856679 0 0 -1 0 
1 68.774390999999994 8.6266780000000001 0 -1 0 0 
1 68.699387000000002 8.6266780000000001 0 0 -1 0 
1 68.699387000000002 8.5266789999999997 0 1 0 0 
1 69.174392999999995 8.5266789999999997 0 0 1 0 
1 69.174392999999995 8.6266780000000001 0 -1 0 0 
1 68.874390000000005 8.6266780000000001 0 0 1 0 
1 68.874390000000005 9.4566780000000001 0 1 0 0 
1 69.174392999999995 9.4566780000000001 0 0 1 0 
1 69.174392999999995 12.856679 0 1 0 0 
1 72.724388000000005 12.856679 0 0 -1 0 
1 72.724388000000005 8.6266780000000001 0 -1 0 0 
1 72.124390000000005 8.6266780000000001 0 0 -1 0 
1 72.124390000000005 8.5266789999999997 0 1 0 0 
1 72.724388000000005 8.5266789999999997 0 0 -1 0 
1 72.724388000000005 7.4266779999999999 0 -1 0 0 
1 71.949387000000002 7.4266779999999999 0 0 -1 0 
1 71.949387000000002 7.3266790000000004 0 1 0 0 
1 72.724388000000005 7.3266790000000004 0 0 -1 0 
1 72.724388000000005 4.8266790000000004 0 -1 0 0 
1 70.824387000000002 4.8266790000000004 0 0 1 0 
1 70.824387000000002 7.3266790000000004 0 1 0 0 
1 71.099388000000005 7.3266790000000004 0 0 1 0 
1 71.099388000000005 7.4266779999999999 0 -1 0 0 
1 70.374390000000005 7.4266779999999999 0 0 1 0 
1 70.374390000000005 8.5266789999999997 0 1 0 0 
1 70.974388000000005 8.5266789999999997 0 0 1 0 
1 70.974388000000005 8.6266780000000001 0 -1 0 0 
1 70.124390000000005 8.6266780000000001 0 0 -1 0 
1 70.124390000000005 8.5266789999999997 0 1 0 0 
1 70.274390999999994 8.5266789999999997 0 0 -1 0 
1 70.274390999999994 7.4266779999999999 0 -1 0 0 
1 70.049392999999995 7.4266779999999999 0 0 -1 0 
1 70.049392999999995 7.3266790000000004 0 1 0 0 
1 70.724388000000005 7.3266790000000004 0 0 -1 0 
1 70.724388000000005 4.8266790000000004 0 -1 0 0 
1 69.124390000000005 4.8266790000000004 0 0 1 0 
1 69.124390000000005 7.3266790000000004 0 1 0 0 
1 69.199387000000002 7.3266790000000004 0 0 1 0 
1 69.199387000000002 7.4266779999999999 0 -1 0 0 
1 69.024390999999994 7.4266779999999999 0 0 -1 0 
1 69.024390999999994 5.7266789999999999 0 -1 0 0 
1 67.924392999999995 5.7266789999999999 0 0 1 0 
1 67.924392999999995 7.4266779999999999 0 -1 0 0 
1 67.249390000000005 7.4266779999999999 0 0 -1 0 
1 67.249390000000005 7.3266790000000004 0 1 0 0 
1 67.824387000000002 7.3266790000000004 0 0 -1 0 
1 67.824387000000002 5.7266789999999999 0 -1 0 0 
1 66.324387000000002 5.7266789999999999 0 0 1 0 
1 66.324387000000002 7.3266790000000004 0 1 0 0 
1 66.399390999999994 7.3266790000000004 0 0 1 0 
1 66.399390999999994 7.4266779999999999 0 -1 0 0 
1 65.274390999999994 7.4266779999999999 0 0 -1 0 
1 65.274390999999994 7.3266790000000004 0 1 0 0 
1 66.224388000000005 7.3266790000000004 0 0 -1 0 
1 66.224388000000005 4.8266790000000004 0 -1 0 0 
1 62.724387999999998 4.8266790000000004 0 0 1 0 
1 62.724387999999998 5.9266779999999999 0 -1 0 0 
1 62.449390000000001 5.9266779999999999 0 0 -1 0 
1 62.449390000000001 5.7266789999999999 0 1 0 0 
1 62.524391000000001 5.7266789999999999 0 0 -1 0 
1 62.524391000000001 0.52667799999999998 0 1 0 0 
1 62.724387999999998 0.52667799999999998 0 0 1 0 
1 62.724387999999998 0.82667900000000005 0 1 0 0 
1 63.024391000000001 0.82667900000000005 0 0 1 0 
1 63.024391000000001 0.926678 0 1 0 0 
1 63.124389999999998 0.926678 0 0 1 0 
1 63.124389999999998 1.2266790000000001 0 -1 0 0 
1 63.024391000000001 1.2266790000000001 0 0 1 0 
1 63.024391000000001 4.4266779999999999 0 1 0 0 
1 69.224388000000005 4.4266779999999999 0 0 -1 0 
1 69.224388000000005 1.2266790000000001 0 -1 0 0 
1 64.224388000000005 1.2266790000000001 0 0 -1 0 
1 64.224388000000005 0.926678 0 1 0 0 
1 69.549392999999995 0.926678 0 0 1 0 
1 69.549392999999995 1.1266780000000001 0 -1 0 0 
1 69.524390999999994 1.1266780000000001 0 0 1 0 
1 69.524390999999994 1.8266789999999999 0 1 0 0 
1 70.424392999999995 1.8266789999999999 0 0 -1 0 
1 70.424392999999995 1.1266780000000001 0 -1 0 0 
1 70.399390999999994 1.1266780000000001 0 0 -1 0 
1 70.399390999999994 0.926678 0 1 0 0 
1 70.824387000000002 0.926678 0 0 1 0 
1 70.824387000000002 1.1266780000000001 0 -1 0 0 
1 70.624390000000005 1.1266780000000001 0 0 1 0 
1 70.624390000000005 2.026678 0 -1 0 0 
1 69.524390999999994 2.026678 0 0 1 0 
1 69.524390999999994 4.4266779999999999 0 1 0 0 
1 71.624390000000005 4.4266779999999999 0 0 -1 0 
1 71.624390000000005 1.1266780000000001 0 -1 0 0 
1 71.424392999999995 1.1266780000000001 0 0 -1 0 
1 71.424392999999995 0.926678 0 1 0 0 
1 74.924392999999995 0.926678 0 0 -1 0 
1 74.924392999999995 0.52667799999999998 0 1 0 0 
1 75.124390000000005 0.52667799999999998 0 0 1 0 
1 75.124390000000005 0.82667800000000002 0 1 0 0 
1 75.319389000000001 0.82667800000000002 0 0 1 0 
1 75.319389000000001 1.026678 0 -1 0 0 
1 75.124390000000005 1.026678 0 0 1 0 
1 75.124390000000005 1.9266779999999999 0 -1 0 0 
1 73.224379999999996 1.9266779999999999 0 0 -1 0 
1 73.224379999999996 1.1266780000000001 0 -1 0 0 
1 71.824387000000002 1.1266780000000001 0 0 1 0 
1 71.824387000000002 4.4266779999999999 0 1 0 0 
1 76.574387000000002 4.4266779999999999 0 0 -1 0 
1 76.574387000000002 1.026678 0 -1 0 0 
1 76.419387999999998 1.026678 0 0 -1 0 
1 76.419387999999998 0.82667800000000002 0 1 0 0 
1 77.149383999999998 0.82667800000000002 0 0 1 0 
1 77.149383999999998 1.026678 0 -1 0 0 
1 77.074387000000002 1.026678 0 0 1 0 
1 77.074387000000002 4.6266780000000001 0 1 0 0 
1 79.074378999999993 4.6266780000000001 0 0 -1 0 
1 79.074378999999993 3.526678 0 -1 0 0 
1 78.770638000000005 3.526678 0 0 -1 0 
1 78.770638000000005 3.3266789999999999 0 1 0 0 
1 79.074378999999993 3.3266789999999999 0 0 -1 0 
1 79.074378999999993 2.1766779999999999 0 -1 0 0 
1 78.224379999999996 2.1766779999999999 0 0 -1 0 
1 78.224379999999996 1.026678 0 -1 0 0 
1 78.099379999999996 1.026678 0 0 -1 0 
1 78.099379999999996 0.82667800000000002 0 1 0 0 
1 79.274383999999998 0.82667800000000002 0 0 1 0 
1 79.274383999999998 2.1266790000000002 0 1 0 0 
1 79.374381999999997 2.1266790000000002 0 0 1 0 
1 79.374381999999997 2.3266789999999999 0 -1 0 0 
1 79.274383999999998 2.3266789999999999 0 0 1 0 
1 79.274383999999998 6.5266789999999997 0 -1 0 0 
1 79.099379999999996 6.5266789999999997 0 0 -1 0 
1 79.099379999999996 6.4266779999999999 0 1 0 0 
1 79.174385000000001 6.4266779999999999 0 0 -1 0 
1 79.174385000000001 4.8266790000000004 0 -1 0 0 
1 76.674385000000001 4.8266790000000004 0 0 1 0 
1 76.674385000000001 6.4266779999999999 0 1 0 0 
1 78.249381999999997 6.4266779999999999 0 0 1 0 
1 78.249381999999997 6.5266789999999997 0 -1 0 0 
1 76.524383999999998 6.5266789999999997 0 0 -1 0 
1 76.524383999999998 6.4266779999999999 0 1 0 0 
1 76.574378999999993 6.4266779999999999 0 0 -1 0 
1 76.574378999999993 5.5766790000000004 0 -1 0 0 
1 75.374390000000005 5.5766790000000004 0 0 1 0 
1 75.374390000000005 6.4266779999999999 0 1 0 0 
1 75.424385000000001 6.4266779999999999 0 0 1 0 
1 75.424385000000001 6.5266789999999997 0 -1 0 0 
1 74.824387000000002 6.5266789999999997 0 0 1 0 
1 74.824387000000002 7.6266780000000001 0 1 0 0 
1 75.599388000000005 7.6266780000000001 0 0 1 0 
1 75.599388000000005 7.7266789999999999 0 -1 0 0 
1 75.374390000000005 7.7266789999999999 0 0 1 0 
1 75.374390000000005 8.9266780000000008 0 -1 0 0 
1 74.624390000000005 8.9266780000000008 0 0 -1 0 
1 74.624390000000005 8.8266790000000004 0 1 0 0 
1 75.274390999999994 8.8266790000000004 0 0 -1 0 
1 75.274390999999994 7.7266789999999999 0 -1 0 0 
1 74.549392999999995 7.7266789999999999 0 0 -1 0 
1 74.549392999999995 7.6266780000000001 0 1 0 0 
1 74.724388000000005 7.6266780000000001 0 0 -1 0 
1 74.724388000000005 4.8266790000000004 0 -1 0 0 
1 72.924392999999995 4.8266790000000004 0 0 1 0 
1 72.924392999999995 7.6266780000000001 0 1 0 0 
1 73.699387000000002 7.6266780000000001 0 0 1 0 
1 73.699387000000002 7.7266789999999999 0 -1 0 0 
1 72.924392999999995 7.7266789999999999 0 0 1 0 
1 72.924392999999995 8.8266790000000004 0 1 0 0 
1 73.624390000000005 8.8266790000000004 0 0 1 0 
1 73.624390000000005 8.9266780000000008 0 -1 0 0 
1 72.924392999999995 8.9266780000000008 0 0 1 0 
1 72.924392999999995 12.856679 0 1 0 0 
1 76.474388000000005 12.856679 0 0 -1 0 
1 76.474388000000005 8.9266780000000008 0 1 0 0 
1 76.774390999999994 8.9266780000000008 0 0 -1 0 
1 76.774390999999994 7.7266789999999999 0 -1 0 0 
1 76.549392999999995 7.7266789999999999 0 0 -1 0 
1 76.549392999999995 7.6266780000000001 0 1 0 0 
1 76.949387000000002 7.6266780000000001 0 0 1 0 
1 76.949387000000002 7.7266789999999999 0 -1 0 0 
1 76.874390000000005 7.7266789999999999 0 0 1 0 
1 76.874390000000005 12.856679 0 1 0 0 
1 80.274390999999994 12.856679 0 0 -1 0 
1 80.274390999999994 7.7266789999999999 0 -1 0 0 
1 78.074387000000002 7.7266789999999999 0 0 1 0 
1 78.074387000000002 8.3266790000000004 0 -1 0 0 
1 77.974388000000005 8.3266790000000004 0 0 -1 0 
1 77.974388000000005 7.7266789999999999 0 -1 0 0 
1 77.899390999999994 7.7266789999999999 0 0 -1 0 
1 77.899390999999994 7.6266780000000001 0 1 0 0 
1 80.374390000000005 7.6266780000000001 0 0 1 0 
1 80.374390000000005 12.856679 0 1 0 0 
1 84.174392999999995 12.856679 0 0 -1 0 
1 84.174392999999995 5.2766789999999997 0 -1 0 0 
1 83.564391999999998 5.2766789999999997 0 0 -1 0 
1 83.564391999999998 4.8266790000000004 0 -1 0 0 
1 80.674392999999995 4.8266790000000004 0 0 1 0 
1 80.674392999999995 5.5266789999999997 0 -1 0 0 
1 80.574387000000002 5.5266789999999997 0 0 -1 0 
1 80.574387000000002 2.3266789999999999 0 -1 0 0 
1 80.474379999999996 2.3266789999999999 0 0 -1 0 
1 80.474379999999996 2.1266790000000002 0 1 0 0 
1 80.774390999999994 2.1266790000000002 0 0 -1 0 
1 80.774390999999994 0.67733100000000002 0 1 0 0 
1 80.974388000000005 0.67733100000000002 0 0 1 0 
1 80.974388000000005 0.82667900000000005 0 1 0 0 
1 81.274390999999994 0.82667900000000005 0 0 1 0 
1 81.274390999999994 0.926678 0 1 0 0 
1 82.074387000000002 0.926678 0 0 1 0 
1 82.074387000000002 1.2266790000000001 0 1 0 0 
1 83.474388000000005 1.2266790000000001 0 0 -1 0 
1 83.474388000000005 0.926678 0 1 0 0 
1 85.674392999999995 0.926678 0 0 1 0 
1 85.674392999999995 1.1266780000000001 0 -1 0 0 
1 84.674392999999995 1.1266780000000001 0 0 1 0 
1 84.674392999999995 2.1767460000000001 0 -1 0 0 
1 84.474388000000005 2.1767460000000001 0 0 1 0 
1 84.474388000000005 3.6767460000000001 0 1 0 0 
1 84.674392999999995 3.6767460000000001 0 0 1 0 
1 84.674392999999995 4.4266779999999999 0 1 0 0 
1 87.674392999999995 4.4266779999999999 0 0 -1 0 
1 87.674392999999995 4.3266790000000004 0 1 0 0 
1 87.974388000000005 4.3266790000000004 0 0 1 0 
1 87.974388000000005 4.4266779999999999 0 1 0 0 
1 94.174392999999995 4.4266779999999999 0 0 -1 0 
1 94.174392999999995 1.2266790000000001 0 -1 0 0 
1 89.174392999999995 1.2266790000000001 0 0 -1 0 
1 89.174392999999995 0.926678 0 1 0 0 
1 90.374390000000005 0.926678 0 0 -1 0 
1 90.374390000000005 0.52667799999999998 0 1 0 0 
1 90.574387000000002 0.52667799999999998 0 0 1 0 
1 90.574387000000002 0.926678 0 1 0 0 
1 94.674392999999995 0.926678 0 0 1 0 
1 94.674392999999995 1.7266790000000001 0 1 0 0 
1 94.879386999999994 1.7266790000000001 0 0 1 0 
1 94.879386999999994 1.876679 0 -1 0 0 
1 94.674392999999995 1.876679 0 0 1 0 
1 94.674392999999995 4.6766779999999999 0 1 0 0 
1 94.879386999999994 4.6766779999999999 0 0 1 0 
1 94.879386999999994 4.8266790000000004 0 -1 0 0 
1 90.974388000000005 4.8266790000000004 0 0 1 0 
1 90.974388000000005 5.7266789999999999 0 -1 0 0 
1 88.074387000000002 5.7266789999999999 0 0 -1 0 
1 88.074387000000002 4.8266790000000004 0 -1 0 0 
1 84.574387000000002 4.8266790000000004 0 0 1 0 
1 84.574387000000002 9.2266790000000007 0 1 0 0 
1 86.941306999999995 9.2266790000000007 0 0 1 0 
1 86.941306999999995 9.3766780000000001 0 -1 0 0 
1 86.374390000000005 9.3766780000000001 0 0 1 0 
1 86.374390000000005 12.856679 0 1 0 0 
1 88.024390999999994 12.856679 0 0 -1 0 
1 88.024390999999994 9.2266790000000007 0 1 0 0 
1 88.174392999999995 9.2266790000000007 0 0 1 0 
1 88.174392999999995 9.4566780000000001 0 1 0 0 
1 88.424392999999995 9.4566780000000001 0 0 1 0 
1 88.424392999999995 12.856679 0 1 0 0 
1 95.724388000000005 12.856679 0 0 -1 0 
1 95.724388000000005 7.5266789999999997 0 1 0 0 
1 96.574387000000002 7.5266789999999997 0 0 -1 0 
1 96.574387000000002 4.8266790000000004 0 -1 0 0 
1 96.279387999999997 4.8266790000000004 0 0 -1 0 
1 96.279387999999997 4.6766779999999999 0 1 0 0 
1 96.574387000000002 4.6766779999999999 0 0 -1 0 
1 96.574387000000002 3.7766790000000001 0 1 0 0 
1 96.724388000000005 3.7766790000000001 0 0 1 0 
1 96.724388000000005 7.5266789999999997 0 1 0 0 
1 98.924392999999995 7.5266789999999997 0 0 1 0 
1 98.924392999999995 7.8766780000000001 0 -1 0 0 
1 98.774390999999994 7.8766780000000001 0 0 -1 0 
1 98.774390999999994 7.6766779999999999 0 -1 0 0 
1 95.874390000000005 7.6766779999999999 0 0 1 0 
1 95.874390000000005 9.5266789999999997 0 1 0 0 
1 96.124390000000005 9.5266789999999997 0 0 1 0 
1 96.124390000000005 10.076679 0 1 0 0 
1 98.774390999999994 10.076679 0 0 -1 0 
1 98.774390999999994 8.9766790000000007 0 1 0 0 
1 98.924392999999995 8.9766790000000007 0 0 1 0 
1 98.924392999999995 11.126678 0 1 0 0 
1 99.024390999999994 11.126678 0 0 1 0 
1 99.024390999999994 11.276679 0 -1 0 0 
1 98.174392999999995 11.276679 0 0 1 0 
1 98.174392999999995 12.926678000000001 0 1 0 0 
1 98.824402000000006 12.926678000000001 0 0 1 0 
1 98.824402000000006 13.076677999999999 0 -1 0 0 
1 97.274390999999994 13.076677999999999 0 0 -1 0 
1 97.274390999999994 12.926678000000001 0 1 0 0 
1 98.024390999999994 12.926678000000001 0 0 -1 0 
1 98.024390999999994 11.276679 0 -1 0 0 
1 97.074387000000002 11.276679 0 0 1 0 
1 97.074387000000002 12.856679 0 1 0 0 
1 97.076888999999994 12.856679 0 -0.00079177190371430904 0.99999968654857707 0 
1 97.074387000000002 16.016679 0 0 1 0 
1 97.074387000000002 18.137678999999999 0 -1 0 0 
1 97.072708000000006 18.137678999999999 0 -0.00077369280488263741 0.99999970069967703 0 
1 97.072486999999995 18.423321999999999 0 1 0 0 
1 106.599388 18.423321999999999 0 0 -1 0 
1 106.599388 8.3766780000000001 0 1 0 0 
1 106.95017199999999 8.3766780000000001 0 0 -1 0 
1 106.95017199999999 3.672742 0 -1 0 0 
1 106.32517199999999 3.672742 0 0 -1 0 
1 106.32517199999999 -3.573321 0 -1 0 0 
1 105.27171300000001 -3.573321 0 0.0029355805713736447 -0.9999956911740715 0 
1 105.275177 -4.7533209999999997 0 -1 0 0 
1 103.349388 -4.7533209999999997 0 0 -1 0 
1 103.349388 -4.823321 0 -1 0 0 
1 102.92439299999999 -4.823321 0 0 -1 0 
1 102.92439299999999 -7.2233210000000003 0 -1 0 0 
1 102.849388 -7.2233210000000003 0 0 -1 0 
1 102.849388 -7.3233220000000001 0 1 0 0 
1 102.92439299999999 -7.3233220000000001 0 0 -1 0 
1 102.92439299999999 -8.7733209999999993 0 1 0 0 
1 103.99939000000001 -8.7733209999999993 0 0 1 0 
1 103.99939000000001 -8.6733209999999996 0 -1 0 0 
1 103.02439099999999 -8.6733209999999996 0 0 1 0 
1 103.02439099999999 -6.9133209999999998 0 1 0 0 
1 103.42439299999999 -6.9133209999999998 0 0 1 0 
1 103.42439299999999 -5.9733210000000003 0 1 0 0 
1 104.92439299999999 -5.9733210000000003 0 0 -1 0 
1 104.92439299999999 -8.6733209999999996 0 -1 0 0 
1 104.849388 -8.6733209999999996 0 0 -1 0 
1 104.849388 -8.7733209999999993 0 1 0 0 
1 105.79939299999999 -8.7733209999999993 0 0 1 0 
1 105.79939299999999 -8.6733209999999996 0 -1 0 0 
1 105.02439099999999 -8.6733209999999996 0 0 1 0 
1 105.02439099999999 -7.5733220000000001 0 1 0 0 
1 105.89939099999999 -7.5733220000000001 0 0 1 0 
1 105.89939099999999 -7.4733210000000003 0 -1 0 0 
1 105.02439099999999 -7.4733210000000003 0 0 1 0 
1 105.02439099999999 -5.0233210000000001 0 1 0 0 
1 106.824387 -5.0233210000000001 0 0 -1 0 
1 106.824387 -7.4733210000000003 0 -1 0 0 
1 106.74939000000001 -7.4733210000000003 0 0 -1 0 
1 106.74939000000001 -7.5733220000000001 0 1 0 0 
1 106.92439299999999 -7.5733220000000001 0 0 1 0 
1 106.92439299999999 -5.0233210000000001 0 1 0 0 
1 110.824387 -5.0233210000000001 0 0 -1 0 
1 110.824387 -6.6733209999999996 0 1 0 0 
1 111.224388 -6.6733209999999996 0 0 1 0 
1 111.224388 -4.823321 0 -1 0 0 
1 110.18538700000001 -4.823321 0 0 1 0 
1 110.18538700000001 -4.7501639999999998 0 0.99999979306481035 0.0006433275499996119 0 
1 113.050179 -4.7483209999999998 0 0 -1 0 
1 113.050179 -14.073321999999999 0 -1 0 0 
1 107.42439299999999 -14.073321999999999 0 0 1 0 
1 107.42439299999999 -9.7983209999999996 0 -1 0 0 
1 107.324387 -9.7983209999999996 0 0 -1 0 
1 107.324387 -9.8733210000000007 0 -1 0 0 
1 104.349388 -9.8733210000000007 0 0 -1 0 
1 104.349388 -9.9733219999999996 0 1 0 0 
1 105.02439099999999 -9.9733219999999996 0 0 -1 0 
1 105.02439099999999 -10.573321999999999 0 1 0 0 
1 105.12439000000001 -10.573321999999999 0 0 1 0 
1 105.12439000000001 -9.9733219999999996 0 1 0 0 
1 107.324387 -9.9733219999999996 0 0 -1 0 
1 107.324387 -14.073321999999999 0 -1 0 0 
1 103.324387 -14.073321999999999 0 0 1 0 
1 103.324387 -9.9733219999999996 0 1 0 0 
1 103.39939099999999 -9.9733219999999996 0 0 1 0 
1 103.39939099999999 -9.8733210000000007 0 -1 0 0 
1 102.199387 -9.8733210000000007 0 0 -1 0 
1 102.199387 -9.9733219999999996 0 1 0 0 
1 102.27439099999999 -9.9733219999999996 0 0 -1 0 
1 102.27439099999999 -11.223322 0 1 0 0 
1 102.92439299999999 -11.223322 0 0 -1 0 
1 102.92439299999999 -14.073321999999999 0 -1 0 0 
1 102.420174 -14.073321999999999 0 0 -1 0 
1 102.420174 -14.368321999999999 0 -1 0 0 
1 102.08017700000001 -14.368321999999999 0 0 1 0 
1 102.08017700000001 -12.598321 0 -1 0 0 
1 100.42439299999999 -12.598321 0 0 1 0 
1 100.42439299999999 -9.9733219999999996 0 1 0 0 
1 101.24939000000001 -9.9733219999999996 0 0 1 0 
1 101.24939000000001 -9.8733210000000007 0 -1 0 0 
1 100.324387 -9.8733210000000007 0 0 -1 0 
1 100.324387 -12.598321 0 -1 0 0 
1 96.124390000000005 -12.598321 0 0 1 0 
1 96.124390000000005 -6.3733209999999998 0 1 0 0 
1 96.674392999999995 -6.3733209999999998 0 0 1 0 
1 96.674392999999995 -5.2733210000000001 0 -1 0 0 
1 96.474388000000005 -5.2733210000000001 0 0 -1 0 
1 96.474388000000005 -5.4733210000000003 0 -1 0 0 
1 95.851890999999995 -5.4733210000000003 0 0 -1 0 
1 95.851890999999995 -5.6733209999999996 0 1 0 0 
1 95.924392999999995 -5.6733209999999996 0 0 -1 0 
1 95.924392999999995 -8.2733209999999993 0 -1 0 0 
1 95.724388000000005 -8.2733209999999993 0 0 -1 0 
1 95.724388000000005 -12.598321 0 -1 0 0 
1 91.924392999999995 -12.598321 0 0 1 0 
1 91.924392999999995 -8.2733209999999993 0 -1 0 0 
1 89.449387000000002 -8.2733209999999993 0 0 -1 0 
1 89.449387000000002 -8.3733210000000007 0 1 0 0 
1 89.524390999999994 -8.3733210000000007 0 0 -1 0 
1 89.524390999999994 -8.9733219999999996 0 1 0 0 
1 89.624390000000005 -8.9733219999999996 0 0 1 0 
1 89.624390000000005 -8.3733210000000007 0 1 0 0 
1 91.724388000000005 -8.3733210000000007 0 0 -1 0 
1 91.724388000000005 -9.0733219999999992 0 1 0 0 
1 91.824387000000002 -9.0733219999999992 0 0 -1 0 
1 91.824387000000002 -12.598321 0 -1 0 0 
1 88.424392999999995 -12.598321 0 0 1 0 
1 88.424392999999995 -8.3733210000000007 0 1 0 0 
1 88.499390000000005 -8.3733210000000007 0 0 1 0 
1 88.499390000000005 -8.2733209999999993 0 -1 0 0 
1 88.024390999999994 -8.2733209999999993 0 0 -1 0 
1 88.024390999999994 -8.3733210000000007 0 1 0 0 
1 88.324387000000002 -8.3733210000000007 0 0 -1 0 
1 88.324387000000002 -9.203322 0 -1 0 0 
1 88.024390999999994 -9.203322 0 0 -1 0 
1 88.024390999999994 -12.598321 0 -1 0 0 
1 84.574387000000002 -12.598321 0 0 1 0 
1 84.574387000000002 -8.3733210000000007 0 1 0 0 
1 85.174392999999995 -8.3733210000000007 0 0 1 0 
1 85.174392999999995 -8.2733209999999993 0 -1 0 0 
1 84.574387000000002 -8.2733209999999993 0 0 1 0 
1 84.574387000000002 -7.1733209999999996 0 1 0 0 
1 85.249390000000005 -7.1733209999999996 0 0 1 0 
1 85.249390000000005 -7.0733220000000001 0 -1 0 0 
1 84.674392999999995 -7.0733220000000001 0 0 1 0 
1 84.674392999999995 -4.573321 0 1 0 0 
1 86.374390000000005 -4.573321 0 0 -1 0 
1 86.374390000000005 -7.0733220000000001 0 -1 0 0 
1 86.099388000000005 -7.0733220000000001 0 0 -1 0 
1 86.099388000000005 -7.1733209999999996 0 1 0 0 
1 86.824387000000002 -7.1733209999999996 0 0 -1 0 
1 86.824387000000002 -8.2733209999999993 0 -1 0 0 
1 86.224388000000005 -8.2733209999999993 0 0 -1 0 
1 86.224388000000005 -8.3733210000000007 0 1 0 0 
1 87.074387000000002 -8.3733210000000007 0 0 1 0 
1 87.074387000000002 -8.2733209999999993 0 -1 0 0 
1 86.924392999999995 -8.2733209999999993 0 0 1 0 
1 86.924392999999995 -7.1733209999999996 0 1 0 0 
1 87.149390999999994 -7.1733209999999996 0 0 1 0 
1 87.149390999999994 -7.0733220000000001 0 -1 0 0 
1 86.474388000000005 -7.0733220000000001 0 0 1 0 
1 86.474388000000005 -4.573321 0 1 0 0 
1 88.074387000000002 -4.573321 0 0 -1 0 
1 88.074387000000002 -7.0733220000000001 0 -1 0 0 
1 87.999390000000005 -7.0733220000000001 0 0 -1 0 
1 87.999390000000005 -7.1733209999999996 0 1 0 0 
1 88.174392999999995 -7.1733209999999996 0 0 1 0 
1 88.174392999999995 -5.4733210000000003 0 1 0 0 
1 89.274390999999994 -5.4733210000000003 0 0 -1 0 
1 89.274390999999994 -7.1733209999999996 0 1 0 0 
1 89.949387000000002 -7.1733209999999996 0 0 1 0 
1 89.949387000000002 -7.0733220000000001 0 -1 0 0 
1 89.374390000000005 -7.0733220000000001 0 0 1 0 
1 89.374390000000005 -5.4733210000000003 0 1 0 0 
1 90.874390000000005 -5.4733210000000003 0 0 -1 0 
1 90.874390000000005 -7.0733220000000001 0 -1 0 0 
1 90.799392999999995 -7.0733220000000001 0 0 -1 0 
1 90.799392999999995 -7.1733209999999996 0 1 0 0 
1 91.924392999999995 -7.1733209999999996 0 0 1 0 
1 91.924392999999995 -7.0733220000000001 0 -1 0 0 
1 90.974388000000005 -7.0733220000000001 0 0 1 0 
1 90.974388000000005 -4.573321 0 1 0 0 
1 94.474388000000005 -4.573321 0 0 -1 0 
1 94.474388000000005 -5.6733209999999996 0 1 0 0 
1 94.751891999999998 -5.6733209999999996 0 0 1 0 
1 94.751891999999998 -5.4733210000000003 0 -1 0 0 
1 94.674392999999995 -5.4733210000000003 0 0 1 0 
1 94.674392999999995 -1.2733209999999999 0 -1 0 0 
1 94.149390999999994 -1.2733209999999999 0 0 -1 0 
1 94.149390999999994 -1.4733210000000001 0 1 0 0 
1 94.174392999999995 -1.4733210000000001 0 0 -1 0 
1 94.174392999999995 -2.1733210000000001 0 -1 0 0 
1 93.274390999999994 -2.1733210000000001 0 0 1 0 
1 93.274390999999994 -1.4733210000000001 0 1 0 0 
1 93.299392999999995 -1.4733210000000001 0 0 1 0 
1 93.299392999999995 -1.2733209999999999 0 -1 0 0 
1 92.729393000000002 -1.2733209999999999 0 0 -1 0 
1 92.729393000000002 -1.4733210000000001 0 1 0 0 
1 92.924392999999995 -1.4733210000000001 0 0 -1 0 
1 92.924392999999995 -2.5233210000000001 0 1 0 0 
1 94.174392999999995 -2.5233210000000001 0 0 -1 0 
1 94.174392999999995 -4.1733209999999996 0 -1 0 0 
1 92.024390999999994 -4.1733209999999996 0 0 1 0 
1 92.024390999999994 -3.7233209999999999 0 -1 0 0 
1 90.374390000000005 -3.7233209999999999 0 0 1 0 
1 90.374390000000005 -1.4733210000000001 0 1 0 0 
1 91.629386999999994 -1.4733210000000001 0 0 1 0 
1 91.629386999999994 -1.2733209999999999 0 -1 0 0 
1 90.574387000000002 -1.2733209999999999 0 0 1 0 
1 90.574387000000002 -0.97332099999999999 0 -1 0 0 
1 90.374390000000005 -0.97332099999999999 0 0 -1 0 
1 90.374390000000005 -1.2733209999999999 0 -1 0 0 
1 90.074387000000002 -1.2733209999999999 0 0 -1 0 
1 90.074387000000002 -1.3733230000000001 0 -1 0 0 
1 89.374390000000005 -1.3733230000000001 0 0 -1 0 
1 89.374390000000005 -1.571323 0 -1 0 0 
1 87.974388000000005 -1.571323 0 0 1 0 
1 87.974388000000005 -1.3733230000000001 0 -1 0 0 
1 86.374390000000005 -1.3733230000000001 0 0 -1 0 
1 86.374390000000005 -1.571323 0 -1 0 0 
1 84.974388000000005 -1.571323 0 0 1 0 
1 84.974388000000005 -1.3733230000000001 0 -1 0 0 
1 83.374390000000005 -1.3733230000000001 0 0 -1 0 
1 83.374390000000005 -1.571323 0 -1 0 0 
1 81.974388000000005 -1.571323 0 0 1 0 
1 81.974388000000005 -1.3733230000000001 0 -1 0 0 
1 81.274390999999994 -1.3733230000000001 0 0 1 0 
1 81.274390999999994 -1.2733209999999999 0 -1 0 0 
1 80.974388000000005 -1.2733209999999999 0 0 1 0 
1 80.974388000000005 -1.122668 0 -1 0 0 
1 80.774390999999994 -1.122668 0 0 -1 0 
1 80.774390999999994 -1.9733210000000001 0 -1 0 0 
1 80.474379999999996 -1.9733210000000001 0 0 -1 0 
1 80.474379999999996 -2.1733210000000001 0 1 0 0 
1 80.574387000000002 -2.1733210000000001 0 0 -1 0 
1 80.574387000000002 -5.2733210000000001 0 1 0 0 
1 80.674392999999995 -5.2733210000000001 0 0 1 0 
1 80.674392999999995 -4.573321 0 1 0 0 
1 83.564391999999998 -4.573321 0 0 -1 0 
1 83.564391999999998 -5.0233210000000001 0 1 0 0 
1 84.174392999999995 -5.0233210000000001 0 0 -1 0 
1 84.174392999999995 -12.598321 0 -1 0 0 
1 80.374390000000005 -12.598321 0 0 1 0 
1 80.374390000000005 -7.3733209999999998 0 -1 0 0 
1 77.899390999999994 -7.3733209999999998 0 0 -1 0 
1 77.899390999999994 -7.4733210000000003 0 1 0 0 
1 77.974388000000005 -7.4733210000000003 0 0 -1 0 
1 77.974388000000005 -8.0733219999999992 0 1 0 0 
1 78.074387000000002 -8.0733219999999992 0 0 1 0 
1 78.074387000000002 -7.4733210000000003 0 1 0 0 
1 80.274390999999994 -7.4733210000000003 0 0 -1 0 
1 80.274390999999994 -12.598321 0 -1 0 0 
1 76.874390000000005 -12.598321 0 0 1 0 
1 76.874390000000005 -7.4733210000000003 0 1 0 0 
1 76.949387000000002 -7.4733210000000003 0 0 1 0 
1 76.949387000000002 -7.3733209999999998 0 -1 0 0 
1 76.524390999999994 -7.3733209999999998 0 0 -1 0 
1 76.524390999999994 -7.4733210000000003 0 1 0 0 
1 76.774390999999994 -7.4733210000000003 0 0 -1 0 
1 76.774390999999994 -8.6733209999999996 0 -1 0 0 
1 76.474388000000005 -8.6733209999999996 0 0 -1 0 
1 76.474388000000005 -12.598321 0 -1 0 0 
1 72.924392999999995 -12.598321 0 0 1 0 
1 72.924392999999995 -8.6733209999999996 0 1 0 0 
1 73.624390000000005 -8.6733209999999996 0 0 1 0 
1 73.624390000000005 -8.5733219999999992 0 -1 0 0 
1 72.924392999999995 -8.5733219999999992 0 0 1 0 
1 72.924392999999995 -7.4733210000000003 0 1 0 0 
1 73.699387000000002 -7.4733210000000003 0 0 1 0 
1 73.699387000000002 -7.3733209999999998 0 -1 0 0 
1 72.924392999999995 -7.3733209999999998 0 0 1 0 
1 72.924392999999995 -4.5733309999999996 0 -1 0 0 
1 72.724388000000005 -4.5733309999999996 0 0 -1 0 
1 72.724388000000005 -7.0733220000000001 0 -1 0 0 
1 71.949387000000002 -7.0733220000000001 0 0 -1 0 
1 71.949387000000002 -7.1733209999999996 0 1 0 0 
1 72.724388000000005 -7.1733209999999996 0 0 -1 0 
1 72.724388000000005 -8.2733209999999993 0 -1 0 0 
1 72.124390000000005 -8.2733209999999993 0 0 -1 0 
1 72.124390000000005 -8.3733210000000007 0 1 0 0 
1 72.724388000000005 -8.3733210000000007 0 0 -1 0 
1 72.724388000000005 -12.598321 0 -1 0 0 
1 69.174392999999995 -12.598321 0 0 1 0 
1 69.174392999999995 -9.203322 0 -1 0 0 
1 68.874390000000005 -9.203322 0 0 1 0 
1 68.874390000000005 -8.3733210000000007 0 1 0 0 
1 69.174392999999995 -8.3733210000000007 0 0 1 0 
1 69.174392999999995 -8.2733209999999993 0 -1 0 0 
1 68.699387000000002 -8.2733209999999993 0 0 -1 0 
1 68.699387000000002 -8.3733210000000007 0 1 0 0 
1 68.774390999999994 -8.3733210000000007 0 0 -1 0 
1 68.774390999999994 -12.598321 0 -1 0 0 
1 65.374390000000005 -12.598321 0 0 1 0 
1 65.374390000000005 -9.0733219999999992 0 1 0 0 
1 65.474388000000005 -9.0733219999999992 0 0 1 0 
1 65.474388000000005 -8.3733210000000007 0 1 0 0 
1 67.574387000000002 -8.3733210000000007 0 0 -1 0 
1 67.574387000000002 -8.9733219999999996 0 1 0 0 
1 67.674392999999995 -8.9733219999999996 0 0 1 0 
1 67.674392999999995 -8.3733210000000007 0 1 0 0 
1 67.749390000000005 -8.3733210000000007 0 0 1 0 
1 67.749390000000005 -8.2733209999999993 0 -1 0 0 
1 65.274390999999994 -8.2733209999999993 0 0 -1 0 
1 65.274390999999994 -12.598321 0 -1 0 0 
1 62.120173999999999 -12.598321 0 0 -1 0 
1 62.120173999999999 -18.823322000000001 0 -1 0 0 
1 60.124389999999998 -18.823322000000001 0 0 1 0 
1 60.124389999999998 -17.884321 0 1 0 0 
1 60.399391000000001 -17.884321 0 0 1 0 
1 60.399391000000001 -17.814322000000001 0 -1 0 0 
1 60.194389000000001 -17.814322000000001 0 0 1 0 
1 60.194389000000001 -11.773320999999999 0 -1 0 0 
1 60.124389999999998 -11.773320999999999 0 0 1 0 
1 60.124389999999998 -10.623321000000001 0 -1 0 0 
1 58.274391000000001 -10.623321000000001 0 0 1 0 
1 58.274391000000001 -10.622944 0 -1 0 0 
1 57.923972999999997 -10.622944 0 0 1 0 
1 57.923972999999997 -10.547943999999999 0 -1 0 0 
1 57.823974999999997 -10.547943999999999 0 0 -1 0 
1 57.823974999999997 -10.622944 0 -1 0 0 
1 56.173972999999997 -10.622944 0 0 -1 0 
1 56.173972999999997 -11.698321999999999 0 1 0 0 
1 56.273975 -11.698321999999999 0 0 1 0 
1 56.273975 -10.722944 0 1 0 0 
1 58.084389000000002 -10.722944 0 0 -1 0 
1 58.084389000000002 -11.123321000000001 0 1 0 0 
1 59.024391000000001 -11.123321000000001 0 0 -1 0 
1 59.024391000000001 -12.623343999999999 0 -1 0 0 
1 56.273975 -12.623343999999999 0 0 1 0 
1 56.273975 -12.548321 0 -1 0 0 
1 56.173972999999997 -12.548321 0 0 -1 0 
1 56.173972999999997 -13.497944 0 1 0 0 
1 56.273975 -13.497944 0 0 1 0 
1 56.273975 -12.723344000000001 0 1 0 0 
1 57.374389999999998 -12.723344000000001 0 0 -1 0 
1 57.374389999999998 -13.698344000000001 0 1 0 0 
1 57.474387999999998 -13.698344000000001 0 0 1 0 
1 57.474387999999998 -12.823344000000001 0 1 0 0 
1 59.924388999999998 -12.823344000000001 0 0 -1 0 
1 59.924388999999998 -14.623343999999999 0 -1 0 0 
1 57.474387999999998 -14.623343999999999 0 0 1 0 
1 57.474387999999998 -14.548344 0 -1 0 0 
1 57.374389999999998 -14.548344 0 0 -1 0 
1 57.374389999999998 -14.723344000000001 0 1 0 0 
1 59.924388999999998 -14.723344000000001 0 0 -1 0 
1 59.924388999999998 -18.523320999999999 0 -1 0 0 
1 58.274391000000001 -18.523320999999999 0 0 -1 0 
1 58.274391000000001 -18.823322000000001 0 -1 0 0 
1 55.674388999999998 -18.823322000000001 0 0 1 0 
1 55.674388999999998 -18.523320999999999 0 -1 0 0 
1 55.673972999999997 -18.523320999999999 0 0 1 0 
1 55.673972999999997 -16.323322000000001 0 1 0 0 
1 56.273975 -16.323322000000001 0 0 1 0 
1 56.273975 -14.447944 0 -1 0 0 
1 56.173972999999997 -14.447944 0 0 -1 0 
1 56.173972999999997 -15.023320999999999 0 -1 0 0 
1 56.098972000000003 -15.023320999999999 0 0 -1 0 
1 56.098972000000003 -15.123322 0 1 0 0 
1 56.173972999999997 -15.123322 0 0 -1 0 
1 56.173972999999997 -16.223320999999999 0 -1 0 0 
1 54.973972000000003 -16.223320999999999 0 0 -1 0 
1 54.973972000000003 -16.323322000000001 0 1 0 0 
1 55.573974999999997 -16.323322000000001 0 0 -1 0 
1 55.573974999999997 -18.523320999999999 0 -1 0 0 
1 53.424388999999998 -18.523320999999999 0 0 -1 0 
1 53.424388999999998 -18.823322000000001 0 -1 0 0 
1 50.799388999999998 -18.823322000000001 0 0 1 0 
1 50.799388999999998 -8.1229440000000004 0 1 0 0 
1 53.724387999999998 -8.1229440000000004 0 0 -1 0 
1 53.724387999999998 -8.8229439999999997 0 1 0 0 
1 75.124390000000005 -1.2733209999999999 0 0 1 0 
1 75.124390000000005 -0.97332099999999999 0 -1 0 0 
1 74.924392999999995 -0.97332099999999999 0 0 -1 0 
1 74.924392999999995 -1.373321 0 -1 0 0 
1 74.224388000000005 -1.373321 0 0 -1 0 
1 74.224388000000005 -1.4733210000000001 0 -1 0 0 
1 72.824387000000002 -1.4733210000000001 0 0 1 0 
1 72.824387000000002 -1.373321 0 -1 0 0 
1 71.224388000000005 -1.373321 0 0 -1 0 
1 71.224388000000005 -1.4733210000000001 0 -1 0 0 
1 69.824387000000002 -1.4733210000000001 0 0 1 0 
1 69.824387000000002 -1.373321 0 -1 0 0 
1 68.124381999999997 -1.373321 0 0 -1 0 
1 68.124381999999997 -1.4733210000000001 0 -1 0 0 
1 66.724388000000005 -1.4733210000000001 0 0 1 0 
1 66.724388000000005 -1.373321 0 -1 0 0 
1 65.124381999999997 -1.373321 0 0 -1 0 
1 65.124381999999997 -1.4733210000000001 0 -1 0 0 
1 63.724384000000001 -1.4733210000000001 0 0 1 0 
1 63.724384000000001 -1.373321 0 -1 0 0 
1 63.024391000000001 -1.373321 0 0 1 0 
1 63.024391000000001 -1.2733209999999999 0 -1 0 0 
1 62.724387999999998 -1.2733209999999999 0 0 1 0 
1 62.724387999999998 -0.97332099999999999 0 -1 0 0 
1 62.524391000000001 -0.97332099999999999 0 0 -1 0 
1 62.524391000000001 -5.4733210000000003 0 -1 0 0 
1 62.449390000000001 -5.4733210000000003 0 0 -1 0 
1 62.449390000000001 -5.6733209999999996 0 1 0 0 
1 62.724387999999998 -5.6733209999999996 0 0 1 0 
1 62.724387999999998 -4.573321 0 1 0 0 
1 66.224388000000005 -4.573321 0 0 -1 0 
1 66.224388000000005 -7.0733220000000001 0 -1 0 0 
1 65.274390999999994 -7.0733220000000001 0 0 -1 0 
1 65.274390999999994 -7.1733209999999996 0 1 0 0 
1 66.399390999999994 -7.1733209999999996 0 0 1 0 
1 66.399390999999994 -7.0733220000000001 0 -1 0 0 
1 66.324387000000002 -7.0733220000000001 0 0 1 0 
1 66.324387000000002 -5.4733210000000003 0 1 0 0 
1 67.824387000000002 -5.4733210000000003 0 0 -1 0 
1 67.824387000000002 -7.0733220000000001 0 -1 0 0 
1 67.249390000000005 -7.0733220000000001 0 0 -1 0 
1 67.249390000000005 -7.1733209999999996 0 1 0 0 
1 67.924392999999995 -7.1733209999999996 0 0 1 0 
1 67.924392999999995 -5.4733210000000003 0 1 0 0 
1 69.024390999999994 -5.4733210000000003 0 0 -1 0 
1 69.024390999999994 -7.1733209999999996 0 1 0 0 
1 69.199387000000002 -7.1733209999999996 0 0 1 0 
1 69.199387000000002 -7.0733220000000001 0 -1 0 0 
1 69.124390000000005 -7.0733220000000001 0 0 1 0 
1 69.124390000000005 -4.573321 0 1 0 0 
1 70.724388000000005 -4.573321 0 0 -1 0 
1 70.724388000000005 -7.0733220000000001 0 -1 0 0 
1 70.049392999999995 -7.0733220000000001 0 0 -1 0 
1 70.049392999999995 -7.1733209999999996 0 1 0 0 
1 70.274390999999994 -7.1733209999999996 0 0 -1 0 
1 70.274390999999994 -8.2733209999999993 0 -1 0 0 
1 70.124390000000005 -8.2733209999999993 0 0 -1 0 
1 70.124390000000005 -8.3733210000000007 0 1 0 0 
1 70.974388000000005 -8.3733210000000007 0 0 1 0 
1 70.974388000000005 -8.2733209999999993 0 -1 0 0 
1 70.374390000000005 -8.2733209999999993 0 0 1 0 
1 70.374390000000005 -7.1733209999999996 0 1 0 0 
1 71.099388000000005 -7.1733209999999996 0 0 1 0 
1 71.099388000000005 -7.0733220000000001 0 -1 0 0 
1 70.824387000000002 -7.0733220000000001 0 0 1 0 
1 70.824387000000002 -4.573321 0 1 0 0 
1 74.724388000000005 -4.573321 0 0 -1 0 
1 74.724388000000005 -7.3733209999999998 0 -1 0 0 
1 74.549392999999995 -7.3733209999999998 0 0 -1 0 
1 74.549392999999995 -7.4733210000000003 0 1 0 0 
1 75.274390999999994 -7.4733210000000003 0 0 -1 0 
1 75.274390999999994 -8.5733219999999992 0 -1 0 0 
1 74.624390000000005 -8.5733219999999992 0 0 -1 0 
1 74.624390000000005 -8.6733209999999996 0 1 0 0 
1 75.374390000000005 -8.6733209999999996 0 0 1 0 
1 75.374390000000005 -7.4733210000000003 0 1 0 0 
1 75.574387000000002 -7.4733210000000003 0 0 1 0 
1 75.574387000000002 -7.3733209999999998 0 -1 0 0 
1 74.824387000000002 -7.3733209999999998 0 0 1 0 
1 74.824387000000002 -6.2733210000000001 0 1 0 0 
1 75.424385000000001 -6.2733210000000001 0 0 1 0 
1 75.424385000000001 -6.1733209999999996 0 -1 0 0 
1 75.374390000000005 -6.1733209999999996 0 0 1 0 
1 75.374390000000005 -5.323321 0 1 0 0 
1 76.574378999999993 -5.323321 0 0 -1 0 
1 76.574378999999993 -6.1733209999999996 0 -1 0 0 
1 76.524383999999998 -6.1733209999999996 0 0 -1 0 
1 76.524383999999998 -6.2733210000000001 0 1 0 0 
1 78.249381999999997 -6.2733210000000001 0 0 1 0 
1 78.249381999999997 -6.1733209999999996 0 -1 0 0 
1 76.674385000000001 -6.1733209999999996 0 0 1 0 
1 76.674385000000001 -4.573321 0 1 0 0 
1 79.174385000000001 -4.573321 0 0 -1 0 
1 79.174385000000001 -6.1733209999999996 0 -1 0 0 
1 79.099379999999996 -6.1733209999999996 0 0 -1 0 
1 79.099379999999996 -6.2733210000000001 0 1 0 0 
1 79.274383999999998 -6.2733210000000001 0 0 1 0 
1 79.274383999999998 -4.1483210000000001 0 -1 0 0 
1 79.074378999999993 -4.1483210000000001 0 0 -1 0 
1 79.074378999999993 -4.3733209999999998 0 -1 0 0 
1 77.074387000000002 -4.3733209999999998 0 0 1 0 
1 77.074387000000002 -3.073321 0 1 0 0 
1 79.074378999999993 -3.073321 0 0 -1 0 
1 79.074378999999993 -3.2983210000000001 0 1 0 0 
1 79.274383999999998 -3.2983210000000001 0 0 1 0 
1 79.274383999999998 -2.1733210000000001 0 1 0 0 
1 79.374381999999997 -2.1733210000000001 0 0 1 0 
1 79.374381999999997 -1.9733210000000001 0 -1 0 0 
1 79.274383999999998 -1.9733210000000001 0 0 1 0 
1 79.274383999999998 -1.2733209999999999 0 -1 0 0 
1 78.807343000000003 -1.2733209999999999 0 0 -1 0 
1 78.807343000000003 -1.4733210000000001 0 1 0 0 
1 79.074378999999993 -1.4733210000000001 0 0 -1 0 
1 79.074378999999993 -2.8733209999999998 0 -1 0 0 
1 77.074387000000002 -2.8733209999999998 0 0 1 0 
1 77.074387000000002 -1.4733210000000001 0 1 0 0 
1 77.607337999999999 -1.4733210000000001 0 0 1 0 
1 77.607337999999999 -1.2733209999999999 0 -1 0 0 
1 76.369392000000005 -1.2733209999999999 0 0 -1 0 
1 76.369392000000005 -1.4733210000000001 0 1 0 0 
1 76.574387000000002 -1.4733210000000001 0 0 -1 0 
1 76.574387000000002 -3.6233209999999998 0 -1 0 0 
1 76.024383999999998 -3.6233209999999998 0 0 -1 0 
1 76.024383999999998 -4.1733209999999996 0 -1 0 0 
1 75.224388000000005 -4.1733209999999996 0 0 1 0 
1 75.224388000000005 -1.4733210000000001 0 1 0 0 
1 75.419387999999998 -1.4733210000000001 0 0 1 0 
1 75.419387999999998 -1.2733209999999999 0 -1 0 0 
1 59.748973999999997 -5.5229439999999999 0 1 0 0 
1 60.473972000000003 -5.5229439999999999 0 0 -1 0 
1 60.473972000000003 -7.0229439999999999 0 -1 0 0 
1 58.823974999999997 -7.0229439999999999 0 0 1 0 
1 58.823974999999997 -5.5229439999999999 0 1 0 0 
1 58.898975 -5.5229439999999999 0 0 1 0 
1 58.898975 -5.4229440000000002 0 -1 0 0 
1 58.723972000000003 -5.4229440000000002 0 0 -1 0 
1 58.723972000000003 -8.0229440000000007 0 -1 0 0 
1 56.173972999999997 -8.0229440000000007 0 0 -1 0 
1 56.173972999999997 -9.4229439999999993 0 1 0 0 
1 56.498973999999997 -9.4229439999999993 0 0 1 0 
1 56.498973999999997 -9.3229439999999997 0 -1 0 0 
1 56.273975 -9.3229439999999997 0 0 1 0 
1 56.273975 -8.1229440000000004 0 1 0 0 
1 57.823974999999997 -8.1229440000000004 0 0 -1 0 
1 57.823974999999997 -9.3229439999999997 0 -1 0 0 
1 57.598972000000003 -9.3229439999999997 0 0 -1 0 
1 57.598972000000003 -9.4229439999999993 0 1 0 0 
1 57.823974999999997 -9.4229439999999993 0 0 -1 0 
1 57.823974999999997 -9.597944 0 1 0 0 
1 57.923972999999997 -9.597944 0 0 1 0 
1 57.923972999999997 -8.9229439999999993 0 1 0 0 
1 58.823974999999997 -8.9229439999999993 0 0 1 0 
1 58.823974999999997 -8.5229440000000007 0 1 0 0 
1 58.898975 -8.5229440000000007 0 0 1 0 
1 58.898975 -8.4229439999999993 0 -1 0 0 
1 58.823974999999997 -8.4229439999999993 0 0 1 0 
1 58.823974999999997 -7.2230420000000004 0 1 0 0 
1 61.074390000000001 -7.2230420000000004 0 0 -1 0 
1 61.074390000000001 -8.4233209999999996 0 -0.74018213923723142 0.67240642527729888 0 
1 61.073974999999997 -8.4229439999999993 0 -1 0 0 
1 59.748973999999997 -8.4229439999999993 0 0 -1 0 
1 59.748973999999997 -8.5229440000000007 0 1 0 0 
1 61.074390000000001 -8.5229440000000007 0 0 -1 0 
1 61.074390000000001 -11.773320999999999 0 -1 0 0 
1 61.004390999999998 -11.773320999999999 0 0 -1 0 
1 61.004390999999998 -13.093321 0 1 0 0 
1 61.544387999999998 -13.093321 0 0 1 0 
1 61.544387999999998 -12.773320999999999 0 -1 0 0 
1 61.474387999999998 -12.773320999999999 0 0 1 0 
1 61.474387999999998 -8.2733209999999993 0 -1 0 0 
1 61.274391000000001 -8.2733209999999993 0 0 1 0 
1 61.274391000000001 -5.6733209999999996 0 1 0 0 
1 61.349387999999998 -5.6733209999999996 0 0 1 0 
1 61.349387999999998 -5.4733210000000003 0 -1 0 0 
1 61.074390000000001 -5.4733210000000003 0 0 -1 0 
1 61.074390000000001 -5.4736989999999999 0 -1 0 0 
1 60.724387999999998 -5.4736989999999999 0 0 1 0 
1 60.724387999999998 -5.2479440000000004 0 -1 0 0 
1 60.524391000000001 -5.2479440000000004 0 0 -1 0 
1 60.524391000000001 -5.4229440000000002 0 -1 0 0 
1 59.748973999999997 -5.4229440000000002 0 0 -1 0 
1 50.874389999999998 -11.023320999999999 0 1 0 0 
1 54.074390000000001 -11.023320999999999 0 0 1 0 
1 54.074390000000001 -10.722944 0 1 0 0 
1 54.973972000000003 -10.722944 0 0 -1 0 
1 54.973972000000003 -10.972944 0 1 0 0 
1 55.073974999999997 -10.972944 0 0 1 0 
1 55.073974999999997 -10.723322 0 1 0 0 
1 55.074390000000001 -10.723322 0 0 1 0 
1 55.074390000000001 -9.847944 0 -1 0 0 
1 54.974387999999998 -9.847944 0 -0.00061629617924655836 -0.99999981008949168 0 
1 54.973972000000003 -10.522944000000001 0 -1 0 0 
1 54.074390000000001 -10.522944000000001 0 0 -1 0 
1 54.074390000000001 -10.523320999999999 0 -1 0 0 
1 50.874389999999998 -10.523320999999999 0 0 -1 0 
1 50.874389999999998 -15.023320999999999 0 0 -1 0 
1 50.874389999999998 -15.123322 0 1 0 0 
1 55.148975 -15.123322 0 0 1 0 
1 55.148975 -15.023320999999999 0 -1 0 0 
1 55.073974999999997 -15.023320999999999 0 0 1 0 
1 55.073974999999997 -11.922943999999999 0 -1 0 0 
1 54.973972000000003 -11.922943999999999 0 0 -1 0 
1 54.973972000000003 -12.723321 0 -1 0 0 
1 54.373973999999997 -12.723321 0 0 -1 0 
1 54.373973999999997 -12.823321999999999 0 1 0 0 
1 54.973972000000003 -12.823321999999999 0 0 -1 0 
1 54.973972000000003 -15.023320999999999 0 -1 0 0 
1 56.344391000000002 -0.123321 0 0 1 0 
1 56.344391000000002 -0.023321000000000001 0 -1 0 0 
1 52.698974999999997 -0.023321000000000001 0 0 -1 0 
1 52.698974999999997 -0.123321 0 1 0 0 
1 96.379386999999994 1.7266790000000001 0 1 0 0 
1 96.474388000000005 1.7266790000000001 0 0 -1 0 
1 96.474388000000005 -4.1733209999999996 0 1 0 0 
1 96.674392999999995 -4.1733209999999996 0 0 1 0 
1 96.674392999999995 -4.0233210000000001 0 1 0 0 
1 97.874390000000005 -4.0233210000000001 0 0 -1 0 
1 97.874390000000005 -5.3483210000000003 0 1 0 0 
1 97.974388000000005 -5.3483210000000003 0 0 1 0 
1 97.974388000000005 -4.4733210000000003 0 1 0 0 
1 99.374390000000005 -4.4733210000000003 0 0 -1 0 
1 99.374390000000005 -6.2733210000000001 0 -1 0 0 
1 97.974388000000005 -6.2733210000000001 0 0 1 0 
1 97.974388000000005 -6.198321 0 -1 0 0 
1 97.874390000000005 -6.198321 0 0 -1 0 
1 97.874390000000005 -6.3733209999999998 0 1 0 0 
1 100.324387 -6.3733209999999998 0 0 -1 0 
1 100.324387 -8.7733209999999993 0 1 0 0 
1 101.724388 -8.7733209999999993 0 0 1 0 
1 101.724388 -8.5483209999999996 0 -1 0 0 
1 101.62439000000001 -8.5483209999999996 0 0 -1 0 
1 101.62439000000001 -8.6733209999999996 0 -1 0 0 
1 100.42439299999999 -8.6733209999999996 0 0 1 0 
1 100.42439299999999 -7.3233220000000001 0 1 0 0 
1 101.62439000000001 -7.3233220000000001 0 0 -1 0 
1 101.62439000000001 -7.4483220000000001 0 1 0 0 
1 101.724388 -7.4483220000000001 0 0 1 0 
1 101.724388 -7.3233220000000001 0 1 0 0 
1 101.89939099999999 -7.3233220000000001 0 0 1 0 
1 101.89939099999999 -7.2233210000000003 0 -1 0 0 
1 101.224388 -7.2233210000000003 0 0 1 0 
1 101.224388 -6.2733210000000001 0 -1 0 0 
1 100.824387 -6.2733210000000001 0 0 1 0 
1 100.824387 -6.198321 0 -1 0 0 
1 100.724388 -6.198321 0 0 -1 0 
1 100.724388 -6.2733210000000001 0 -1 0 0 
1 99.524390999999994 -6.2733210000000001 0 0 1 0 
1 99.524390999999994 -3.8733209999999998 0 1 0 0 
1 100.724388 -3.8733209999999998 0 0 -1 0 
1 100.724388 -5.3483210000000003 0 1 0 0 
1 100.824387 -5.3483210000000003 0 0 1 0 
1 100.824387 -3.8733209999999998 0 1 0 0 
1 103.349388 -3.8733209999999998 0 0 -1 0 
1 103.349388 -3.9433210000000001 0 1 0 0 
1 104.834389 -3.9433210000000001 0 0 1 0 
1 104.834389 -3.403321 0 -1 0 0 
1 104.574387 -3.403321 0 0 -1 0 
1 104.574387 -3.4733209999999999 0 -1 0 0 
1 100.99939000000001 -3.4733209999999999 0 0 -1 0 
1 100.99939000000001 -3.6733210000000001 0 -1 0 0 
1 96.624390000000005 -3.6733210000000001 0 0 1 0 
1 96.624390000000005 -1.5233209999999999 0 1 0 0 
1 97.229393000000002 -1.5233209999999999 0 0 1 0 
1 97.229393000000002 0.52667799999999998 0 -1 0 0 
1 96.624390000000005 0.52667799999999998 0 0 1 0 
1 96.624390000000005 1.7266790000000001 0 1 0 0 
1 96.834641000000005 1.7266790000000001 0 0 1 0 
1 96.834641000000005 1.876679 0 -1 0 0 
1 96.379386999999994 1.876679 0 0 -1 0 
1 78.370636000000005 3.526678 0 -1 0 0 
1 77.773139999999998 3.526678 0 0 -1 0 
1 77.773139999999998 3.3266789999999999 0 1 0 0 
1 78.370636000000005 3.3266789999999999 0 0 1 0 
1 88.074387000000002 0.926678 0 0 1 0 
1 88.074387000000002 1.2266790000000001 0 -1 0 0 
1 87.974388000000005 1.2266790000000001 0 0 1 0 
1 87.974388000000005 3.2266789999999999 0 -1 0 0 
1 87.674392999999995 3.2266789999999999 0 0 -1 0 
1 87.674392999999995 1.1266780000000001 0 -1 0 0 
1 87.474388000000005 1.1266780000000001 0 0 -1 0 
1 87.474388000000005 0.926678 0 1 0 0 
1 100.49939000000001 11.126678 0 0 -1 0 
1 100.49939000000001 8.2266790000000007 0 1 0 0 
1 100.74939000000001 8.2266790000000007 0 0 1 0 
1 100.74939000000001 8.3766780000000001 0 -1 0 0 
1 100.64939099999999 8.3766780000000001 0 0 1 0 
1 100.64939099999999 11.126678 0 1 0 0 
1 101.74939000000001 11.126678 0 0 -1 0 
1 101.74939000000001 10.001678 0 1 0 0 
1 101.89939099999999 10.001678 0 0 1 0 
1 101.89939099999999 10.876678 0 1 0 0 
1 104.599388 10.876678 0 0 -1 0 
1 104.599388 9.9516790000000004 0 1 0 0 
1 104.699387 9.9516790000000004 0 0 1 0 
1 104.699387 9.9766790000000007 0 1 0 0 
1 105.48938800000001 9.9766790000000007 0 0 1 0 
1 105.48938800000001 9.9966779999999993 0 -1 0 0 
1 104.699387 9.9966779999999993 0 0 1 0 
1 104.699387 10.876678 0 1 0 0 
1 106.29939299999999 10.876678 0 0 -1 0 
1 106.29939299999999 9.9966779999999993 0 -1 0 0 
1 106.189392 9.9966779999999993 0 0 -1 0 
1 106.189392 9.9766790000000007 0 1 0 0 
1 106.29939299999999 9.9766790000000007 0 0 -1 0 
1 106.29939299999999 7.5516779999999999 0 -1 0 0 
1 104.699387 7.5516779999999999 0 0 1 0 
1 104.699387 9.0516780000000008 0 -1 0 0 
1 104.599388 9.0516780000000008 0 0 -1 0 
1 104.599388 9.0266789999999997 0 -1 0 0 
1 104.449387 9.0266789999999997 0 0 -1 0 
1 104.449387 9.0066780000000008 0 1 0 0 
1 104.599388 9.0066780000000008 0 0 -1 0 
1 104.599388 7.5516779999999999 0 -1 0 0 
1 101.89939099999999 7.5516779999999999 0 0 1 0 
1 101.89939099999999 9.0066780000000008 0 1 0 0 
1 102.029388 9.0066780000000008 0 0 1 0 
1 102.029388 9.0266789999999997 0 -1 0 0 
1 101.89939099999999 9.0266789999999997 0 0 1 0 
1 101.89939099999999 9.0516780000000008 0 -1 0 0 
1 101.74939000000001 9.0516780000000008 0 0 -1 0 
1 101.74939000000001 8.3766780000000001 0 -1 0 0 
1 101.64939099999999 8.3766780000000001 0 0 -1 0 
1 101.64939099999999 8.2266790000000007 0 1 0 0 
1 101.74939000000001 8.2266790000000007 0 0 -1 0 
1 101.74939000000001 6.7266789999999999 0 -1 0 0 
1 101.64939099999999 6.7266789999999999 0 0 -1 0 
1 101.64939099999999 6.5766790000000004 0 1 0 0 
1 101.74939000000001 6.5766790000000004 0 0 -1 0 
1 101.74939000000001 5.9016789999999997 0 1 0 0 
1 101.89939099999999 5.9016789999999997 0 0 1 0 
1 101.89939099999999 5.9266779999999999 0 1 0 0 
1 102.029388 5.9266779999999999 0 0 1 0 
1 102.029388 5.9466789999999996 0 -1 0 0 
1 101.89939099999999 5.9466789999999996 0 0 1 0 
1 101.89939099999999 7.4016789999999997 0 1 0 0 
1 102.79772199999999 7.4016789999999997 0 0 -1 0 
1 102.79772199999999 5.9466789999999996 0 -1 0 0 
1 102.729393 5.9466789999999996 0 0 -1 0 
1 102.729393 5.9266779999999999 0 1 0 0 
1 102.909386 5.9266779999999999 0 0 1 0 
1 102.909386 5.9466789999999996 0 -1 0 0 
1 102.81772599999999 5.9466789999999996 0 0 1 0 
1 102.81772599999999 7.4016789999999997 0 1 0 0 
1 103.68105300000001 7.4016789999999997 0 0 -1 0 
1 103.68105300000001 5.9466789999999996 0 -1 0 0 
1 103.60939 5.9466789999999996 0 0 -1 0 
1 103.60939 5.9266779999999999 0 1 0 0 
1 103.77439099999999 5.9266779999999999 0 0 1 0 
1 103.77439099999999 5.9466789999999996 0 -1 0 0 
1 103.70105700000001 5.9466789999999996 0 0 1 0 
1 103.70105700000001 7.4016789999999997 0 1 0 0 
1 104.599388 7.4016789999999997 0 0 -1 0 
1 104.599388 5.9016789999999997 0 1 0 0 
1 104.699387 5.9016789999999997 0 0 1 0 
1 104.699387 7.4016789999999997 0 1 0 0 
1 106.29939299999999 7.4016789999999997 0 0 -1 0 
1 106.29939299999999 4.0766790000000004 0 -1 0 0 
1 104.699387 4.0766790000000004 0 0 1 0 
1 104.699387 5.0016780000000001 0 -1 0 0 
1 104.599388 5.0016780000000001 0 0 -1 0 
1 104.599388 4.1766779999999999 0 -1 0 0 
1 101.89939099999999 4.1766779999999999 0 0 1 0 
1 101.89939099999999 4.9516790000000004 0 -1 0 0 
1 101.74939000000001 4.9516790000000004 0 0 -1 0 
1 101.74939000000001 4.1766779999999999 0 -1 0 0 
1 100.64939099999999 4.1766779999999999 0 0 1 0 
1 100.64939099999999 6.5766790000000004 0 1 0 0 
1 100.74939000000001 6.5766790000000004 0 0 1 0 
1 100.74939000000001 6.7266789999999999 0 -1 0 0 
1 100.49939000000001 6.7266789999999999 0 0 -1 0 
1 100.49939000000001 3.7766790000000001 0 1 0 0 
1 104.574387 3.7766790000000001 0 0 -1 0 
1 104.574387 3.7066789999999998 0 1 0 0 
1 105.194389 3.7066789999999998 0 0 1 0 
1 105.194389 3.9626790000000001 0 -1 0 0 
1 105.12439000000001 3.9626790000000001 0 0 1 0 
1 105.12439000000001 3.9766789999999999 0 1 0 0 
1 106.39939099999999 3.9766789999999999 0 0 1 0 
1 106.39939099999999 10.876678 0 -1 0 0 
1 106.324387 10.876678 0 0 1 0 
1 106.324387 11.276679 0 -1 0 0 
1 100.42439299999999 11.276679 0 0 -1 0 
1 100.42439299999999 11.126678 0 1 0 0 
1 102.923973 8.4516790000000004 0 1 0 0 
1 103.523972 8.4516790000000004 0 0 1 0 
1 103.523972 9.0066780000000008 0 1 0 0 
1 103.74939000000001 9.0066780000000008 0 0 1 0 
1 103.74939000000001 9.0266789999999997 0 -1 0 0 
1 103.523972 9.0266789999999997 0 0 1 0 
1 103.523972 9.0516780000000008 0 -1 0 0 
1 102.923973 9.0516780000000008 0 0 -1 0 
1 102.923973 9.0266789999999997 0 -1 0 0 
1 102.729393 9.0266789999999997 0 0 -1 0 
1 102.729393 9.0066780000000008 0 1 0 0 
1 102.923973 9.0066780000000008 0 0 -1 0 
1 98.234641999999994 1.7266790000000001 0 1 0 0 
1 98.379386999999994 1.7266790000000001 0 0 -1 0 
1 98.379386999999994 1.126679 0 1 0 0 
1 99.979393000000002 1.126679 0 0 1 0 
1 99.979393000000002 1.7266790000000001 0 1 0 0 
1 104.329391 1.7266790000000001 0 0 -1 0 
1 104.329391 1.526678 0 1 0 0 
1 104.479393 1.526678 0 0 1 0 
1 104.479393 1.876679 0 -1 0 0 
1 98.234641999999994 1.876679 0 0 -1 0 
1 108.62439000000001 -9.9733219999999996 0 0 1 0 
1 108.62439000000001 -9.3733210000000007 0 1 0 0 
1 110.824387 -9.3733210000000007 0 0 -1 0 
1 110.824387 -11.423321 0 1 0 0 
1 111.224388 -11.423321 0 0 1 0 
1 111.224388 -8.6733209999999996 0 -1 0 0 
1 111.12439000000001 -8.6733209999999996 0 0 -1 0 
1 111.12439000000001 -9.2733209999999993 0 -1 0 0 
1 108.62439000000001 -9.2733209999999993 0 0 1 0 
1 108.62439000000001 -8.6733209999999996 0 -1 0 0 
1 106.74939000000001 -8.6733209999999996 0 0 -1 0 
1 106.74939000000001 -8.7733209999999993 0 1 0 0 
1 107.324387 -8.7733209999999993 0 0 -1 0 
1 107.324387 -8.8483219999999996 0 1 0 0 
1 107.42439299999999 -8.8483219999999996 0 0 1 0 
1 107.42439299999999 -8.7733209999999993 0 1 0 0 
1 108.52439099999999 -8.7733209999999993 0 0 -1 0 
1 108.52439099999999 -9.9733219999999996 0 1 0 0 
1 111.12439000000001 -12.103320999999999 0 1 0 0 
1 111.224388 -12.103320999999999 0 0 1 0 
1 111.224388 -11.523320999999999 0 -1 0 0 
1 111.12439000000001 -11.523320999999999 0 0 -1 0 
Polygon3D 0
PolygonOnTriangulations 0
Surfaces 31
1 76.516778128785177 0.063005459630767216 0 -0 -0 -1 -1 0 0 0 1 -0 
1 72.154796470034583 -4.588777241106242 0 0 0 1 1 0 -0 -0 1 0 
1 76.516778128785177 0.063005459630767216 0 -0 -0 -1 -1 0 0 0 1 -0 
1 76.516778128785177 0.063005459630767216 0 -0 -0 -1 -1 0 0 0 1 -0 
1 59.579224557443091 -8.3262400369209075 0 0 0 1 1 0 -0 -0 1 0 
1 76.516778128785177 0.063005459630767216 0 -0 -0 -1 -1 0 0 0 1 -0 
1 76.516778128785177 0.063005459630767216 0 -0 -0 -1 -1 0 0 0 1 -0 
1 76.516778128785177 0.063005459630767216 0 -0 -0 -1 -1 0 0 0 1 -0 
1 76.516778128785177 0.063005459630767216 0 -0 -0 -1 -1 0 0 0 1 -0 
1 76.516778128785177 0.063005459630767216 0 -0 -0 -1 -1 0 0 0 1 -0 
1 76.516778128785177 0.063005459630767216 0 -0 -0 -1 -1 0 0 0 1 -0 
1 76.516778128785177 0.063005459630767216 0 -0 -0 -1 -1 0 0 0 1 -0 
1 76.516778128785177 0.063005459630767216 0 -0 -0 -1 -1 0 0 0 1 -0 
1 99.470809939124493 -4.2700411156961886 0 0 0 1 1 0 -0 -0 1 0 
1 76.516778128785177 0.063005459630767216 0 -0 -0 -1 -1 0 0 0 1 -0 
1 76.516778128785177 0.063005459630767216 0 -0 -0 -1 -1 0 0 0 1 -0 
1 76.516778128785177 0.063005459630767216 0 -0 -0 -1 -1 0 0 0 1 -0 
1 76.516778128785177 0.063005459630767216 0 -0 -0 -1 -1 0 0 0 1 -0 
1 76.516778128785177 0.063005459630767216 0 -0 -0 -1 -1 0 0 0 1 -0 
1 76.516778128785177 0.063005459630767216 0 -0 -0 -1 -1 0 0 0 1 -0 
1 76.516778128785177 0.063005459630767216 0 -0 -0 -1 -1 0 0 0 1 -0 
1 76.516778128785177 0.063005459630767216 0 -0 -0 -1 -1 0 0 0 1 -0 
1 76.516778128785177 0.063005459630767216 0 -0 -0 -1 -1 0 0 0 1 -0 
1 76.516778128785177 0.063005459630767216 0 -0 -0 -1 -1 0 0 0 1 -0 
1 76.516778128785177 0.063005459630767216 0 -0 -0 -1 -1 0 0 0 1 -0 
1 76.516778128785177 0.063005459630767216 0 -0 -0 -1 -1 0 0 0 1 -0 
1 109.5602342088238 -9.4732108852945274 0 0 0 1 1 0 -0 -0 1 0 
1 76.516778128785177 0.063005459630767216 0 -0 -0 -1 -1 0 0 0 1 -0 
1 76.516778128785177 0.063005459630767216 0 -0 -0 -1 -1 0 0 0 1 -0 
1 76.516778128785177 0.063005459630767216 0 -0 -0 -1 -1 0 0 0 1 -0 
1 76.516778128785177 0.063005459630767216 0 -0 -0 -1 -1 0 0 0 1 -0 
Triangulations 0

TShapes 2579
Ve
1e-07
54.974388 -8.822944 0
0 0

0101101
*
Ve
1e-07
54.974388 -8.897944 0
0 0

0101101
*
Ed
 1e-07 1 1 0
1  1 0 0 0.0750000000000011
0

0101000
+2579 0 -2578 0 *
Ve
1e-07
55.07439 -8.897944 0
0 0

0101101
*
Ed
 1e-07 1 1 0
1  2 0 0 0.100002000000003
0

0101000
+2578 0 -2576 0 *
Ve
1e-07
55.07439 -8.022944 0
0 0

0101101
*
Ed
 1e-07 1 1 0
1  3 0 0 0.875
0

0101000
+2576 0 -2574 0 *
Ve
1e-07
52.57476 -8.022944 0
0 0

0101101
*
Ed
 1e-07 1 1 0
1  4 0 0 2.49963
0

0101000
+2574 0 -2572 0 *
Ve
1e-07
52.57476 -7.853699 0
0 0

0101101
*
Ed
 1e-07 1 1 0
1  5 0 0 0.169245000000001
0

0101000
+2572 0 -2570 0 *
Ve
1e-07
53.99976 -7.853699 0
0 0

0101101
*
Ed
 1e-07 1 1 0
1  6 0 0 1.425
0

0101000
+2570 0 -2568 0 *
Ve
1e-07
54.000137 -3.923321 0
0 0

0101101
*
Ed
 1e-07 1 1 0
1  7 0 0 3.93037801808083
0

0101000
+2568 0 -2566 0 *
Ve
1e-07
56.19939 -3.923321 0
0 0

0101101
*
Ed
 1e-07 1 1 0
1  8 0 0 2.199253
0

0101000
+2566 0 -2564 0 *
Ve
1e-07
56.19939 -3.723321 0
0 0

0101101
*
Ed
 1e-07 1 1 0
1  9 0 0 0.2
0

0101000
+2564 0 -2562 0 *
Ve
1e-07
58.724388 -3.723321 0
0 0

0101101
*
Ed
 1e-07 1 1 0
1  10 0 0 2.524998
0

0101000
+2562 0 -2560 0 *
Ve
1e-07
58.724388 -3.922944 0
0 0

0101101
*
Ed
 1e-07 1 1 0
1  11 0 0 0.199623
0

0101000
+2560 0 -2558 0 *
Ve
1e-07
60.524391 -3.922944 0
0 0

0101101
*
Ed
 1e-07 1 1 0
1  12 0 0 1.800003
0

0101000
+2558 0 -2556 0 *
Ve
1e-07
60.524391 -4.147944 0
0 0

0101101
*
Ed
 1e-07 1 1 0
1  13 0 0 0.225
0

0101000
+2556 0 -2554 0 *
Ve
1e-07
60.724388 -4.147944 0
0 0

0101101
*
Ed
 1e-07 1 1 0
1  14 0 0 0.199996999999996
0

0101000
+2554 0 -2552 0 *
Ve
1e-07
60.724388 0.076679 0
0 0

0101101
*
Ed
 1e-07 1 1 0
1  15 0 0 4.224623
0

0101000
+2552 0 -2550 0 *
Ve
1e-07
60.524391 0.076679 0
0 0

0101101
*
Ed
 1e-07 1 1 0
1  16 0 0 0.199996999999996
0

0101000
+2550 0 -2548 0 *
Ve
1e-07
60.524391 -0.023321 0
0 0

0101101
*
Ed
 1e-07 1 1 0
1  17 0 0 0.1
0

0101000
+2548 0 -2546 0 *
Ve
1e-07
60.44939 -0.023321 0
0 0

0101101
*
Ed
 1e-07 1 1 0
1  18 0 0 0.0750010000000003
0

0101000
+2546 0 -2544 0 *
Ve
1e-07
60.44939 -0.123321 0
0 0

0101101
*
Ed
 1e-07 1 1 0
1  19 0 0 0.1
0

0101000
+2544 0 -2542 0 *
Ve
1e-07
60.524391 -0.123321 0
0 0

0101101
*
Ed
 1e-07 1 1 0
1  20 0 0 0.0750010000000003
0

0101000
+2542 0 -2540 0 *
Ve
1e-07
60.524391 -1.623321 0
0 0

0101101
*
Ed
 1e-07 1 1 0
1  21 0 0 1.5
0

0101000
+2540 0 -2538 0 *
Ve
1e-07
58.82439 -1.623321 0
0 0

0101101
*
Ed
 1e-07 1 1 0
1  22 0 0 1.700001
0

0101000
+2538 0 -2536 0 *
Ve
1e-07
58.82439 -0.373321 0
0 0

0101101
*
Ed
 1e-07 1 1 0
1  23 0 0 1.25
0

0101000
+2536 0 -2534 0 *
Ve
1e-07
59.524391 -0.373321 0
0 0

0101101
*
Ed
 1e-07 1 1 0
1  24 0 0 0.700001
0

0101000
+2534 0 -2532 0 *
Ve
1e-07
59.524391 -0.123321 0
0 0

0101101
*
Ed
 1e-07 1 1 0
1  25 0 0 0.25
0

0101000
+2532 0 -2530 0 *
Ve
1e-07
59.599388 -0.123321 0
0 0

0101101
*
Ed
 1e-07 1 1 0
1  26 0 0 0.0749969999999962
0

0101000
+2530 0 -2528 0 *
Ve
1e-07
59.599388 -0.023321 0
0 0

0101101
*
Ed
 1e-07 1 1 0
1  27 0 0 0.1
0

0101000
+2528 0 -2526 0 *
Ve
1e-07
58.649105 -0.023321 0
0 0

0101101
*
Ed
 1e-07 1 1 0
1  28 0 0 0.950282999999999
0

0101000
+2526 0 -2524 0 *
Ve
1e-07
58.649105 -0.123321 0
0 0

0101101
*
Ed
 1e-07 1 1 0
1  29 0 0 0.1
0

0101000
+2524 0 -2522 0 *
Ve
1e-07
58.724388 -0.123321 0
0 0

0101101
*
Ed
 1e-07 1 1 0
1  30 0 0 0.0752829999999989
0

0101000
+2522 0 -2520 0 *
Ve
1e-07
58.724388 -0.973699 0
0 0

0101101
*
Ed
 1e-07 1 1 0
1  31 0 0 0.850378
0

0101000
+2520 0 -2518 0 *
Ve
1e-07
57.474388 -0.973699 0
0 0

0101101
*
Ed
 1e-07 1 1 0
1  32 0 0 1.25
0

0101000
+2518 0 -2516 0 *
Ve
1e-07
57.474388 -0.123321 0
0 0

0101101
*
Ed
 1e-07 1 1 0
1  33 0 0 0.850378
0

0101000
+2516 0 -2514 0 *
Ve
1e-07
57.549107 -0.123321 0
0 0

0101101
*
Ed
 1e-07 1 1 0
1  34 0 0 0.0747190000000018
0

0101000
+2514 0 -2512 0 *
Ve
1e-07
57.549107 -0.023321 0
0 0

0101101
*
Ed
 1e-07 1 1 0
1  35 0 0 0.1
0

0101000
+2512 0 -2510 0 *
Ve
1e-07
57.294388 -0.023321 0
0 0

0101101
*
Ed
 1e-07 1 1 0
1  36 0 0 0.254719000000001
0

0101000
+2510 0 -2508 0 *
Ve
1e-07
57.294388 -0.123321 0
0 0

0101101
*
Ed
 1e-07 1 1 0
1  37 0 0 0.1
0

0101000
+2508 0 -2506 0 *
Ve
1e-07
57.37439 -0.123321 0
0 0

0101101
*
Ed
 1e-07 1 1 0
1  38 0 0 0.0800020000000004
0

0101000
+2506 0 -2504 0 *
Ve
1e-07
57.37439 -1.223321 0
0 0

0101101
*
Ed
 1e-07 1 1 0
1  39 0 0 1.1
0

0101000
+2504 0 -2502 0 *
Ve
1e-07
56.174389 -1.223321 0
0 0

0101101
*
Ed
 1e-07 1 1 0
1  40 0 0 1.200001
0

0101000
+2502 0 -2500 0 *
Ve
1e-07
56.174389 -1.973321 0
0 0

0101101
*
Ed
 1e-07 1 1 0
1  41 0 0 0.75
0

0101000
+2500 0 -2498 0 *
Ve
1e-07
56.274391 -1.973321 0
0 0

0101101
*
Ed
 1e-07 1 1 0
1  42 0 0 0.100002000000003
0

0101000
+2498 0 -2496 0 *
Ve
1e-07
56.274391 -1.323322 0
0 0

0101101
*
Ed
 1e-07 1 1 0
1  43 0 0 0.649999
0

0101000
+2496 0 -2494 0 *
Ve
1e-07
57.37439 -1.323322 0
0 0

0101101
*
Ed
 1e-07 1 1 0
1  44 0 0 1.099999
0

0101000
+2494 0 -2492 0 *
Ve
1e-07
57.37439 -1.998321 0
0 0

0101101
*
Ed
 1e-07 1 1 0
1  45 0 0 0.674999
0

0101000
+2492 0 -2490 0 *
Ve
1e-07
57.474388 -1.998321 0
0 0

0101101
*
Ed
 1e-07 1 1 0
1  46 0 0 0.0999979999999994
0

0101000
+2490 0 -2488 0 *
Ve
1e-07
57.474388 -1.723321 0
0 0

0101101
*
Ed
 1e-07 1 1 0
1  47 0 0 0.275
0

0101000
+2488 0 -2486 0 *
Ve
1e-07
59.87439 -1.723321 0
0 0

0101101
*
Ed
 1e-07 1 1 0
1  48 0 0 2.400002
0

0101000
+2486 0 -2484 0 *
Ve
1e-07
59.87439 -3.523321 0
0 0

0101101
*
Ed
 1e-07 1 1 0
1  49 0 0 1.8
0

0101000
+2484 0 -2482 0 *
Ve
1e-07
57.474388 -3.523321 0
0 0

0101101
*
Ed
 1e-07 1 1 0
1  50 0 0 2.400002
0

0101000
+2482 0 -2480 0 *
Ve
1e-07
57.474388 -2.848321 0
0 0

0101101
*
Ed
 1e-07 1 1 0
1  51 0 0 0.675
0

0101000
+2480 0 -2478 0 *
Ve
1e-07
57.37439 -2.848321 0
0 0

0101101
*
Ed
 1e-07 1 1 0
1  52 0 0 0.0999979999999994
0

0101000
+2478 0 -2476 0 *
Ve
1e-07
57.37439 -3.523321 0
0 0

0101101
*
Ed
 1e-07 1 1 0
1  53 0 0 0.675
0

0101000
+2476 0 -2474 0 *
Ve
1e-07
56.274391 -3.523321 0
0 0

0101101
*
Ed
 1e-07 1 1 0
1  54 0 0 1.099999
0

0101000
+2474 0 -2472 0 *
Ve
1e-07
56.274391 -2.823321 0
0 0

0101101
*
Ed
 1e-07 1 1 0
1  55 0 0 0.7
0

0101000
+2472 0 -2470 0 *
Ve
1e-07
56.174389 -2.823321 0
0 0

0101101
*
Ed
 1e-07 1 1 0
1  56 0 0 0.100002000000003
0

0101000
+2470 0 -2468 0 *
Ve
1e-07
56.174389 -3.523321 0
0 0

0101101
*
Ed
 1e-07 1 1 0
1  57 0 0 0.7
0

0101000
+2468 0 -2466 0 *
Ve
1e-07
52.623974 -3.523321 0
0 0

0101101
*
Ed
 1e-07 1 1 0
1  58 0 0 3.550415
0

0101000
+2466 0 -2464 0 *
Ve
1e-07
52.623974 3.726679 0
0 0

0101101
*
Ed
 1e-07 1 1 0
1  59 0 0 7.25
0

0101000
+2464 0 -2462 0 *
Ve
1e-07
56.19939 3.726679 0
0 0

0101101
*
Ed
 1e-07 1 1 0
1  60 0 0 3.575416
0

0101000
+2462 0 -2460 0 *
Ve
1e-07
56.19939 3.926678 0
0 0

0101101
*
Ed
 1e-07 1 1 0
1  61 0 0 0.199999
0

0101000
+2460 0 -2458 0 *
Ve
1e-07
60.524391 3.926678 0
0 0

0101101
*
Ed
 1e-07 1 1 0
1  62 0 0 4.325001
0

0101000
+2458 0 -2456 0 *
Ve
1e-07
60.524391 1.476679 0
0 0

0101101
*
Ed
 1e-07 1 1 0
1  63 0 0 2.449999
0

0101000
+2456 0 -2454 0 *
Ve
1e-07
59.82439 1.476679 0
0 0

0101101
*
Ed
 1e-07 1 1 0
1  64 0 0 0.700001
0

0101000
+2454 0 -2452 0 *
Ve
1e-07
59.82439 1.276678 0
0 0

0101101
*
Ed
 1e-07 1 1 0
1  65 0 0 0.200001
0

0101000
+2452 0 -2450 0 *
Ve
1e-07
60.524391 1.276678 0
0 0

0101101
*
Ed
 1e-07 1 1 0
1  66 0 0 0.700001
0

0101000
+2450 0 -2448 0 *
Ve
1e-07
60.524391 1.176678 0
0 0

0101101
*
Ed
 1e-07 1 1 0
1  67 0 0 0.1
0

0101000
+2448 0 -2446 0 *
Ve
1e-07
60.724388 1.176678 0
0 0

0101101
*
Ed
 1e-07 1 1 0
1  68 0 0 0.199996999999996
0

0101000
+2446 0 -2444 0 *
Ve
1e-07
60.724388 4.426678 0
0 0

0101101
*
Ed
 1e-07 1 1 0
1  69 0 0 3.25
0

0101000
+2444 0 -2442 0 *
Ve
1e-07
60.524391 4.426678 0
0 0

0101101
*
Ed
 1e-07 1 1 0
1  70 0 0 0.199996999999996
0

0101000
+2442 0 -2440 0 *
Ve
1e-07
60.524391 4.276679 0
0 0

0101101
*
Ed
 1e-07 1 1 0
1  71 0 0 0.149999
0

0101000
+2440 0 -2438 0 *
Ve
1e-07
59.32439 4.276679 0
0 0

0101101
*
Ed
 1e-07 1 1 0
1  72 0 0 1.200001
0

0101000
+2438 0 -2436 0 *
Ve
1e-07
59.32439 5.601679 0
0 0

0101101
*
Ed
 1e-07 1 1 0
1  73 0 0 1.325
0

0101000
+2436 0 -2434 0 *
Ve
1e-07
59.224388 5.601679 0
0 0

0101101
*
Ed
 1e-07 1 1 0
1  74 0 0 0.100002000000003
0

0101000
+2434 0 -2432 0 *
Ve
1e-07
59.224388 4.726679 0
0 0

0101101
*
Ed
 1e-07 1 1 0
1  75 0 0 0.875
0

0101000
+2432 0 -2430 0 *
Ve
1e-07
57.82439 4.726679 0
0 0

0101101
*
Ed
 1e-07 1 1 0
1  76 0 0 1.399998
0

0101000
+2430 0 -2428 0 *
Ve
1e-07
57.82439 6.526679 0
0 0

0101101
*
Ed
 1e-07 1 1 0
1  77 0 0 1.8
0

0101000
+2428 0 -2426 0 *
Ve
1e-07
59.224388 6.526679 0
0 0

0101101
*
Ed
 1e-07 1 1 0
1  78 0 0 1.399998
0

0101000
+2426 0 -2424 0 *
Ve
1e-07
59.224388 6.451679 0
0 0

0101101
*
Ed
 1e-07 1 1 0
1  79 0 0 0.0749999999999993
0

0101000
+2424 0 -2422 0 *
Ve
1e-07
59.32439 6.451679 0
0 0

0101101
*
Ed
 1e-07 1 1 0
1  80 0 0 0.100002000000003
0

0101000
+2422 0 -2420 0 *
Ve
1e-07
59.32439 6.626678 0
0 0

0101101
*
Ed
 1e-07 1 1 0
1  81 0 0 0.174999
0

0101000
+2420 0 -2418 0 *
Ve
1e-07
56.87439 6.626678 0
0 0

0101101
*
Ed
 1e-07 1 1 0
1  82 0 0 2.45
0

0101000
+2418 0 -2416 0 *
Ve
1e-07
56.87439 9.026679 0
0 0

0101101
*
Ed
 1e-07 1 1 0
1  83 0 0 2.400001
0

0101000
+2416 0 -2414 0 *
Ve
1e-07
55.474388 9.026679 0
0 0

0101101
*
Ed
 1e-07 1 1 0
1  84 0 0 1.400002
0

0101000
+2414 0 -2412 0 *
Ve
1e-07
55.474388 8.801678 0
0 0

0101101
*
Ed
 1e-07 1 1 0
1  85 0 0 0.225000999999999
0

0101000
+2412 0 -2410 0 *
Ve
1e-07
55.57439 8.801678 0
0 0

0101101
*
Ed
 1e-07 1 1 0
1  86 0 0 0.100002000000003
0

0101000
+2410 0 -2408 0 *
Ve
1e-07
55.57439 8.926678 0
0 0

0101101
*
Ed
 1e-07 1 1 0
1  87 0 0 0.125
0

0101000
+2408 0 -2406 0 *
Ve
1e-07
56.774391 8.926678 0
0 0

0101101
*
Ed
 1e-07 1 1 0
1  88 0 0 1.200001
0

0101000
+2406 0 -2404 0 *
Ve
1e-07
56.774391 7.576679 0
0 0

0101101
*
Ed
 1e-07 1 1 0
1  89 0 0 1.349999
0

0101000
+2404 0 -2402 0 *
Ve
1e-07
55.57439 7.576679 0
0 0

0101101
*
Ed
 1e-07 1 1 0
1  90 0 0 1.200001
0

0101000
+2402 0 -2400 0 *
Ve
1e-07
55.57439 7.701679 0
0 0

0101101
*
Ed
 1e-07 1 1 0
1  91 0 0 0.125
0

0101000
+2400 0 -2398 0 *
Ve
1e-07
55.474388 7.701679 0
0 0

0101101
*
Ed
 1e-07 1 1 0
1  92 0 0 0.100002000000003
0

0101000
+2398 0 -2396 0 *
Ve
1e-07
55.474388 7.576679 0
0 0

0101101
*
Ed
 1e-07 1 1 0
1  93 0 0 0.125
0

0101000
+2396 0 -2394 0 *
Ve
1e-07
55.299389 7.576679 0
0 0

0101101
*
Ed
 1e-07 1 1 0
1  94 0 0 0.174999
0

0101000
+2394 0 -2392 0 *
Ve
1e-07
55.299389 7.476679 0
0 0

0101101
*
Ed
 1e-07 1 1 0
1  95 0 0 0.100000000000001
0

0101000
+2392 0 -2390 0 *
Ve
1e-07
55.974388 7.476679 0
0 0

0101101
*
Ed
 1e-07 1 1 0
1  96 0 0 0.674999
0

0101000
+2390 0 -2388 0 *
Ve
1e-07
55.974388 6.526679 0
0 0

0101101
*
Ed
 1e-07 1 1 0
1  97 0 0 0.95
0

0101000
+2388 0 -2386 0 *
Ve
1e-07
56.37439 6.526679 0
0 0

0101101
*
Ed
 1e-07 1 1 0
1  98 0 0 0.400002000000001
0

0101000
+2386 0 -2384 0 *
Ve
1e-07
56.37439 6.451679 0
0 0

0101101
*
Ed
 1e-07 1 1 0
1  99 0 0 0.0749999999999993
0

0101000
+2384 0 -2382 0 *
Ve
1e-07
56.474388 6.451679 0
0 0

0101101
*
Ed
 1e-07 1 1 0
1  100 0 0 0.0999979999999994
0

0101000
+2382 0 -2380 0 *
Ve
1e-07
56.474388 6.526679 0
0 0

0101101
*
Ed
 1e-07 1 1 0
1  101 0 0 0.0749999999999993
0

0101000
+2380 0 -2378 0 *
Ve
1e-07
57.674389 6.526679 0
0 0

0101101
*
Ed
 1e-07 1 1 0
1  102 0 0 1.200001
0

0101000
+2378 0 -2376 0 *
Ve
1e-07
57.674389 4.126678 0
0 0

0101101
*
Ed
 1e-07 1 1 0
1  103 0 0 2.400001
0

0101000
+2376 0 -2374 0 *
Ve
1e-07
56.474388 4.126678 0
0 0

0101101
*
Ed
 1e-07 1 1 0
1  104 0 0 1.200001
0

0101000
+2374 0 -2372 0 *
Ve
1e-07
56.474388 5.601679 0
0 0

0101101
*
Ed
 1e-07 1 1 0
1  105 0 0 1.475001
0

0101000
+2372 0 -2370 0 *
Ve
1e-07
56.37439 5.601679 0
0 0

0101101
*
Ed
 1e-07 1 1 0
1  106 0 0 0.0999979999999994
0

0101000
+2370 0 -2368 0 *
Ve
1e-07
56.37439 4.126678 0
0 0

0101101
*
Ed
 1e-07 1 1 0
1  107 0 0 1.475001
0

0101000
+2368 0 -2366 0 *
Ve
1e-07
54.275177 4.126678 0
0 0

0101101
*
Ed
 1e-07 1 1 0
1  108 0 0 2.099213
0

0101000
+2366 0 -2364 0 *
Ve
1e-07
54.275177 5.214268 0
0 0

0101101
*
Ed
 1e-07 1 1 0
1  109 0 0 1.08759
0

0101000
+2364 0 -2362 0 *
Ve
1e-07
54.274391 5.214268 0
0 0

0101101
*
Ed
 1e-07 1 1 0
1  110 0 0 0.000785999999997955
0

0101000
+2362 0 -2360 0 *
Ve
1e-07
54.274391 7.476679 0
0 0

0101101
*
Ed
 1e-07 1 1 0
1  111 0 0 2.262411
0

0101000
+2360 0 -2358 0 *
Ve
1e-07
54.349388 7.476679 0
0 0

0101101
*
Ed
 1e-07 1 1 0
1  112 0 0 0.0749969999999962
0

0101000
+2358 0 -2356 0 *
Ve
1e-07
54.349388 7.576679 0
0 0

0101101
*
Ed
 1e-07 1 1 0
1  113 0 0 0.100000000000001
0

0101000
+2356 0 -2354 0 *
Ve
1e-07
54.274391 7.576679 0
0 0

0101101
*
Ed
 1e-07 1 1 0
1  114 0 0 0.0749969999999962
0

0101000
+2354 0 -2352 0 *
Ve
1e-07
54.274391 9.026679 0
0 0

0101101
*
Ed
 1e-07 1 1 0
1  115 0 0 1.45
0

0101000
+2352 0 -2350 0 *
Ve
1e-07
53.19939 9.026679 0
0 0

0101101
*
Ed
 1e-07 1 1 0
1  116 0 0 1.075001
0

0101000
+2350 0 -2348 0 *
Ve
1e-07
53.19939 8.926678 0
0 0

0101101
*
Ed
 1e-07 1 1 0
1  117 0 0 0.100000999999999
0

0101000
+2348 0 -2346 0 *
Ve
1e-07
54.174389 8.926678 0
0 0

0101101
*
Ed
 1e-07 1 1 0
1  118 0 0 0.974998999999997
0

0101000
+2346 0 -2344 0 *
Ve
1e-07
54.174389 7.166678 0
0 0

0101101
*
Ed
 1e-07 1 1 0
1  119 0 0 1.76
0

0101000
+2344 0 -2342 0 *
Ve
1e-07
53.774391 7.166678 0
0 0

0101101
*
Ed
 1e-07 1 1 0
1  120 0 0 0.399997999999997
0

0101000
+2342 0 -2340 0 *
Ve
1e-07
53.774391 6.226679 0
0 0

0101101
*
Ed
 1e-07 1 1 0
1  121 0 0 0.939999
0

0101000
+2340 0 -2338 0 *
Ve
1e-07
52.274391 6.226679 0
0 0

0101101
*
Ed
 1e-07 1 1 0
1  122 0 0 1.5
0

0101000
+2338 0 -2336 0 *
Ve
1e-07
52.274391 8.926678 0
0 0

0101101
*
Ed
 1e-07 1 1 0
1  123 0 0 2.699999
0

0101000
+2336 0 -2334 0 *
Ve
1e-07
52.349388 8.926678 0
0 0

0101101
*
Ed
 1e-07 1 1 0
1  124 0 0 0.0749969999999962
0

0101000
+2334 0 -2332 0 *
Ve
1e-07
52.349388 9.026679 0
0 0

0101101
*
Ed
 1e-07 1 1 0
1  125 0 0 0.100000999999999
0

0101000
+2332 0 -2330 0 *
Ve
1e-07
51.399391 9.026679 0
0 0

0101101
*
Ed
 1e-07 1 1 0
1  126 0 0 0.949996999999996
0

0101000
+2330 0 -2328 0 *
Ve
1e-07
51.399391 8.926678 0
0 0

0101101
*
Ed
 1e-07 1 1 0
1  127 0 0 0.100000999999999
0

0101000
+2328 0 -2326 0 *
Ve
1e-07
52.174389 8.926678 0
0 0

0101101
*
Ed
 1e-07 1 1 0
1  128 0 0 0.774997999999997
0

0101000
+2326 0 -2324 0 *
Ve
1e-07
52.174389 7.826679 0
0 0

0101101
*
Ed
 1e-07 1 1 0
1  129 0 0 1.099999
0

0101000
+2324 0 -2322 0 *
Ve
1e-07
51.299389 7.826679 0
0 0

0101101
*
Ed
 1e-07 1 1 0
1  130 0 0 0.875
0

0101000
+2322 0 -2320 0 *
Ve
1e-07
51.299389 7.726679 0
0 0

0101101
*
Ed
 1e-07 1 1 0
1  131 0 0 0.100000000000001
0

0101000
+2320 0 -2318 0 *
Ve
1e-07
52.174389 7.726679 0
0 0

0101101
*
Ed
 1e-07 1 1 0
1  132 0 0 0.875
0

0101000
+2318 0 -2316 0 *
Ve
1e-07
52.174389 5.276679 0
0 0

0101101
*
Ed
 1e-07 1 1 0
1  133 0 0 2.45
0

0101000
+2316 0 -2314 0 *
Ve
1e-07
50.37439 5.276679 0
0 0

0101101
*
Ed
 1e-07 1 1 0
1  134 0 0 1.799999
0

0101000
+2314 0 -2312 0 *
Ve
1e-07
50.37439 7.726679 0
0 0

0101101
*
Ed
 1e-07 1 1 0
1  135 0 0 2.45
0

0101000
+2312 0 -2310 0 *
Ve
1e-07
50.44939 7.726679 0
0 0

0101101
*
Ed
 1e-07 1 1 0
1  136 0 0 0.0750000000000028
0

0101000
+2310 0 -2308 0 *
Ve
1e-07
50.44939 7.826679 0
0 0

0101101
*
Ed
 1e-07 1 1 0
1  137 0 0 0.100000000000001
0

0101000
+2308 0 -2306 0 *
Ve
1e-07
50.274391 7.826679 0
0 0

0101101
*
Ed
 1e-07 1 1 0
1  138 0 0 0.174999
0

0101000
+2306 0 -2304 0 *
Ve
1e-07
50.274391 5.276679 0
0 0

0101101
*
Ed
 1e-07 1 1 0
1  139 0 0 2.55
0

0101000
+2304 0 -2302 0 *
Ve
1e-07
46.37439 5.276679 0
0 0

0101101
*
Ed
 1e-07 1 1 0
1  140 0 0 3.900001
0

0101000
+2302 0 -2300 0 *
Ve
1e-07
46.37439 9.526679 0
0 0

0101101
*
Ed
 1e-07 1 1 0
1  141 0 0 4.25
0

0101000
+2300 0 -2298 0 *
Ve
1e-07
48.57439 9.526679 0
0 0

0101101
*
Ed
 1e-07 1 1 0
1  142 0 0 2.2
0

0101000
+2298 0 -2296 0 *
Ve
1e-07
48.57439 8.926678 0
0 0

0101101
*
Ed
 1e-07 1 1 0
1  143 0 0 0.600000999999999
0

0101000
+2296 0 -2294 0 *
Ve
1e-07
50.44939 8.926678 0
0 0

0101101
*
Ed
 1e-07 1 1 0
1  144 0 0 1.875
0

0101000
+2294 0 -2292 0 *
Ve
1e-07
50.44939 9.026679 0
0 0

0101101
*
Ed
 1e-07 1 1 0
1  145 0 0 0.100000999999999
0

0101000
+2292 0 -2290 0 *
Ve
1e-07
49.87439 9.026679 0
0 0

0101101
*
Ed
 1e-07 1 1 0
1  146 0 0 0.575000000000003
0

0101000
+2290 0 -2288 0 *
Ve
1e-07
49.87439 9.101679 0
0 0

0101101
*
Ed
 1e-07 1 1 0
1  147 0 0 0.0750000000000011
0

0101000
+2288 0 -2286 0 *
Ve
1e-07
49.774391 9.101679 0
0 0

0101101
*
Ed
 1e-07 1 1 0
1  148 0 0 0.0999989999999968
0

0101000
+2286 0 -2284 0 *
Ve
1e-07
49.774391 9.026679 0
0 0

0101101
*
Ed
 1e-07 1 1 0
1  149 0 0 0.0750000000000011
0

0101000
+2284 0 -2282 0 *
Ve
1e-07
48.674389 9.026679 0
0 0

0101101
*
Ed
 1e-07 1 1 0
1  150 0 0 1.100002
0

0101000
+2282 0 -2280 0 *
Ve
1e-07
48.674389 10.226679 0
0 0

0101101
*
Ed
 1e-07 1 1 0
1  151 0 0 1.2
0

0101000
+2280 0 -2278 0 *
Ve
1e-07
48.57439 10.226679 0
0 0

0101101
*
Ed
 1e-07 1 1 0
1  152 0 0 0.0999989999999968
0

0101000
+2278 0 -2276 0 *
Ve
1e-07
48.57439 9.626678 0
0 0

0101101
*
Ed
 1e-07 1 1 0
1  153 0 0 0.600001000000001
0

0101000
+2276 0 -2274 0 *
Ve
1e-07
46.37439 9.626678 0
0 0

0101101
*
Ed
 1e-07 1 1 0
1  154 0 0 2.2
0

0101000
+2274 0 -2272 0 *
Ve
1e-07
46.37439 14.326678 0
0 0

0101101
*
Ed
 1e-07 1 1 0
1  155 0 0 4.7
0

0101000
+2272 0 -2270 0 *
Ve
1e-07
49.774391 14.326678 0
0 0

0101101
*
Ed
 1e-07 1 1 0
1  156 0 0 3.400001
0

0101000
+2270 0 -2268 0 *
Ve
1e-07
49.774391 10.051678 0
0 0

0101101
*
Ed
 1e-07 1 1 0
1  157 0 0 4.275
0

0101000
+2268 0 -2266 0 *
Ve
1e-07
49.87439 10.051678 0
0 0

0101101
*
Ed
 1e-07 1 1 0
1  158 0 0 0.0999989999999968
0

0101000
+2266 0 -2264 0 *
Ve
1e-07
49.87439 10.126678 0
0 0

0101101
*
Ed
 1e-07 1 1 0
1  159 0 0 0.0749999999999993
0

0101000
+2264 0 -2262 0 *
Ve
1e-07
52.849388 10.126678 0
0 0

0101101
*
Ed
 1e-07 1 1 0
1  160 0 0 2.974998
0

0101000
+2262 0 -2260 0 *
Ve
1e-07
52.849388 10.226679 0
0 0

0101101
*
Ed
 1e-07 1 1 0
1  161 0 0 0.100001000000001
0

0101000
+2260 0 -2258 0 *
Ve
1e-07
52.174389 10.226679 0
0 0

0101101
*
Ed
 1e-07 1 1 0
1  162 0 0 0.674999
0

0101000
+2258 0 -2256 0 *
Ve
1e-07
52.174389 10.826679 0
0 0

0101101
*
Ed
 1e-07 1 1 0
1  163 0 0 0.6
0

0101000
+2256 0 -2254 0 *
Ve
1e-07
52.07439 10.826679 0
0 0

0101101
*
Ed
 1e-07 1 1 0
1  164 0 0 0.0999989999999968
0

0101000
+2254 0 -2252 0 *
Ve
1e-07
52.07439 10.226679 0
0 0

0101101
*
Ed
 1e-07 1 1 0
1  165 0 0 0.6
0

0101000
+2252 0 -2250 0 *
Ve
1e-07
49.87439 10.226679 0
0 0

0101101
*
Ed
 1e-07 1 1 0
1  166 0 0 2.2
0

0101000
+2250 0 -2248 0 *
Ve
1e-07
49.87439 14.326678 0
0 0

0101101
*
Ed
 1e-07 1 1 0
1  167 0 0 4.099999
0

0101000
+2248 0 -2246 0 *
Ve
1e-07
53.87439 14.326678 0
0 0

0101101
*
Ed
 1e-07 1 1 0
1  168 0 0 4
0

0101000
+2246 0 -2244 0 *
Ve
1e-07
53.87439 10.226679 0
0 0

0101101
*
Ed
 1e-07 1 1 0
1  169 0 0 4.099999
0

0101000
+2244 0 -2242 0 *
Ve
1e-07
53.799389 10.226679 0
0 0

0101101
*
Ed
 1e-07 1 1 0
1  170 0 0 0.0750010000000003
0

0101000
+2242 0 -2240 0 *
Ve
1e-07
53.799389 10.126678 0
0 0

0101101
*
Ed
 1e-07 1 1 0
1  171 0 0 0.100001000000001
0

0101000
+2240 0 -2238 0 *
Ve
1e-07
54.99939 10.126678 0
0 0

0101101
*
Ed
 1e-07 1 1 0
1  172 0 0 1.200001
0

0101000
+2238 0 -2236 0 *
Ve
1e-07
54.99939 10.226679 0
0 0

0101101
*
Ed
 1e-07 1 1 0
1  173 0 0 0.100001000000001
0

0101000
+2236 0 -2234 0 *
Ve
1e-07
54.924389 10.226679 0
0 0

0101101
*
Ed
 1e-07 1 1 0
1  174 0 0 0.0750010000000003
0

0101000
+2234 0 -2232 0 *
Ve
1e-07
54.924389 11.476679 0
0 0

0101101
*
Ed
 1e-07 1 1 0
1  175 0 0 1.25
0

0101000
+2232 0 -2230 0 *
Ve
1e-07
54.274391 11.476679 0
0 0

0101101
*
Ed
 1e-07 1 1 0
1  176 0 0 0.649997999999997
0

0101000
+2230 0 -2228 0 *
Ve
1e-07
54.274391 14.326678 0
0 0

0101101
*
Ed
 1e-07 1 1 0
1  177 0 0 2.849999
0

0101000
+2228 0 -2226 0 *
Ve
1e-07
56.774391 14.326678 0
0 0

0101101
*
Ed
 1e-07 1 1 0
1  178 0 0 2.5
0

0101000
+2226 0 -2224 0 *
Ve
1e-07
56.774391 10.226679 0
0 0

0101101
*
Ed
 1e-07 1 1 0
1  179 0 0 4.099999
0

0101000
+2224 0 -2222 0 *
Ve
1e-07
55.94939 10.226679 0
0 0

0101101
*
Ed
 1e-07 1 1 0
1  180 0 0 0.825001
0

0101000
+2222 0 -2220 0 *
Ve
1e-07
55.94939 10.126678 0
0 0

0101101
*
Ed
 1e-07 1 1 0
1  181 0 0 0.100001000000001
0

0101000
+2220 0 -2218 0 *
Ve
1e-07
56.87439 10.126678 0
0 0

0101101
*
Ed
 1e-07 1 1 0
1  182 0 0 0.924999999999997
0

0101000
+2218 0 -2216 0 *
Ve
1e-07
56.87439 13.026679 0
0 0

0101101
*
Ed
 1e-07 1 1 0
1  183 0 0 2.900001
0

0101000
+2216 0 -2214 0 *
Ve
1e-07
57.044388 13.026679 0
0 0

0101101
*
Ed
 1e-07 1 1 0
1  184 0 0 0.169998
0

0101000
+2214 0 -2212 0 *
Ve
1e-07
57.044388 14.326678 0
0 0

0101101
*
Ed
 1e-07 1 1 0
1  185 0 0 1.299999
0

0101000
+2212 0 -2210 0 *
Ve
1e-07
58.700176 14.326678 0
0 0

0101101
*
Ed
 1e-07 1 1 0
1  186 0 0 1.655788
0

0101000
+2210 0 -2208 0 *
Ve
1e-07
58.700176 14.551678 0
0 0

0101101
*
Ed
 1e-07 1 1 0
1  187 0 0 0.225000000000001
0

0101000
+2208 0 -2206 0 *
Ve
1e-07
58.900177 14.551678 0
0 0

0101101
*
Ed
 1e-07 1 1 0
1  188 0 0 0.200001
0

0101000
+2206 0 -2204 0 *
Ve
1e-07
58.900177 12.856679 0
0 0

0101101
*
Ed
 1e-07 1 1 0
1  189 0 0 1.694999
0

0101000
+2204 0 -2202 0 *
Ve
1e-07
61.07439 12.856679 0
0 0

0101101
*
Ed
 1e-07 1 1 0
1  190 0 0 2.174213
0

0101000
+2202 0 -2200 0 *
Ve
1e-07
61.07439 6.626678 0
0 0

0101101
*
Ed
 1e-07 1 1 0
1  191 0 0 6.230001
0

0101000
+2200 0 -2198 0 *
Ve
1e-07
60.524391 6.626678 0
0 0

0101101
*
Ed
 1e-07 1 1 0
1  192 0 0 0.549999
0

0101000
+2198 0 -2196 0 *
Ve
1e-07
60.524391 5.526679 0
0 0

0101101
*
Ed
 1e-07 1 1 0
1  193 0 0 1.099999
0

0101000
+2196 0 -2194 0 *
Ve
1e-07
60.724388 5.526679 0
0 0

0101101
*
Ed
 1e-07 1 1 0
1  194 0 0 0.199996999999996
0

0101000
+2194 0 -2192 0 *
Ve
1e-07
60.724388 5.727056 0
0 0

0101101
*
Ed
 1e-07 1 1 0
1  195 0 0 0.200377
0

0101000
+2192 0 -2190 0 *
Ve
1e-07
61.07439 5.727056 0
0 0

0101101
*
Ed
 1e-07 1 1 0
1  196 0 0 0.350002000000003
0

0101000
+2190 0 -2188 0 *
Ve
1e-07
61.07439 5.726679 0
0 0

0101101
*
Ed
 1e-07 1 1 0
1  197 0 0 0.000377000000000294
0

0101000
+2188 0 -2186 0 *
Ve
1e-07
61.349388 5.726679 0
0 0

0101101
*
Ed
 1e-07 1 1 0
1  198 0 0 0.274997999999997
0

0101000
+2186 0 -2184 0 *
Ve
1e-07
61.349388 5.926678 0
0 0

0101101
*
Ed
 1e-07 1 1 0
1  199 0 0 0.199999
0

0101000
+2184 0 -2182 0 *
Ve
1e-07
61.274391 5.926678 0
0 0

0101101
*
Ed
 1e-07 1 1 0
1  200 0 0 0.0749969999999962
0

0101000
+2182 0 -2180 0 *
Ve
1e-07
61.274391 8.526679 0
0 0

0101101
*
Ed
 1e-07 1 1 0
1  201 0 0 2.600001
0

0101000
+2180 0 -2178 0 *
Ve
1e-07
61.474388 8.526679 0
0 0

0101101
*
Ed
 1e-07 1 1 0
1  202 0 0 0.199996999999996
0

0101000
+2178 0 -2176 0 *
Ve
1e-07
61.474388 12.856679 0
0 0

0101101
*
Ed
 1e-07 1 1 0
1  203 0 0 4.33
0

0101000
+2176 0 -2174 0 *
Ve
1e-07
65.274391 12.856679 0
0 0

0101101
*
Ed
 1e-07 1 1 0
1  204 0 0 3.800003
0

0101000
+2174 0 -2172 0 *
Ve
1e-07
65.274391 8.526679 0
0 0

0101101
*
Ed
 1e-07 1 1 0
1  205 0 0 4.33
0

0101000
+2172 0 -2170 0 *
Ve
1e-07
67.74939 8.526679 0
0 0

0101101
*
Ed
 1e-07 1 1 0
1  206 0 0 2.47499900000001
0

0101000
+2170 0 -2168 0 *
Ve
1e-07
67.74939 8.626678 0
0 0

0101101
*
Ed
 1e-07 1 1 0
1  207 0 0 0.0999990000000004
0

0101000
+2168 0 -2166 0 *
Ve
1e-07
67.674393 8.626678 0
0 0

0101101
*
Ed
 1e-07 1 1 0
1  208 0 0 0.0749970000000104
0

0101000
+2166 0 -2164 0 *
Ve
1e-07
67.674393 9.226679 0
0 0

0101101
*
Ed
 1e-07 1 1 0
1  209 0 0 0.600001000000001
0

0101000
+2164 0 -2162 0 *
Ve
1e-07
67.574387 9.226679 0
0 0

0101101
*
Ed
 1e-07 1 1 0
1  210 0 0 0.100005999999993
0

0101000
+2162 0 -2160 0 *
Ve
1e-07
67.574387 8.626678 0
0 0

0101101
*
Ed
 1e-07 1 1 0
1  211 0 0 0.600001000000001
0

0101000
+2160 0 -2158 0 *
Ve
1e-07
65.474388 8.626678 0
0 0

0101101
*
Ed
 1e-07 1 1 0
1  212 0 0 2.099999
0

0101000
+2158 0 -2156 0 *
Ve
1e-07
65.474388 9.326679 0
0 0

0101101
*
Ed
 1e-07 1 1 0
1  213 0 0 0.700001
0

0101000
+2156 0 -2154 0 *
Ve
1e-07
65.37439 9.326679 0
0 0

0101101
*
Ed
 1e-07 1 1 0
1  214 0 0 0.0999979999999994
0

0101000
+2154 0 -2152 0 *
Ve
1e-07
65.37439 12.856679 0
0 0

0101101
*
Ed
 1e-07 1 1 0
1  215 0 0 3.53
0

0101000
+2152 0 -2150 0 *
Ve
1e-07
68.774391 12.856679 0
0 0

0101101
*
Ed
 1e-07 1 1 0
1  216 0 0 3.40000099999999
0

0101000
+2150 0 -2148 0 *
Ve
1e-07
68.774391 8.626678 0
0 0

0101101
*
Ed
 1e-07 1 1 0
1  217 0 0 4.230001
0

0101000
+2148 0 -2146 0 *
Ve
1e-07
68.699387 8.626678 0
0 0

0101101
*
Ed
 1e-07 1 1 0
1  218 0 0 0.0750039999999927
0

0101000
+2146 0 -2144 0 *
Ve
1e-07
68.699387 8.526679 0
0 0

0101101
*
Ed
 1e-07 1 1 0
1  219 0 0 0.0999990000000004
0

0101000
+2144 0 -2142 0 *
Ve
1e-07
69.174393 8.526679 0
0 0

0101101
*
Ed
 1e-07 1 1 0
1  220 0 0 0.475005999999993
0

0101000
+2142 0 -2140 0 *
Ve
1e-07
69.174393 8.626678 0
0 0

0101101
*
Ed
 1e-07 1 1 0
1  221 0 0 0.0999990000000004
0

0101000
+2140 0 -2138 0 *
Ve
1e-07
68.87439 8.626678 0
0 0

0101101
*
Ed
 1e-07 1 1 0
1  222 0 0 0.30000299999999
0

0101000
+2138 0 -2136 0 *
Ve
1e-07
68.87439 9.456678 0
0 0

0101101
*
Ed
 1e-07 1 1 0
1  223 0 0 0.83
0

0101000
+2136 0 -2134 0 *
Ve
1e-07
69.174393 9.456678 0
0 0

0101101
*
Ed
 1e-07 1 1 0
1  224 0 0 0.30000299999999
0

0101000
+2134 0 -2132 0 *
Ve
1e-07
69.174393 12.856679 0
0 0

0101101
*
Ed
 1e-07 1 1 0
1  225 0 0 3.400001
0

0101000
+2132 0 -2130 0 *
Ve
1e-07
72.724388 12.856679 0
0 0

0101101
*
Ed
 1e-07 1 1 0
1  226 0 0 3.54999500000001
0

0101000
+2130 0 -2128 0 *
Ve
1e-07
72.724388 8.626678 0
0 0

0101101
*
Ed
 1e-07 1 1 0
1  227 0 0 4.230001
0

0101000
+2128 0 -2126 0 *
Ve
1e-07
72.12439 8.626678 0
0 0

0101101
*
Ed
 1e-07 1 1 0
1  228 0 0 0.599997999999999
0

0101000
+2126 0 -2124 0 *
Ve
1e-07
72.12439 8.526679 0
0 0

0101101
*
Ed
 1e-07 1 1 0
1  229 0 0 0.0999990000000004
0

0101000
+2124 0 -2122 0 *
Ve
1e-07
72.724388 8.526679 0
0 0

0101101
*
Ed
 1e-07 1 1 0
1  230 0 0 0.599997999999999
0

0101000
+2122 0 -2120 0 *
Ve
1e-07
72.724388 7.426678 0
0 0

0101101
*
Ed
 1e-07 1 1 0
1  231 0 0 1.100001
0

0101000
+2120 0 -2118 0 *
Ve
1e-07
71.949387 7.426678 0
0 0

0101101
*
Ed
 1e-07 1 1 0
1  232 0 0 0.775001000000003
0

0101000
+2118 0 -2116 0 *
Ve
1e-07
71.949387 7.326679 0
0 0

0101101
*
Ed
 1e-07 1 1 0
1  233 0 0 0.0999989999999995
0

0101000
+2116 0 -2114 0 *
Ve
1e-07
72.724388 7.326679 0
0 0

0101101
*
Ed
 1e-07 1 1 0
1  234 0 0 0.775001000000003
0

0101000
+2114 0 -2112 0 *
Ve
1e-07
72.724388 4.826679 0
0 0

0101101
*
Ed
 1e-07 1 1 0
1  235 0 0 2.5
0

0101000
+2112 0 -2110 0 *
Ve
1e-07
70.824387 4.826679 0
0 0

0101101
*
Ed
 1e-07 1 1 0
1  236 0 0 1.900001
0

0101000
+2110 0 -2108 0 *
Ve
1e-07
70.824387 7.326679 0
0 0

0101101
*
Ed
 1e-07 1 1 0
1  237 0 0 2.5
0

0101000
+2108 0 -2106 0 *
Ve
1e-07
71.099388 7.326679 0
0 0

0101101
*
Ed
 1e-07 1 1 0
1  238 0 0 0.275001000000003
0

0101000
+2106 0 -2104 0 *
Ve
1e-07
71.099388 7.426678 0
0 0

0101101
*
Ed
 1e-07 1 1 0
1  239 0 0 0.0999989999999995
0

0101000
+2104 0 -2102 0 *
Ve
1e-07
70.37439 7.426678 0
0 0

0101101
*
Ed
 1e-07 1 1 0
1  240 0 0 0.724997999999999
0

0101000
+2102 0 -2100 0 *
Ve
1e-07
70.37439 8.526679 0
0 0

0101101
*
Ed
 1e-07 1 1 0
1  241 0 0 1.100001
0

0101000
+2100 0 -2098 0 *
Ve
1e-07
70.974388 8.526679 0
0 0

0101101
*
Ed
 1e-07 1 1 0
1  242 0 0 0.599997999999999
0

0101000
+2098 0 -2096 0 *
Ve
1e-07
70.974388 8.626678 0
0 0

0101101
*
Ed
 1e-07 1 1 0
1  243 0 0 0.0999990000000004
0

0101000
+2096 0 -2094 0 *
Ve
1e-07
70.12439 8.626678 0
0 0

0101101
*
Ed
 1e-07 1 1 0
1  244 0 0 0.849997999999999
0

0101000
+2094 0 -2092 0 *
Ve
1e-07
70.12439 8.526679 0
0 0

0101101
*
Ed
 1e-07 1 1 0
1  245 0 0 0.0999990000000004
0

0101000
+2092 0 -2090 0 *
Ve
1e-07
70.274391 8.526679 0
0 0

0101101
*
Ed
 1e-07 1 1 0
1  246 0 0 0.150000999999989
0

0101000
+2090 0 -2088 0 *
Ve
1e-07
70.274391 7.426678 0
0 0

0101101
*
Ed
 1e-07 1 1 0
1  247 0 0 1.100001
0

0101000
+2088 0 -2086 0 *
Ve
1e-07
70.049393 7.426678 0
0 0

0101101
*
Ed
 1e-07 1 1 0
1  248 0 0 0.224997999999999
0

0101000
+2086 0 -2084 0 *
Ve
1e-07
70.049393 7.326679 0
0 0

0101101
*
Ed
 1e-07 1 1 0
1  249 0 0 0.0999989999999995
0

0101000
+2084 0 -2082 0 *
Ve
1e-07
70.724388 7.326679 0
0 0

0101101
*
Ed
 1e-07 1 1 0
1  250 0 0 0.67499500000001
0

0101000
+2082 0 -2080 0 *
Ve
1e-07
70.724388 4.826679 0
0 0

0101101
*
Ed
 1e-07 1 1 0
1  251 0 0 2.5
0

0101000
+2080 0 -2078 0 *
Ve
1e-07
69.12439 4.826679 0
0 0

0101101
*
Ed
 1e-07 1 1 0
1  252 0 0 1.599998
0

0101000
+2078 0 -2076 0 *
Ve
1e-07
69.12439 7.326679 0
0 0

0101101
*
Ed
 1e-07 1 1 0
1  253 0 0 2.5
0

0101000
+2076 0 -2074 0 *
Ve
1e-07
69.199387 7.326679 0
0 0

0101101
*
Ed
 1e-07 1 1 0
1  254 0 0 0.0749969999999962
0

0101000
+2074 0 -2072 0 *
Ve
1e-07
69.199387 7.426678 0
0 0

0101101
*
Ed
 1e-07 1 1 0
1  255 0 0 0.0999989999999995
0

0101000
+2072 0 -2070 0 *
Ve
1e-07
69.024391 7.426678 0
0 0

0101101
*
Ed
 1e-07 1 1 0
1  256 0 0 0.174996000000007
0

0101000
+2070 0 -2068 0 *
Ve
1e-07
69.024391 5.726679 0
0 0

0101101
*
Ed
 1e-07 1 1 0
1  257 0 0 1.699999
0

0101000
+2068 0 -2066 0 *
Ve
1e-07
67.924393 5.726679 0
0 0

0101101
*
Ed
 1e-07 1 1 0
1  258 0 0 1.099998
0

0101000
+2066 0 -2064 0 *
Ve
1e-07
67.924393 7.426678 0
0 0

0101101
*
Ed
 1e-07 1 1 0
1  259 0 0 1.699999
0

0101000
+2064 0 -2062 0 *
Ve
1e-07
67.24939 7.426678 0
0 0

0101101
*
Ed
 1e-07 1 1 0
1  260 0 0 0.67500299999999
0

0101000
+2062 0 -2060 0 *
Ve
1e-07
67.24939 7.326679 0
0 0

0101101
*
Ed
 1e-07 1 1 0
1  261 0 0 0.0999989999999995
0

0101000
+2060 0 -2058 0 *
Ve
1e-07
67.824387 7.326679 0
0 0

0101101
*
Ed
 1e-07 1 1 0
1  262 0 0 0.574996999999996
0

0101000
+2058 0 -2056 0 *
Ve
1e-07
67.824387 5.726679 0
0 0

0101101
*
Ed
 1e-07 1 1 0
1  263 0 0 1.6
0

0101000
+2056 0 -2054 0 *
Ve
1e-07
66.324387 5.726679 0
0 0

0101101
*
Ed
 1e-07 1 1 0
1  264 0 0 1.5
0

0101000
+2054 0 -2052 0 *
Ve
1e-07
66.324387 7.326679 0
0 0

0101101
*
Ed
 1e-07 1 1 0
1  265 0 0 1.6
0

0101000
+2052 0 -2050 0 *
Ve
1e-07
66.399391 7.326679 0
0 0

0101101
*
Ed
 1e-07 1 1 0
1  266 0 0 0.0750039999999927
0

0101000
+2050 0 -2048 0 *
Ve
1e-07
66.399391 7.426678 0
0 0

0101101
*
Ed
 1e-07 1 1 0
1  267 0 0 0.0999989999999995
0

0101000
+2048 0 -2046 0 *
Ve
1e-07
65.274391 7.426678 0
0 0

0101101
*
Ed
 1e-07 1 1 0
1  268 0 0 1.125
0

0101000
+2046 0 -2044 0 *
Ve
1e-07
65.274391 7.326679 0
0 0

0101101
*
Ed
 1e-07 1 1 0
1  269 0 0 0.0999989999999995
0

0101000
+2044 0 -2042 0 *
Ve
1e-07
66.224388 7.326679 0
0 0

0101101
*
Ed
 1e-07 1 1 0
1  270 0 0 0.94999700000001
0

0101000
+2042 0 -2040 0 *
Ve
1e-07
66.224388 4.826679 0
0 0

0101101
*
Ed
 1e-07 1 1 0
1  271 0 0 2.5
0

0101000
+2040 0 -2038 0 *
Ve
1e-07
62.724388 4.826679 0
0 0

0101101
*
Ed
 1e-07 1 1 0
1  272 0 0 3.50000000000001
0

0101000
+2038 0 -2036 0 *
Ve
1e-07
62.724388 5.926678 0
0 0

0101101
*
Ed
 1e-07 1 1 0
1  273 0 0 1.099999
0

0101000
+2036 0 -2034 0 *
Ve
1e-07
62.44939 5.926678 0
0 0

0101101
*
Ed
 1e-07 1 1 0
1  274 0 0 0.274997999999997
0

0101000
+2034 0 -2032 0 *
Ve
1e-07
62.44939 5.726679 0
0 0

0101101
*
Ed
 1e-07 1 1 0
1  275 0 0 0.199999
0

0101000
+2032 0 -2030 0 *
Ve
1e-07
62.524391 5.726679 0
0 0

0101101
*
Ed
 1e-07 1 1 0
1  276 0 0 0.0750010000000003
0

0101000
+2030 0 -2028 0 *
Ve
1e-07
62.524391 0.526678 0
0 0

0101101
*
Ed
 1e-07 1 1 0
1  277 0 0 5.200001
0

0101000
+2028 0 -2026 0 *
Ve
1e-07
62.724388 0.526678 0
0 0

0101101
*
Ed
 1e-07 1 1 0
1  278 0 0 0.199996999999996
0

0101000
+2026 0 -2024 0 *
Ve
1e-07
62.724388 0.826679 0
0 0

0101101
*
Ed
 1e-07 1 1 0
1  279 0 0 0.300001
0

0101000
+2024 0 -2022 0 *
Ve
1e-07
63.024391 0.826679 0
0 0

0101101
*
Ed
 1e-07 1 1 0
1  280 0 0 0.300003000000004
0

0101000
+2022 0 -2020 0 *
Ve
1e-07
63.024391 0.926678 0
0 0

0101101
*
Ed
 1e-07 1 1 0
1  281 0 0 0.0999989999999999
0

0101000
+2020 0 -2018 0 *
Ve
1e-07
63.12439 0.926678 0
0 0

0101101
*
Ed
 1e-07 1 1 0
1  282 0 0 0.0999989999999968
0

0101000
+2018 0 -2016 0 *
Ve
1e-07
63.12439 1.226679 0
0 0

0101101
*
Ed
 1e-07 1 1 0
1  283 0 0 0.300001
0

0101000
+2016 0 -2014 0 *
Ve
1e-07
63.024391 1.226679 0
0 0

0101101
*
Ed
 1e-07 1 1 0
1  284 0 0 0.0999989999999968
0

0101000
+2014 0 -2012 0 *
Ve
1e-07
63.024391 4.426678 0
0 0

0101101
*
Ed
 1e-07 1 1 0
1  285 0 0 3.199999
0

0101000
+2012 0 -2010 0 *
Ve
1e-07
69.224388 4.426678 0
0 0

0101101
*
Ed
 1e-07 1 1 0
1  286 0 0 6.199997
0

0101000
+2010 0 -2008 0 *
Ve
1e-07
69.224388 1.226679 0
0 0

0101101
*
Ed
 1e-07 1 1 0
1  287 0 0 3.199999
0

0101000
+2008 0 -2006 0 *
Ve
1e-07
64.224388 1.226679 0
0 0

0101101
*
Ed
 1e-07 1 1 0
1  288 0 0 5
0

0101000
+2006 0 -2004 0 *
Ve
1e-07
64.224388 0.926678 0
0 0

0101101
*
Ed
 1e-07 1 1 0
1  289 0 0 0.300001
0

0101000
+2004 0 -2002 0 *
Ve
1e-07
69.549393 0.926678 0
0 0

0101101
*
Ed
 1e-07 1 1 0
1  290 0 0 5.32500499999999
0

0101000
+2002 0 -2000 0 *
Ve
1e-07
69.549393 1.126678 0
0 0

0101101
*
Ed
 1e-07 1 1 0
1  291 0 0 0.2
0

0101000
+2000 0 -1998 0 *
Ve
1e-07
69.524391 1.126678 0
0 0

0101101
*
Ed
 1e-07 1 1 0
1  292 0 0 0.0250020000000006
0

0101000
+1998 0 -1996 0 *
Ve
1e-07
69.524391 1.826679 0
0 0

0101101
*
Ed
 1e-07 1 1 0
1  293 0 0 0.700001
0

0101000
+1996 0 -1994 0 *
Ve
1e-07
70.424393 1.826679 0
0 0

0101101
*
Ed
 1e-07 1 1 0
1  294 0 0 0.900002000000001
0

0101000
+1994 0 -1992 0 *
Ve
1e-07
70.424393 1.126678 0
0 0

0101101
*
Ed
 1e-07 1 1 0
1  295 0 0 0.700001
0

0101000
+1992 0 -1990 0 *
Ve
1e-07
70.399391 1.126678 0
0 0

0101101
*
Ed
 1e-07 1 1 0
1  296 0 0 0.0250020000000006
0

0101000
+1990 0 -1988 0 *
Ve
1e-07
70.399391 0.926678 0
0 0

0101101
*
Ed
 1e-07 1 1 0
1  297 0 0 0.2
0

0101000
+1988 0 -1986 0 *
Ve
1e-07
70.824387 0.926678 0
0 0

0101101
*
Ed
 1e-07 1 1 0
1  298 0 0 0.424996000000007
0

0101000
+1986 0 -1984 0 *
Ve
1e-07
70.824387 1.126678 0
0 0

0101101
*
Ed
 1e-07 1 1 0
1  299 0 0 0.2
0

0101000
+1984 0 -1982 0 *
Ve
1e-07
70.62439 1.126678 0
0 0

0101101
*
Ed
 1e-07 1 1 0
1  300 0 0 0.199996999999996
0

0101000
+1982 0 -1980 0 *
Ve
1e-07
70.62439 2.026678 0
0 0

0101101
*
Ed
 1e-07 1 1 0
1  301 0 0 0.9
0

0101000
+1980 0 -1978 0 *
Ve
1e-07
69.524391 2.026678 0
0 0

0101101
*
Ed
 1e-07 1 1 0
1  302 0 0 1.09999900000001
0

0101000
+1978 0 -1976 0 *
Ve
1e-07
69.524391 4.426678 0
0 0

0101101
*
Ed
 1e-07 1 1 0
1  303 0 0 2.4
0

0101000
+1976 0 -1974 0 *
Ve
1e-07
71.62439 4.426678 0
0 0

0101101
*
Ed
 1e-07 1 1 0
1  304 0 0 2.09999900000001
0

0101000
+1974 0 -1972 0 *
Ve
1e-07
71.62439 1.126678 0
0 0

0101101
*
Ed
 1e-07 1 1 0
1  305 0 0 3.3
0

0101000
+1972 0 -1970 0 *
Ve
1e-07
71.424393 1.126678 0
0 0

0101101
*
Ed
 1e-07 1 1 0
1  306 0 0 0.19999700000001
0

0101000
+1970 0 -1968 0 *
Ve
1e-07
71.424393 0.926678 0
0 0

0101101
*
Ed
 1e-07 1 1 0
1  307 0 0 0.2
0

0101000
+1968 0 -1966 0 *
Ve
1e-07
74.924393 0.926678 0
0 0

0101101
*
Ed
 1e-07 1 1 0
1  308 0 0 3.5
0

0101000
+1966 0 -1964 0 *
Ve
1e-07
74.924393 0.526678 0
0 0

0101101
*
Ed
 1e-07 1 1 0
1  309 0 0 0.4
0

0101000
+1964 0 -1962 0 *
Ve
1e-07
75.12439 0.526678 0
0 0

0101101
*
Ed
 1e-07 1 1 0
1  310 0 0 0.19999700000001
0

0101000
+1962 0 -1960 0 *
Ve
1e-07
75.12439 0.826678 0
0 0

0101101
*
Ed
 1e-07 1 1 0
1  311 0 0 0.3
0

0101000
+1960 0 -1958 0 *
Ve
1e-07
75.319389 0.826678 0
0 0

0101101
*
Ed
 1e-07 1 1 0
1  312 0 0 0.194998999999996
0

0101000
+1958 0 -1956 0 *
Ve
1e-07
75.319389 1.026678 0
0 0

0101101
*
Ed
 1e-07 1 1 0
1  313 0 0 0.2
0

0101000
+1956 0 -1954 0 *
Ve
1e-07
75.12439 1.026678 0
0 0

0101101
*
Ed
 1e-07 1 1 0
1  314 0 0 0.194998999999996
0

0101000
+1954 0 -1952 0 *
Ve
1e-07
75.12439 1.926678 0
0 0

0101101
*
Ed
 1e-07 1 1 0
1  315 0 0 0.9
0

0101000
+1952 0 -1950 0 *
Ve
1e-07
73.22438 1.926678 0
0 0

0101101
*
Ed
 1e-07 1 1 0
1  316 0 0 1.90001000000001
0

0101000
+1950 0 -1948 0 *
Ve
1e-07
73.22438 1.126678 0
0 0

0101101
*
Ed
 1e-07 1 1 0
1  317 0 0 0.8
0

0101000
+1948 0 -1946 0 *
Ve
1e-07
71.824387 1.126678 0
0 0

0101101
*
Ed
 1e-07 1 1 0
1  318 0 0 1.39999299999999
0

0101000
+1946 0 -1944 0 *
Ve
1e-07
71.824387 4.426678 0
0 0

0101101
*
Ed
 1e-07 1 1 0
1  319 0 0 3.3
0

0101000
+1944 0 -1942 0 *
Ve
1e-07
76.574387 4.426678 0
0 0

0101101
*
Ed
 1e-07 1 1 0
1  320 0 0 4.75
0

0101000
+1942 0 -1940 0 *
Ve
1e-07
76.574387 1.026678 0
0 0

0101101
*
Ed
 1e-07 1 1 0
1  321 0 0 3.4
0

0101000
+1940 0 -1938 0 *
Ve
1e-07
76.419388 1.026678 0
0 0

0101101
*
Ed
 1e-07 1 1 0
1  322 0 0 0.154999000000004
0

0101000
+1938 0 -1936 0 *
Ve
1e-07
76.419388 0.826678 0
0 0

0101101
*
Ed
 1e-07 1 1 0
1  323 0 0 0.2
0

0101000
+1936 0 -1934 0 *
Ve
1e-07
77.149384 0.826678 0
0 0

0101101
*
Ed
 1e-07 1 1 0
1  324 0 0 0.729996
0

0101000
+1934 0 -1932 0 *
Ve
1e-07
77.149384 1.026678 0
0 0

0101101
*
Ed
 1e-07 1 1 0
1  325 0 0 0.2
0

0101000
+1932 0 -1930 0 *
Ve
1e-07
77.074387 1.026678 0
0 0

0101101
*
Ed
 1e-07 1 1 0
1  326 0 0 0.0749969999999962
0

0101000
+1930 0 -1928 0 *
Ve
1e-07
77.074387 4.626678 0
0 0

0101101
*
Ed
 1e-07 1 1 0
1  327 0 0 3.6
0

0101000
+1928 0 -1926 0 *
Ve
1e-07
79.074379 4.626678 0
0 0

0101101
*
Ed
 1e-07 1 1 0
1  328 0 0 1.99999199999999
0

0101000
+1926 0 -1924 0 *
Ve
1e-07
79.074379 3.526678 0
0 0

0101101
*
Ed
 1e-07 1 1 0
1  329 0 0 1.1
0

0101000
+1924 0 -1922 0 *
Ve
1e-07
78.770638 3.526678 0
0 0

0101101
*
Ed
 1e-07 1 1 0
1  330 0 0 0.303740999999988
0

0101000
+1922 0 -1920 0 *
Ve
1e-07
78.770638 3.326679 0
0 0

0101101
*
Ed
 1e-07 1 1 0
1  331 0 0 0.199999
0

0101000
+1920 0 -1918 0 *
Ve
1e-07
79.074379 3.326679 0
0 0

0101101
*
Ed
 1e-07 1 1 0
1  332 0 0 0.303740999999988
0

0101000
+1918 0 -1916 0 *
Ve
1e-07
79.074379 2.176678 0
0 0

0101101
*
Ed
 1e-07 1 1 0
1  333 0 0 1.150001
0

0101000
+1916 0 -1914 0 *
Ve
1e-07
78.22438 2.176678 0
0 0

0101101
*
Ed
 1e-07 1 1 0
1  334 0 0 0.849998999999997
0

0101000
+1914 0 -1912 0 *
Ve
1e-07
78.22438 1.026678 0
0 0

0101101
*
Ed
 1e-07 1 1 0
1  335 0 0 1.15
0

0101000
+1912 0 -1910 0 *
Ve
1e-07
78.09938 1.026678 0
0 0

0101101
*
Ed
 1e-07 1 1 0
1  336 0 0 0.125
0

0101000
+1910 0 -1908 0 *
Ve
1e-07
78.09938 0.826678 0
0 0

0101101
*
Ed
 1e-07 1 1 0
1  337 0 0 0.2
0

0101000
+1908 0 -1906 0 *
Ve
1e-07
79.274384 0.826678 0
0 0

0101101
*
Ed
 1e-07 1 1 0
1  338 0 0 1.175004
0

0101000
+1906 0 -1904 0 *
Ve
1e-07
79.274384 2.126679 0
0 0

0101101
*
Ed
 1e-07 1 1 0
1  339 0 0 1.300001
0

0101000
+1904 0 -1902 0 *
Ve
1e-07
79.374382 2.126679 0
0 0

0101101
*
Ed
 1e-07 1 1 0
1  340 0 0 0.0999979999999994
0

0101000
+1902 0 -1900 0 *
Ve
1e-07
79.374382 2.326679 0
0 0

0101101
*
Ed
 1e-07 1 1 0
1  341 0 0 0.2
0

0101000
+1900 0 -1898 0 *
Ve
1e-07
79.274384 2.326679 0
0 0

0101101
*
Ed
 1e-07 1 1 0
1  342 0 0 0.0999979999999994
0

0101000
+1898 0 -1896 0 *
Ve
1e-07
79.274384 6.526679 0
0 0

0101101
*
Ed
 1e-07 1 1 0
1  343 0 0 4.2
0

0101000
+1896 0 -1894 0 *
Ve
1e-07
79.09938 6.526679 0
0 0

0101101
*
Ed
 1e-07 1 1 0
1  344 0 0 0.175004000000001
0

0101000
+1894 0 -1892 0 *
Ve
1e-07
79.09938 6.426678 0
0 0

0101101
*
Ed
 1e-07 1 1 0
1  345 0 0 0.100001
0

0101000
+1892 0 -1890 0 *
Ve
1e-07
79.174385 6.426678 0
0 0

0101101
*
Ed
 1e-07 1 1 0
1  346 0 0 0.0750050000000044
0

0101000
+1890 0 -1888 0 *
Ve
1e-07
79.174385 4.826679 0
0 0

0101101
*
Ed
 1e-07 1 1 0
1  347 0 0 1.599999
0

0101000
+1888 0 -1886 0 *
Ve
1e-07
76.674385 4.826679 0
0 0

0101101
*
Ed
 1e-07 1 1 0
1  348 0 0 2.5
0

0101000
+1886 0 -1884 0 *
Ve
1e-07
76.674385 6.426678 0
0 0

0101101
*
Ed
 1e-07 1 1 0
1  349 0 0 1.599999
0

0101000
+1884 0 -1882 0 *
Ve
1e-07
78.249382 6.426678 0
0 0

0101101
*
Ed
 1e-07 1 1 0
1  350 0 0 1.574997
0

0101000
+1882 0 -1880 0 *
Ve
1e-07
78.249382 6.526679 0
0 0

0101101
*
Ed
 1e-07 1 1 0
1  351 0 0 0.100001
0

0101000
+1880 0 -1878 0 *
Ve
1e-07
76.524384 6.526679 0
0 0

0101101
*
Ed
 1e-07 1 1 0
1  352 0 0 1.724998
0

0101000
+1878 0 -1876 0 *
Ve
1e-07
76.524384 6.426678 0
0 0

0101101
*
Ed
 1e-07 1 1 0
1  353 0 0 0.100001
0

0101000
+1876 0 -1874 0 *
Ve
1e-07
76.574379 6.426678 0
0 0

0101101
*
Ed
 1e-07 1 1 0
1  354 0 0 0.0499949999999956
0

0101000
+1874 0 -1872 0 *
Ve
1e-07
76.574379 5.576679 0
0 0

0101101
*
Ed
 1e-07 1 1 0
1  355 0 0 0.849999
0

0101000
+1872 0 -1870 0 *
Ve
1e-07
75.37439 5.576679 0
0 0

0101101
*
Ed
 1e-07 1 1 0
1  356 0 0 1.19998899999999
0

0101000
+1870 0 -1868 0 *
Ve
1e-07
75.37439 6.426678 0
0 0

0101101
*
Ed
 1e-07 1 1 0
1  357 0 0 0.849999
0

0101000
+1868 0 -1866 0 *
Ve
1e-07
75.424385 6.426678 0
0 0

0101101
*
Ed
 1e-07 1 1 0
1  358 0 0 0.0499949999999956
0

0101000
+1866 0 -1864 0 *
Ve
1e-07
75.424385 6.526679 0
0 0

0101101
*
Ed
 1e-07 1 1 0
1  359 0 0 0.100001
0

0101000
+1864 0 -1862 0 *
Ve
1e-07
74.824387 6.526679 0
0 0

0101101
*
Ed
 1e-07 1 1 0
1  360 0 0 0.599997999999999
0

0101000
+1862 0 -1860 0 *
Ve
1e-07
74.824387 7.626678 0
0 0

0101101
*
Ed
 1e-07 1 1 0
1  361 0 0 1.099999
0

0101000
+1860 0 -1858 0 *
Ve
1e-07
75.599388 7.626678 0
0 0

0101101
*
Ed
 1e-07 1 1 0
1  362 0 0 0.775001000000003
0

0101000
+1858 0 -1856 0 *
Ve
1e-07
75.599388 7.726679 0
0 0

0101101
*
Ed
 1e-07 1 1 0
1  363 0 0 0.100001
0

0101000
+1856 0 -1854 0 *
Ve
1e-07
75.37439 7.726679 0
0 0

0101101
*
Ed
 1e-07 1 1 0
1  364 0 0 0.224997999999999
0

0101000
+1854 0 -1852 0 *
Ve
1e-07
75.37439 8.926678 0
0 0

0101101
*
Ed
 1e-07 1 1 0
1  365 0 0 1.199999
0

0101000
+1852 0 -1850 0 *
Ve
1e-07
74.62439 8.926678 0
0 0

0101101
*
Ed
 1e-07 1 1 0
1  366 0 0 0.75
0

0101000
+1850 0 -1848 0 *
Ve
1e-07
74.62439 8.826679 0
0 0

0101101
*
Ed
 1e-07 1 1 0
1  367 0 0 0.0999990000000004
0

0101000
+1848 0 -1846 0 *
Ve
1e-07
75.274391 8.826679 0
0 0

0101101
*
Ed
 1e-07 1 1 0
1  368 0 0 0.650000999999989
0

0101000
+1846 0 -1844 0 *
Ve
1e-07
75.274391 7.726679 0
0 0

0101101
*
Ed
 1e-07 1 1 0
1  369 0 0 1.1
0

0101000
+1844 0 -1842 0 *
Ve
1e-07
74.549393 7.726679 0
0 0

0101101
*
Ed
 1e-07 1 1 0
1  370 0 0 0.724997999999999
0

0101000
+1842 0 -1840 0 *
Ve
1e-07
74.549393 7.626678 0
0 0

0101101
*
Ed
 1e-07 1 1 0
1  371 0 0 0.100001
0

0101000
+1840 0 -1838 0 *
Ve
1e-07
74.724388 7.626678 0
0 0

0101101
*
Ed
 1e-07 1 1 0
1  372 0 0 0.17499500000001
0

0101000
+1838 0 -1836 0 *
Ve
1e-07
74.724388 4.826679 0
0 0

0101101
*
Ed
 1e-07 1 1 0
1  373 0 0 2.799999
0

0101000
+1836 0 -1834 0 *
Ve
1e-07
72.924393 4.826679 0
0 0

0101101
*
Ed
 1e-07 1 1 0
1  374 0 0 1.79999500000001
0

0101000
+1834 0 -1832 0 *
Ve
1e-07
72.924393 7.626678 0
0 0

0101101
*
Ed
 1e-07 1 1 0
1  375 0 0 2.799999
0

0101000
+1832 0 -1830 0 *
Ve
1e-07
73.699387 7.626678 0
0 0

0101101
*
Ed
 1e-07 1 1 0
1  376 0 0 0.774994000000007
0

0101000
+1830 0 -1828 0 *
Ve
1e-07
73.699387 7.726679 0
0 0

0101101
*
Ed
 1e-07 1 1 0
1  377 0 0 0.100001
0

0101000
+1828 0 -1826 0 *
Ve
1e-07
72.924393 7.726679 0
0 0

0101101
*
Ed
 1e-07 1 1 0
1  378 0 0 0.774994000000007
0

0101000
+1826 0 -1824 0 *
Ve
1e-07
72.924393 8.826679 0
0 0

0101101
*
Ed
 1e-07 1 1 0
1  379 0 0 1.1
0

0101000
+1824 0 -1822 0 *
Ve
1e-07
73.62439 8.826679 0
0 0

0101101
*
Ed
 1e-07 1 1 0
1  380 0 0 0.69999700000001
0

0101000
+1822 0 -1820 0 *
Ve
1e-07
73.62439 8.926678 0
0 0

0101101
*
Ed
 1e-07 1 1 0
1  381 0 0 0.0999990000000004
0

0101000
+1820 0 -1818 0 *
Ve
1e-07
72.924393 8.926678 0
0 0

0101101
*
Ed
 1e-07 1 1 0
1  382 0 0 0.69999700000001
0

0101000
+1818 0 -1816 0 *
Ve
1e-07
72.924393 12.856679 0
0 0

0101101
*
Ed
 1e-07 1 1 0
1  383 0 0 3.930001
0

0101000
+1816 0 -1814 0 *
Ve
1e-07
76.474388 12.856679 0
0 0

0101101
*
Ed
 1e-07 1 1 0
1  384 0 0 3.54999500000001
0

0101000
+1814 0 -1812 0 *
Ve
1e-07
76.474388 8.926678 0
0 0

0101101
*
Ed
 1e-07 1 1 0
1  385 0 0 3.930001
0

0101000
+1812 0 -1810 0 *
Ve
1e-07
76.774391 8.926678 0
0 0

0101101
*
Ed
 1e-07 1 1 0
1  386 0 0 0.30000299999999
0

0101000
+1810 0 -1808 0 *
Ve
1e-07
76.774391 7.726679 0
0 0

0101101
*
Ed
 1e-07 1 1 0
1  387 0 0 1.199999
0

0101000
+1808 0 -1806 0 *
Ve
1e-07
76.549393 7.726679 0
0 0

0101101
*
Ed
 1e-07 1 1 0
1  388 0 0 0.224997999999999
0

0101000
+1806 0 -1804 0 *
Ve
1e-07
76.549393 7.626678 0
0 0

0101101
*
Ed
 1e-07 1 1 0
1  389 0 0 0.100001
0

0101000
+1804 0 -1802 0 *
Ve
1e-07
76.949387 7.626678 0
0 0

0101101
*
Ed
 1e-07 1 1 0
1  390 0 0 0.399994000000007
0

0101000
+1802 0 -1800 0 *
Ve
1e-07
76.949387 7.726679 0
0 0

0101101
*
Ed
 1e-07 1 1 0
1  391 0 0 0.100001
0

0101000
+1800 0 -1798 0 *
Ve
1e-07
76.87439 7.726679 0
0 0

0101101
*
Ed
 1e-07 1 1 0
1  392 0 0 0.0749969999999962
0

0101000
+1798 0 -1796 0 *
Ve
1e-07
76.87439 12.856679 0
0 0

0101101
*
Ed
 1e-07 1 1 0
1  393 0 0 5.13
0

0101000
+1796 0 -1794 0 *
Ve
1e-07
80.274391 12.856679 0
0 0

0101101
*
Ed
 1e-07 1 1 0
1  394 0 0 3.40000099999999
0

0101000
+1794 0 -1792 0 *
Ve
1e-07
80.274391 7.726679 0
0 0

0101101
*
Ed
 1e-07 1 1 0
1  395 0 0 5.13
0

0101000
+1792 0 -1790 0 *
Ve
1e-07
78.074387 7.726679 0
0 0

0101101
*
Ed
 1e-07 1 1 0
1  396 0 0 2.20000399999999
0

0101000
+1790 0 -1788 0 *
Ve
1e-07
78.074387 8.326679 0
0 0

0101101
*
Ed
 1e-07 1 1 0
1  397 0 0 0.600000000000001
0

0101000
+1788 0 -1786 0 *
Ve
1e-07
77.974388 8.326679 0
0 0

0101101
*
Ed
 1e-07 1 1 0
1  398 0 0 0.0999989999999968
0

0101000
+1786 0 -1784 0 *
Ve
1e-07
77.974388 7.726679 0
0 0

0101101
*
Ed
 1e-07 1 1 0
1  399 0 0 0.600000000000001
0

0101000
+1784 0 -1782 0 *
Ve
1e-07
77.899391 7.726679 0
0 0

0101101
*
Ed
 1e-07 1 1 0
1  400 0 0 0.0749970000000104
0

0101000
+1782 0 -1780 0 *
Ve
1e-07
77.899391 7.626678 0
0 0

0101101
*
Ed
 1e-07 1 1 0
1  401 0 0 0.100001
0

0101000
+1780 0 -1778 0 *
Ve
1e-07
80.37439 7.626678 0
0 0

0101101
*
Ed
 1e-07 1 1 0
1  402 0 0 2.47499900000001
0

0101000
+1778 0 -1776 0 *
Ve
1e-07
80.37439 12.856679 0
0 0

0101101
*
Ed
 1e-07 1 1 0
1  403 0 0 5.230001
0

0101000
+1776 0 -1774 0 *
Ve
1e-07
84.174393 12.856679 0
0 0

0101101
*
Ed
 1e-07 1 1 0
1  404 0 0 3.80000299999999
0

0101000
+1774 0 -1772 0 *
Ve
1e-07
84.174393 5.276679 0
0 0

0101101
*
Ed
 1e-07 1 1 0
1  405 0 0 7.58
0

0101000
+1772 0 -1770 0 *
Ve
1e-07
83.564392 5.276679 0
0 0

0101101
*
Ed
 1e-07 1 1 0
1  406 0 0 0.610000999999997
0

0101000
+1770 0 -1768 0 *
Ve
1e-07
83.564392 4.826679 0
0 0

0101101
*
Ed
 1e-07 1 1 0
1  407 0 0 0.449999999999999
0

0101000
+1768 0 -1766 0 *
Ve
1e-07
80.674393 4.826679 0
0 0

0101101
*
Ed
 1e-07 1 1 0
1  408 0 0 2.889999
0

0101000
+1766 0 -1764 0 *
Ve
1e-07
80.674393 5.526679 0
0 0

0101101
*
Ed
 1e-07 1 1 0
1  409 0 0 0.699999999999999
0

0101000
+1764 0 -1762 0 *
Ve
1e-07
80.574387 5.526679 0
0 0

0101101
*
Ed
 1e-07 1 1 0
1  410 0 0 0.100005999999993
0

0101000
+1762 0 -1760 0 *
Ve
1e-07
80.574387 2.326679 0
0 0

0101101
*
Ed
 1e-07 1 1 0
1  411 0 0 3.2
0

0101000
+1760 0 -1758 0 *
Ve
1e-07
80.47438 2.326679 0
0 0

0101101
*
Ed
 1e-07 1 1 0
1  412 0 0 0.100007000000005
0

0101000
+1758 0 -1756 0 *
Ve
1e-07
80.47438 2.126679 0
0 0

0101101
*
Ed
 1e-07 1 1 0
1  413 0 0 0.2
0

0101000
+1756 0 -1754 0 *
Ve
1e-07
80.774391 2.126679 0
0 0

0101101
*
Ed
 1e-07 1 1 0
1  414 0 0 0.300010999999998
0

0101000
+1754 0 -1752 0 *
Ve
1e-07
80.774391 0.677331 0
0 0

0101101
*
Ed
 1e-07 1 1 0
1  415 0 0 1.449348
0

0101000
+1752 0 -1750 0 *
Ve
1e-07
80.974388 0.677331 0
0 0

0101101
*
Ed
 1e-07 1 1 0
1  416 0 0 0.19999700000001
0

0101000
+1750 0 -1748 0 *
Ve
1e-07
80.974388 0.826679 0
0 0

0101101
*
Ed
 1e-07 1 1 0
1  417 0 0 0.149348
0

0101000
+1748 0 -1746 0 *
Ve
1e-07
81.274391 0.826679 0
0 0

0101101
*
Ed
 1e-07 1 1 0
1  418 0 0 0.30000299999999
0

0101000
+1746 0 -1744 0 *
Ve
1e-07
81.274391 0.926678 0
0 0

0101101
*
Ed
 1e-07 1 1 0
1  419 0 0 0.0999989999999999
0

0101000
+1744 0 -1742 0 *
Ve
1e-07
82.074387 0.926678 0
0 0

0101101
*
Ed
 1e-07 1 1 0
1  420 0 0 0.799996000000007
0

0101000
+1742 0 -1740 0 *
Ve
1e-07
82.074387 1.226679 0
0 0

0101101
*
Ed
 1e-07 1 1 0
1  421 0 0 0.300001
0

0101000
+1740 0 -1738 0 *
Ve
1e-07
83.474388 1.226679 0
0 0

0101101
*
Ed
 1e-07 1 1 0
1  422 0 0 1.400001
0

0101000
+1738 0 -1736 0 *
Ve
1e-07
83.474388 0.926678 0
0 0

0101101
*
Ed
 1e-07 1 1 0
1  423 0 0 0.300001
0

0101000
+1736 0 -1734 0 *
Ve
1e-07
85.674393 0.926678 0
0 0

0101101
*
Ed
 1e-07 1 1 0
1  424 0 0 2.20000499999999
0

0101000
+1734 0 -1732 0 *
Ve
1e-07
85.674393 1.126678 0
0 0

0101101
*
Ed
 1e-07 1 1 0
1  425 0 0 0.2
0

0101000
+1732 0 -1730 0 *
Ve
1e-07
84.674393 1.126678 0
0 0

0101101
*
Ed
 1e-07 1 1 0
1  426 0 0 1
0

0101000
+1730 0 -1728 0 *
Ve
1e-07
84.674393 2.176746 0
0 0

0101101
*
Ed
 1e-07 1 1 0
1  427 0 0 1.050068
0

0101000
+1728 0 -1726 0 *
Ve
1e-07
84.474388 2.176746 0
0 0

0101101
*
Ed
 1e-07 1 1 0
1  428 0 0 0.20000499999999
0

0101000
+1726 0 -1724 0 *
Ve
1e-07
84.474388 3.676746 0
0 0

0101101
*
Ed
 1e-07 1 1 0
1  429 0 0 1.5
0

0101000
+1724 0 -1722 0 *
Ve
1e-07
84.674393 3.676746 0
0 0

0101101
*
Ed
 1e-07 1 1 0
1  430 0 0 0.20000499999999
0

0101000
+1722 0 -1720 0 *
Ve
1e-07
84.674393 4.426678 0
0 0

0101101
*
Ed
 1e-07 1 1 0
1  431 0 0 0.749932
0

0101000
+1720 0 -1718 0 *
Ve
1e-07
87.674393 4.426678 0
0 0

0101101
*
Ed
 1e-07 1 1 0
1  432 0 0 3
0

0101000
+1718 0 -1716 0 *
Ve
1e-07
87.674393 4.326679 0
0 0

0101101
*
Ed
 1e-07 1 1 0
1  433 0 0 0.0999989999999995
0

0101000
+1716 0 -1714 0 *
Ve
1e-07
87.974388 4.326679 0
0 0

0101101
*
Ed
 1e-07 1 1 0
1  434 0 0 0.29999500000001
0

0101000
+1714 0 -1712 0 *
Ve
1e-07
87.974388 4.426678 0
0 0

0101101
*
Ed
 1e-07 1 1 0
1  435 0 0 0.0999989999999995
0

0101000
+1712 0 -1710 0 *
Ve
1e-07
94.174393 4.426678 0
0 0

0101101
*
Ed
 1e-07 1 1 0
1  436 0 0 6.20000499999999
0

0101000
+1710 0 -1708 0 *
Ve
1e-07
94.174393 1.226679 0
0 0

0101101
*
Ed
 1e-07 1 1 0
1  437 0 0 3.199999
0

0101000
+1708 0 -1706 0 *
Ve
1e-07
89.174393 1.226679 0
0 0

0101101
*
Ed
 1e-07 1 1 0
1  438 0 0 5
0

0101000
+1706 0 -1704 0 *
Ve
1e-07
89.174393 0.926678 0
0 0

0101101
*
Ed
 1e-07 1 1 0
1  439 0 0 0.300001
0

0101000
+1704 0 -1702 0 *
Ve
1e-07
90.37439 0.926678 0
0 0

0101101
*
Ed
 1e-07 1 1 0
1  440 0 0 1.19999700000001
0

0101000
+1702 0 -1700 0 *
Ve
1e-07
90.37439 0.526678 0
0 0

0101101
*
Ed
 1e-07 1 1 0
1  441 0 0 0.4
0

0101000
+1700 0 -1698 0 *
Ve
1e-07
90.574387 0.526678 0
0 0

0101101
*
Ed
 1e-07 1 1 0
1  442 0 0 0.199996999999996
0

0101000
+1698 0 -1696 0 *
Ve
1e-07
90.574387 0.926678 0
0 0

0101101
*
Ed
 1e-07 1 1 0
1  443 0 0 0.4
0

0101000
+1696 0 -1694 0 *
Ve
1e-07
94.674393 0.926678 0
0 0

0101101
*
Ed
 1e-07 1 1 0
1  444 0 0 4.10000599999999
0

0101000
+1694 0 -1692 0 *
Ve
1e-07
94.674393 1.726679 0
0 0

0101101
*
Ed
 1e-07 1 1 0
1  445 0 0 0.800001
0

0101000
+1692 0 -1690 0 *
Ve
1e-07
94.879387 1.726679 0
0 0

0101101
*
Ed
 1e-07 1 1 0
1  446 0 0 0.204993999999999
0

0101000
+1690 0 -1688 0 *
Ve
1e-07
94.879387 1.876679 0
0 0

0101101
*
Ed
 1e-07 1 1 0
1  447 0 0 0.15
0

0101000
+1688 0 -1686 0 *
Ve
1e-07
94.674393 1.876679 0
0 0

0101101
*
Ed
 1e-07 1 1 0
1  448 0 0 0.204993999999999
0

0101000
+1686 0 -1684 0 *
Ve
1e-07
94.674393 4.676678 0
0 0

0101101
*
Ed
 1e-07 1 1 0
1  449 0 0 2.799999
0

0101000
+1684 0 -1682 0 *
Ve
1e-07
94.879387 4.676678 0
0 0

0101101
*
Ed
 1e-07 1 1 0
1  450 0 0 0.204993999999999
0

0101000
+1682 0 -1680 0 *
Ve
1e-07
94.879387 4.826679 0
0 0

0101101
*
Ed
 1e-07 1 1 0
1  451 0 0 0.150001
0

0101000
+1680 0 -1678 0 *
Ve
1e-07
90.974388 4.826679 0
0 0

0101101
*
Ed
 1e-07 1 1 0
1  452 0 0 3.90499899999999
0

0101000
+1678 0 -1676 0 *
Ve
1e-07
90.974388 5.726679 0
0 0

0101101
*
Ed
 1e-07 1 1 0
1  453 0 0 0.899999999999999
0

0101000
+1676 0 -1674 0 *
Ve
1e-07
88.074387 5.726679 0
0 0

0101101
*
Ed
 1e-07 1 1 0
1  454 0 0 2.900001
0

0101000
+1674 0 -1672 0 *
Ve
1e-07
88.074387 4.826679 0
0 0

0101101
*
Ed
 1e-07 1 1 0
1  455 0 0 0.899999999999999
0

0101000
+1672 0 -1670 0 *
Ve
1e-07
84.574387 4.826679 0
0 0

0101101
*
Ed
 1e-07 1 1 0
1  456 0 0 3.5
0

0101000
+1670 0 -1668 0 *
Ve
1e-07
84.574387 9.226679 0
0 0

0101101
*
Ed
 1e-07 1 1 0
1  457 0 0 4.4
0

0101000
+1668 0 -1666 0 *
Ve
1e-07
86.941307 9.226679 0
0 0

0101101
*
Ed
 1e-07 1 1 0
1  458 0 0 2.36691999999999
0

0101000
+1666 0 -1664 0 *
Ve
1e-07
86.941307 9.376678 0
0 0

0101101
*
Ed
 1e-07 1 1 0
1  459 0 0 0.149998999999999
0

0101000
+1664 0 -1662 0 *
Ve
1e-07
86.37439 9.376678 0
0 0

0101101
*
Ed
 1e-07 1 1 0
1  460 0 0 0.566916999999989
0

0101000
+1662 0 -1660 0 *
Ve
1e-07
86.37439 12.856679 0
0 0

0101101
*
Ed
 1e-07 1 1 0
1  461 0 0 3.480001
0

0101000
+1660 0 -1658 0 *
Ve
1e-07
88.024391 12.856679 0
0 0

0101101
*
Ed
 1e-07 1 1 0
1  462 0 0 1.65000099999999
0

0101000
+1658 0 -1656 0 *
Ve
1e-07
88.024391 9.226679 0
0 0

0101101
*
Ed
 1e-07 1 1 0
1  463 0 0 3.63
0

0101000
+1656 0 -1654 0 *
Ve
1e-07
88.174393 9.226679 0
0 0

0101101
*
Ed
 1e-07 1 1 0
1  464 0 0 0.150002000000001
0

0101000
+1654 0 -1652 0 *
Ve
1e-07
88.174393 9.456678 0
0 0

0101101
*
Ed
 1e-07 1 1 0
1  465 0 0 0.229998999999999
0

0101000
+1652 0 -1650 0 *
Ve
1e-07
88.424393 9.456678 0
0 0

0101101
*
Ed
 1e-07 1 1 0
1  466 0 0 0.25
0

0101000
+1650 0 -1648 0 *
Ve
1e-07
88.424393 12.856679 0
0 0

0101101
*
Ed
 1e-07 1 1 0
1  467 0 0 3.400001
0

0101000
+1648 0 -1646 0 *
Ve
1e-07
95.724388 12.856679 0
0 0

0101101
*
Ed
 1e-07 1 1 0
1  468 0 0 7.29999500000001
0

0101000
+1646 0 -1644 0 *
Ve
1e-07
95.724388 7.526679 0
0 0

0101101
*
Ed
 1e-07 1 1 0
1  469 0 0 5.33
0

0101000
+1644 0 -1642 0 *
Ve
1e-07
96.574387 7.526679 0
0 0

0101101
*
Ed
 1e-07 1 1 0
1  470 0 0 0.849998999999997
0

0101000
+1642 0 -1640 0 *
Ve
1e-07
96.574387 4.826679 0
0 0

0101101
*
Ed
 1e-07 1 1 0
1  471 0 0 2.7
0

0101000
+1640 0 -1638 0 *
Ve
1e-07
96.279388 4.826679 0
0 0

0101101
*
Ed
 1e-07 1 1 0
1  472 0 0 0.294999000000004
0

0101000
+1638 0 -1636 0 *
Ve
1e-07
96.279388 4.676678 0
0 0

0101101
*
Ed
 1e-07 1 1 0
1  473 0 0 0.150001
0

0101000
+1636 0 -1634 0 *
Ve
1e-07
96.574387 4.676678 0
0 0

0101101
*
Ed
 1e-07 1 1 0
1  474 0 0 0.294999000000004
0

0101000
+1634 0 -1632 0 *
Ve
1e-07
96.574387 3.776679 0
0 0

0101101
*
Ed
 1e-07 1 1 0
1  475 0 0 0.899999
0

0101000
+1632 0 -1630 0 *
Ve
1e-07
96.724388 3.776679 0
0 0

0101101
*
Ed
 1e-07 1 1 0
1  476 0 0 0.150001000000003
0

0101000
+1630 0 -1628 0 *
Ve
1e-07
96.724388 7.526679 0
0 0

0101101
*
Ed
 1e-07 1 1 0
1  477 0 0 3.75
0

0101000
+1628 0 -1626 0 *
Ve
1e-07
98.924393 7.526679 0
0 0

0101101
*
Ed
 1e-07 1 1 0
1  478 0 0 2.20000499999999
0

0101000
+1626 0 -1624 0 *
Ve
1e-07
98.924393 7.876678 0
0 0

0101101
*
Ed
 1e-07 1 1 0
1  479 0 0 0.349999
0

0101000
+1624 0 -1622 0 *
Ve
1e-07
98.774391 7.876678 0
0 0

0101101
*
Ed
 1e-07 1 1 0
1  480 0 0 0.150002000000001
0

0101000
+1622 0 -1620 0 *
Ve
1e-07
98.774391 7.676678 0
0 0

0101101
*
Ed
 1e-07 1 1 0
1  481 0 0 0.2
0

0101000
+1620 0 -1618 0 *
Ve
1e-07
95.87439 7.676678 0
0 0

0101101
*
Ed
 1e-07 1 1 0
1  482 0 0 2.90000099999999
0

0101000
+1618 0 -1616 0 *
Ve
1e-07
95.87439 9.526679 0
0 0

0101101
*
Ed
 1e-07 1 1 0
1  483 0 0 1.850001
0

0101000
+1616 0 -1614 0 *
Ve
1e-07
96.12439 9.526679 0
0 0

0101101
*
Ed
 1e-07 1 1 0
1  484 0 0 0.25
0

0101000
+1614 0 -1612 0 *
Ve
1e-07
96.12439 10.076679 0
0 0

0101101
*
Ed
 1e-07 1 1 0
1  485 0 0 0.550000000000001
0

0101000
+1612 0 -1610 0 *
Ve
1e-07
98.774391 10.076679 0
0 0

0101101
*
Ed
 1e-07 1 1 0
1  486 0 0 2.65000099999999
0

0101000
+1610 0 -1608 0 *
Ve
1e-07
98.774391 8.976679 0
0 0

0101101
*
Ed
 1e-07 1 1 0
1  487 0 0 1.1
0

0101000
+1608 0 -1606 0 *
Ve
1e-07
98.924393 8.976679 0
0 0

0101101
*
Ed
 1e-07 1 1 0
1  488 0 0 0.150002000000001
0

0101000
+1606 0 -1604 0 *
Ve
1e-07
98.924393 11.126678 0
0 0

0101101
*
Ed
 1e-07 1 1 0
1  489 0 0 2.149999
0

0101000
+1604 0 -1602 0 *
Ve
1e-07
99.024391 11.126678 0
0 0

0101101
*
Ed
 1e-07 1 1 0
1  490 0 0 0.0999979999999994
0

0101000
+1602 0 -1600 0 *
Ve
1e-07
99.024391 11.276679 0
0 0

0101101
*
Ed
 1e-07 1 1 0
1  491 0 0 0.150001
0

0101000
+1600 0 -1598 0 *
Ve
1e-07
98.174393 11.276679 0
0 0

0101101
*
Ed
 1e-07 1 1 0
1  492 0 0 0.849997999999999
0

0101000
+1598 0 -1596 0 *
Ve
1e-07
98.174393 12.926678 0
0 0

0101101
*
Ed
 1e-07 1 1 0
1  493 0 0 1.649999
0

0101000
+1596 0 -1594 0 *
Ve
1e-07
98.824402 12.926678 0
0 0

0101101
*
Ed
 1e-07 1 1 0
1  494 0 0 0.650009000000011
0

0101000
+1594 0 -1592 0 *
Ve
1e-07
98.824402 13.076678 0
0 0

0101101
*
Ed
 1e-07 1 1 0
1  495 0 0 0.149999999999999
0

0101000
+1592 0 -1590 0 *
Ve
1e-07
97.274391 13.076678 0
0 0

0101101
*
Ed
 1e-07 1 1 0
1  496 0 0 1.55001100000001
0

0101000
+1590 0 -1588 0 *
Ve
1e-07
97.274391 12.926678 0
0 0

0101101
*
Ed
 1e-07 1 1 0
1  497 0 0 0.149999999999999
0

0101000
+1588 0 -1586 0 *
Ve
1e-07
98.024391 12.926678 0
0 0

0101101
*
Ed
 1e-07 1 1 0
1  498 0 0 0.75
0

0101000
+1586 0 -1584 0 *
Ve
1e-07
98.024391 11.276679 0
0 0

0101101
*
Ed
 1e-07 1 1 0
1  499 0 0 1.649999
0

0101000
+1584 0 -1582 0 *
Ve
1e-07
97.074387 11.276679 0
0 0

0101101
*
Ed
 1e-07 1 1 0
1  500 0 0 0.950003999999993
0

0101000
+1582 0 -1580 0 *
Ve
1e-07
97.074387 12.856679 0
0 0

0101101
*
Ed
 1e-07 1 1 0
1  501 0 0 1.58
0

0101000
+1580 0 -1578 0 *
Ve
1e-07
97.076889 12.856679 0
0 0

0101101
*
Ed
 1e-07 1 1 0
1  502 0 0 0.00250199999999268
0

0101000
+1578 0 -1576 0 *
Ve
1e-07
97.074387 16.016679 0
0 0

0101101
*
Ed
 1e-07 1 1 0
1  503 0 0 3.16000099050681
0

0101000
+1576 0 -1574 0 *
Ve
1e-07
97.074387 18.137679 0
0 0

0101101
*
Ed
 1e-07 1 1 0
1  504 0 0 2.121
0

0101000
+1574 0 -1572 0 *
Ve
1e-07
97.072708 18.137679 0
0 0

0101101
*
Ed
 1e-07 1 1 0
1  505 0 0 0.00167899999999577
0

0101000
+1572 0 -1570 0 *
Ve
1e-07
97.072487 18.423322 0
0 0

0101101
*
Ed
 1e-07 1 1 0
1  506 0 0 0.285643085493068
0

0101000
+1570 0 -1568 0 *
Ve
1e-07
106.599388 18.423322 0
0 0

0101101
*
Ed
 1e-07 1 1 0
1  507 0 0 9.52690100000001
0

0101000
+1568 0 -1566 0 *
Ve
1e-07
106.599388 8.376678 0
0 0

0101101
*
Ed
 1e-07 1 1 0
1  508 0 0 10.046644
0

0101000
+1566 0 -1564 0 *
Ve
1e-07
106.950172 8.376678 0
0 0

0101101
*
Ed
 1e-07 1 1 0
1  509 0 0 0.35078399999999
0

0101000
+1564 0 -1562 0 *
Ve
1e-07
106.950172 3.672742 0
0 0

0101101
*
Ed
 1e-07 1 1 0
1  510 0 0 4.703936
0

0101000
+1562 0 -1560 0 *
Ve
1e-07
106.325172 3.672742 0
0 0

0101101
*
Ed
 1e-07 1 1 0
1  511 0 0 0.625
0

0101000
+1560 0 -1558 0 *
Ve
1e-07
106.325172 -3.573321 0
0 0

0101101
*
Ed
 1e-07 1 1 0
1  512 0 0 7.246063
0

0101000
+1558 0 -1556 0 *
Ve
1e-07
105.271713 -3.573321 0
0 0

0101101
*
Ed
 1e-07 1 1 0
1  513 0 0 1.05345899999999
0

0101000
+1556 0 -1554 0 *
Ve
1e-07
105.275177 -4.753321 0
0 0

0101101
*
Ed
 1e-07 1 1 0
1  514 0 0 1.1800050844365
0

0101000
+1554 0 -1552 0 *
Ve
1e-07
103.349388 -4.753321 0
0 0

0101101
*
Ed
 1e-07 1 1 0
1  515 0 0 1.92578899999999
0

0101000
+1552 0 -1550 0 *
Ve
1e-07
103.349388 -4.823321 0
0 0

0101101
*
Ed
 1e-07 1 1 0
1  516 0 0 0.0700000000000003
0

0101000
+1550 0 -1548 0 *
Ve
1e-07
102.924393 -4.823321 0
0 0

0101101
*
Ed
 1e-07 1 1 0
1  517 0 0 0.42499500000001
0

0101000
+1548 0 -1546 0 *
Ve
1e-07
102.924393 -7.223321 0
0 0

0101101
*
Ed
 1e-07 1 1 0
1  518 0 0 2.4
0

0101000
+1546 0 -1544 0 *
Ve
1e-07
102.849388 -7.223321 0
0 0

0101101
*
Ed
 1e-07 1 1 0
1  519 0 0 0.0750049999999902
0

0101000
+1544 0 -1542 0 *
Ve
1e-07
102.849388 -7.323322 0
0 0

0101101
*
Ed
 1e-07 1 1 0
1  520 0 0 0.100001
0

0101000
+1542 0 -1540 0 *
Ve
1e-07
102.924393 -7.323322 0
0 0

0101101
*
Ed
 1e-07 1 1 0
1  521 0 0 0.0750049999999902
0

0101000
+1540 0 -1538 0 *
Ve
1e-07
102.924393 -8.773321 0
0 0

0101101
*
Ed
 1e-07 1 1 0
1  522 0 0 1.449999
0

0101000
+1538 0 -1536 0 *
Ve
1e-07
103.99939 -8.773321 0
0 0

0101101
*
Ed
 1e-07 1 1 0
1  523 0 0 1.07499700000001
0

0101000
+1536 0 -1534 0 *
Ve
1e-07
103.99939 -8.673321 0
0 0

0101101
*
Ed
 1e-07 1 1 0
1  524 0 0 0.0999999999999996
0

0101000
+1534 0 -1532 0 *
Ve
1e-07
103.024391 -8.673321 0
0 0

0101101
*
Ed
 1e-07 1 1 0
1  525 0 0 0.974999000000011
0

0101000
+1532 0 -1530 0 *
Ve
1e-07
103.024391 -6.913321 0
0 0

0101101
*
Ed
 1e-07 1 1 0
1  526 0 0 1.76
0

0101000
+1530 0 -1528 0 *
Ve
1e-07
103.424393 -6.913321 0
0 0

0101101
*
Ed
 1e-07 1 1 0
1  527 0 0 0.400002000000001
0

0101000
+1528 0 -1526 0 *
Ve
1e-07
103.424393 -5.973321 0
0 0

0101101
*
Ed
 1e-07 1 1 0
1  528 0 0 0.94
0

0101000
+1526 0 -1524 0 *
Ve
1e-07
104.924393 -5.973321 0
0 0

0101101
*
Ed
 1e-07 1 1 0
1  529 0 0 1.5
0

0101000
+1524 0 -1522 0 *
Ve
1e-07
104.924393 -8.673321 0
0 0

0101101
*
Ed
 1e-07 1 1 0
1  530 0 0 2.7
0

0101000
+1522 0 -1520 0 *
Ve
1e-07
104.849388 -8.673321 0
0 0

0101101
*
Ed
 1e-07 1 1 0
1  531 0 0 0.0750049999999902
0

0101000
+1520 0 -1518 0 *
Ve
1e-07
104.849388 -8.773321 0
0 0

0101101
*
Ed
 1e-07 1 1 0
1  532 0 0 0.0999999999999996
0

0101000
+1518 0 -1516 0 *
Ve
1e-07
105.799393 -8.773321 0
0 0

0101101
*
Ed
 1e-07 1 1 0
1  533 0 0 0.95000499999999
0

0101000
+1516 0 -1514 0 *
Ve
1e-07
105.799393 -8.673321 0
0 0

0101101
*
Ed
 1e-07 1 1 0
1  534 0 0 0.0999999999999996
0

0101000
+1514 0 -1512 0 *
Ve
1e-07
105.024391 -8.673321 0
0 0

0101101
*
Ed
 1e-07 1 1 0
1  535 0 0 0.775002000000001
0

0101000
+1512 0 -1510 0 *
Ve
1e-07
105.024391 -7.573322 0
0 0

0101101
*
Ed
 1e-07 1 1 0
1  536 0 0 1.099999
0

0101000
+1510 0 -1508 0 *
Ve
1e-07
105.899391 -7.573322 0
0 0

0101101
*
Ed
 1e-07 1 1 0
1  537 0 0 0.875
0

0101000
+1508 0 -1506 0 *
Ve
1e-07
105.899391 -7.473321 0
0 0

0101101
*
Ed
 1e-07 1 1 0
1  538 0 0 0.100001
0

0101000
+1506 0 -1504 0 *
Ve
1e-07
105.024391 -7.473321 0
0 0

0101101
*
Ed
 1e-07 1 1 0
1  539 0 0 0.875
0

0101000
+1504 0 -1502 0 *
Ve
1e-07
105.024391 -5.023321 0
0 0

0101101
*
Ed
 1e-07 1 1 0
1  540 0 0 2.45
0

0101000
+1502 0 -1500 0 *
Ve
1e-07
106.824387 -5.023321 0
0 0

0101101
*
Ed
 1e-07 1 1 0
1  541 0 0 1.79999600000001
0

0101000
+1500 0 -1498 0 *
Ve
1e-07
106.824387 -7.473321 0
0 0

0101101
*
Ed
 1e-07 1 1 0
1  542 0 0 2.45
0

0101000
+1498 0 -1496 0 *
Ve
1e-07
106.74939 -7.473321 0
0 0

0101101
*
Ed
 1e-07 1 1 0
1  543 0 0 0.0749969999999962
0

0101000
+1496 0 -1494 0 *
Ve
1e-07
106.74939 -7.573322 0
0 0

0101101
*
Ed
 1e-07 1 1 0
1  544 0 0 0.100001
0

0101000
+1494 0 -1492 0 *
Ve
1e-07
106.924393 -7.573322 0
0 0

0101101
*
Ed
 1e-07 1 1 0
1  545 0 0 0.17500299999999
0

0101000
+1492 0 -1490 0 *
Ve
1e-07
106.924393 -5.023321 0
0 0

0101101
*
Ed
 1e-07 1 1 0
1  546 0 0 2.550001
0

0101000
+1490 0 -1488 0 *
Ve
1e-07
110.824387 -5.023321 0
0 0

0101101
*
Ed
 1e-07 1 1 0
1  547 0 0 3.89999400000001
0

0101000
+1488 0 -1486 0 *
Ve
1e-07
110.824387 -6.673321 0
0 0

0101101
*
Ed
 1e-07 1 1 0
1  548 0 0 1.65
0

0101000
+1486 0 -1484 0 *
Ve
1e-07
111.224388 -6.673321 0
0 0

0101101
*
Ed
 1e-07 1 1 0
1  549 0 0 0.400001000000003
0

0101000
+1484 0 -1482 0 *
Ve
1e-07
111.224388 -4.823321 0
0 0

0101101
*
Ed
 1e-07 1 1 0
1  550 0 0 1.85
0

0101000
+1482 0 -1480 0 *
Ve
1e-07
110.185387 -4.823321 0
0 0

0101101
*
Ed
 1e-07 1 1 0
1  551 0 0 1.039001
0

0101000
+1480 0 -1478 0 *
Ve
1e-07
110.185387 -4.750164 0
0 0

0101101
*
Ed
 1e-07 1 1 0
1  552 0 0 0.0731570000000001
0

0101000
+1478 0 -1476 0 *
Ve
1e-07
113.050179 -4.748321 0
0 0

0101101
*
Ed
 1e-07 1 1 0
1  553 0 0 2.86479259282639
0

0101000
+1476 0 -1474 0 *
Ve
1e-07
113.050179 -14.073322 0
0 0

0101101
*
Ed
 1e-07 1 1 0
1  554 0 0 9.325001
0

0101000
+1474 0 -1472 0 *
Ve
1e-07
107.424393 -14.073322 0
0 0

0101101
*
Ed
 1e-07 1 1 0
1  555 0 0 5.62578600000001
0

0101000
+1472 0 -1470 0 *
Ve
1e-07
107.424393 -9.798321 0
0 0

0101101
*
Ed
 1e-07 1 1 0
1  556 0 0 4.275001
0

0101000
+1470 0 -1468 0 *
Ve
1e-07
107.324387 -9.798321 0
0 0

0101101
*
Ed
 1e-07 1 1 0
1  557 0 0 0.100005999999993
0

0101000
+1468 0 -1466 0 *
Ve
1e-07
107.324387 -9.873321 0
0 0

0101101
*
Ed
 1e-07 1 1 0
1  558 0 0 0.0750000000000011
0

0101000
+1466 0 -1464 0 *
Ve
1e-07
104.349388 -9.873321 0
0 0

0101101
*
Ed
 1e-07 1 1 0
1  559 0 0 2.974999
0

0101000
+1464 0 -1462 0 *
Ve
1e-07
104.349388 -9.973322 0
0 0

0101101
*
Ed
 1e-07 1 1 0
1  560 0 0 0.100000999999999
0

0101000
+1462 0 -1460 0 *
Ve
1e-07
105.024391 -9.973322 0
0 0

0101101
*
Ed
 1e-07 1 1 0
1  561 0 0 0.67500299999999
0

0101000
+1460 0 -1458 0 *
Ve
1e-07
105.024391 -10.573322 0
0 0

0101101
*
Ed
 1e-07 1 1 0
1  562 0 0 0.6
0

0101000
+1458 0 -1456 0 *
Ve
1e-07
105.12439 -10.573322 0
0 0

0101101
*
Ed
 1e-07 1 1 0
1  563 0 0 0.0999990000000111
0

0101000
+1456 0 -1454 0 *
Ve
1e-07
105.12439 -9.973322 0
0 0

0101101
*
Ed
 1e-07 1 1 0
1  564 0 0 0.6
0

0101000
+1454 0 -1452 0 *
Ve
1e-07
107.324387 -9.973322 0
0 0

0101101
*
Ed
 1e-07 1 1 0
1  565 0 0 2.199997
0

0101000
+1452 0 -1450 0 *
Ve
1e-07
107.324387 -14.073322 0
0 0

0101101
*
Ed
 1e-07 1 1 0
1  566 0 0 4.1
0

0101000
+1450 0 -1448 0 *
Ve
1e-07
103.324387 -14.073322 0
0 0

0101101
*
Ed
 1e-07 1 1 0
1  567 0 0 4
0

0101000
+1448 0 -1446 0 *
Ve
1e-07
103.324387 -9.973322 0
0 0

0101101
*
Ed
 1e-07 1 1 0
1  568 0 0 4.1
0

0101000
+1446 0 -1444 0 *
Ve
1e-07
103.399391 -9.973322 0
0 0

0101101
*
Ed
 1e-07 1 1 0
1  569 0 0 0.0750039999999927
0

0101000
+1444 0 -1442 0 *
Ve
1e-07
103.399391 -9.873321 0
0 0

0101101
*
Ed
 1e-07 1 1 0
1  570 0 0 0.100000999999999
0

0101000
+1442 0 -1440 0 *
Ve
1e-07
102.199387 -9.873321 0
0 0

0101101
*
Ed
 1e-07 1 1 0
1  571 0 0 1.20000399999999
0

0101000
+1440 0 -1438 0 *
Ve
1e-07
102.199387 -9.973322 0
0 0

0101101
*
Ed
 1e-07 1 1 0
1  572 0 0 0.100000999999999
0

0101000
+1438 0 -1436 0 *
Ve
1e-07
102.274391 -9.973322 0
0 0

0101101
*
Ed
 1e-07 1 1 0
1  573 0 0 0.0750039999999927
0

0101000
+1436 0 -1434 0 *
Ve
1e-07
102.274391 -11.223322 0
0 0

0101101
*
Ed
 1e-07 1 1 0
1  574 0 0 1.25
0

0101000
+1434 0 -1432 0 *
Ve
1e-07
102.924393 -11.223322 0
0 0

0101101
*
Ed
 1e-07 1 1 0
1  575 0 0 0.650002000000001
0

0101000
+1432 0 -1430 0 *
Ve
1e-07
102.924393 -14.073322 0
0 0

0101101
*
Ed
 1e-07 1 1 0
1  576 0 0 2.85
0

0101000
+1430 0 -1428 0 *
Ve
1e-07
102.420174 -14.073322 0
0 0

0101101
*
Ed
 1e-07 1 1 0
1  577 0 0 0.504218999999992
0

0101000
+1428 0 -1426 0 *
Ve
1e-07
102.420174 -14.368322 0
0 0

0101101
*
Ed
 1e-07 1 1 0
1  578 0 0 0.295
0

0101000
+1426 0 -1424 0 *
Ve
1e-07
102.080177 -14.368322 0
0 0

0101101
*
Ed
 1e-07 1 1 0
1  579 0 0 0.339996999999997
0

0101000
+1424 0 -1422 0 *
Ve
1e-07
102.080177 -12.598321 0
0 0

0101101
*
Ed
 1e-07 1 1 0
1  580 0 0 1.770001
0

0101000
+1422 0 -1420 0 *
Ve
1e-07
100.424393 -12.598321 0
0 0

0101101
*
Ed
 1e-07 1 1 0
1  581 0 0 1.65578400000001
0

0101000
+1420 0 -1418 0 *
Ve
1e-07
100.424393 -9.973322 0
0 0

0101101
*
Ed
 1e-07 1 1 0
1  582 0 0 2.624999
0

0101000
+1418 0 -1416 0 *
Ve
1e-07
101.24939 -9.973322 0
0 0

0101101
*
Ed
 1e-07 1 1 0
1  583 0 0 0.82499700000001
0

0101000
+1416 0 -1414 0 *
Ve
1e-07
101.24939 -9.873321 0
0 0

0101101
*
Ed
 1e-07 1 1 0
1  584 0 0 0.100000999999999
0

0101000
+1414 0 -1412 0 *
Ve
1e-07
100.324387 -9.873321 0
0 0

0101101
*
Ed
 1e-07 1 1 0
1  585 0 0 0.925003000000004
0

0101000
+1412 0 -1410 0 *
Ve
1e-07
100.324387 -12.598321 0
0 0

0101101
*
Ed
 1e-07 1 1 0
1  586 0 0 2.725
0

0101000
+1410 0 -1408 0 *
Ve
1e-07
96.12439 -12.598321 0
0 0

0101101
*
Ed
 1e-07 1 1 0
1  587 0 0 4.199997
0

0101000
+1408 0 -1406 0 *
Ve
1e-07
96.12439 -6.373321 0
0 0

0101101
*
Ed
 1e-07 1 1 0
1  588 0 0 6.225
0

0101000
+1406 0 -1404 0 *
Ve
1e-07
96.674393 -6.373321 0
0 0

0101101
*
Ed
 1e-07 1 1 0
1  589 0 0 0.55000299999999
0

0101000
+1404 0 -1402 0 *
Ve
1e-07
96.674393 -5.273321 0
0 0

0101101
*
Ed
 1e-07 1 1 0
1  590 0 0 1.1
0

0101000
+1402 0 -1400 0 *
Ve
1e-07
96.474388 -5.273321 0
0 0

0101101
*
Ed
 1e-07 1 1 0
1  591 0 0 0.20000499999999
0

0101000
+1400 0 -1398 0 *
Ve
1e-07
96.474388 -5.473321 0
0 0

0101101
*
Ed
 1e-07 1 1 0
1  592 0 0 0.2
0

0101000
+1398 0 -1396 0 *
Ve
1e-07
95.851891 -5.473321 0
0 0

0101101
*
Ed
 1e-07 1 1 0
1  593 0 0 0.62249700000001
0

0101000
+1396 0 -1394 0 *
Ve
1e-07
95.851891 -5.673321 0
0 0

0101101
*
Ed
 1e-07 1 1 0
1  594 0 0 0.199999999999999
0

0101000
+1394 0 -1392 0 *
Ve
1e-07
95.924393 -5.673321 0
0 0

0101101
*
Ed
 1e-07 1 1 0
1  595 0 0 0.0725020000000001
0

0101000
+1392 0 -1390 0 *
Ve
1e-07
95.924393 -8.273321 0
0 0

0101101
*
Ed
 1e-07 1 1 0
1  596 0 0 2.6
0

0101000
+1390 0 -1388 0 *
Ve
1e-07
95.724388 -8.273321 0
0 0

0101101
*
Ed
 1e-07 1 1 0
1  597 0 0 0.20000499999999
0

0101000
+1388 0 -1386 0 *
Ve
1e-07
95.724388 -12.598321 0
0 0

0101101
*
Ed
 1e-07 1 1 0
1  598 0 0 4.325
0

0101000
+1386 0 -1384 0 *
Ve
1e-07
91.924393 -12.598321 0
0 0

0101101
*
Ed
 1e-07 1 1 0
1  599 0 0 3.79999500000001
0

0101000
+1384 0 -1382 0 *
Ve
1e-07
91.924393 -8.273321 0
0 0

0101101
*
Ed
 1e-07 1 1 0
1  600 0 0 4.325
0

0101000
+1382 0 -1380 0 *
Ve
1e-07
89.449387 -8.273321 0
0 0

0101101
*
Ed
 1e-07 1 1 0
1  601 0 0 2.47500599999999
0

0101000
+1380 0 -1378 0 *
Ve
1e-07
89.449387 -8.373321 0
0 0

0101101
*
Ed
 1e-07 1 1 0
1  602 0 0 0.100000000000001
0

0101000
+1378 0 -1376 0 *
Ve
1e-07
89.524391 -8.373321 0
0 0

0101101
*
Ed
 1e-07 1 1 0
1  603 0 0 0.0750039999999927
0

0101000
+1376 0 -1374 0 *
Ve
1e-07
89.524391 -8.973322 0
0 0

0101101
*
Ed
 1e-07 1 1 0
1  604 0 0 0.600000999999999
0

0101000
+1374 0 -1372 0 *
Ve
1e-07
89.62439 -8.973322 0
0 0

0101101
*
Ed
 1e-07 1 1 0
1  605 0 0 0.0999990000000111
0

0101000
+1372 0 -1370 0 *
Ve
1e-07
89.62439 -8.373321 0
0 0

0101101
*
Ed
 1e-07 1 1 0
1  606 0 0 0.600000999999999
0

0101000
+1370 0 -1368 0 *
Ve
1e-07
91.724388 -8.373321 0
0 0

0101101
*
Ed
 1e-07 1 1 0
1  607 0 0 2.099998
0

0101000
+1368 0 -1366 0 *
Ve
1e-07
91.724388 -9.073322 0
0 0

0101101
*
Ed
 1e-07 1 1 0
1  608 0 0 0.700000999999999
0

0101000
+1366 0 -1364 0 *
Ve
1e-07
91.824387 -9.073322 0
0 0

0101101
*
Ed
 1e-07 1 1 0
1  609 0 0 0.0999989999999968
0

0101000
+1364 0 -1362 0 *
Ve
1e-07
91.824387 -12.598321 0
0 0

0101101
*
Ed
 1e-07 1 1 0
1  610 0 0 3.524999
0

0101000
+1362 0 -1360 0 *
Ve
1e-07
88.424393 -12.598321 0
0 0

0101101
*
Ed
 1e-07 1 1 0
1  611 0 0 3.39999400000001
0

0101000
+1360 0 -1358 0 *
Ve
1e-07
88.424393 -8.373321 0
0 0

0101101
*
Ed
 1e-07 1 1 0
1  612 0 0 4.225
0

0101000
+1358 0 -1356 0 *
Ve
1e-07
88.49939 -8.373321 0
0 0

0101101
*
Ed
 1e-07 1 1 0
1  613 0 0 0.0749970000000104
0

0101000
+1356 0 -1354 0 *
Ve
1e-07
88.49939 -8.273321 0
0 0

0101101
*
Ed
 1e-07 1 1 0
1  614 0 0 0.100000000000001
0

0101000
+1354 0 -1352 0 *
Ve
1e-07
88.024391 -8.273321 0
0 0

0101101
*
Ed
 1e-07 1 1 0
1  615 0 0 0.474999000000011
0

0101000
+1352 0 -1350 0 *
Ve
1e-07
88.024391 -8.373321 0
0 0

0101101
*
Ed
 1e-07 1 1 0
1  616 0 0 0.100000000000001
0

0101000
+1350 0 -1348 0 *
Ve
1e-07
88.324387 -8.373321 0
0 0

0101101
*
Ed
 1e-07 1 1 0
1  617 0 0 0.299996000000007
0

0101000
+1348 0 -1346 0 *
Ve
1e-07
88.324387 -9.203322 0
0 0

0101101
*
Ed
 1e-07 1 1 0
1  618 0 0 0.830000999999999
0

0101000
+1346 0 -1344 0 *
Ve
1e-07
88.024391 -9.203322 0
0 0

0101101
*
Ed
 1e-07 1 1 0
1  619 0 0 0.299996000000007
0

0101000
+1344 0 -1342 0 *
Ve
1e-07
88.024391 -12.598321 0
0 0

0101101
*
Ed
 1e-07 1 1 0
1  620 0 0 3.394999
0

0101000
+1342 0 -1340 0 *
Ve
1e-07
84.574387 -12.598321 0
0 0

0101101
*
Ed
 1e-07 1 1 0
1  621 0 0 3.45000399999999
0

0101000
+1340 0 -1338 0 *
Ve
1e-07
84.574387 -8.373321 0
0 0

0101101
*
Ed
 1e-07 1 1 0
1  622 0 0 4.225
0

0101000
+1338 0 -1336 0 *
Ve
1e-07
85.174393 -8.373321 0
0 0

0101101
*
Ed
 1e-07 1 1 0
1  623 0 0 0.600005999999993
0

0101000
+1336 0 -1334 0 *
Ve
1e-07
85.174393 -8.273321 0
0 0

0101101
*
Ed
 1e-07 1 1 0
1  624 0 0 0.100000000000001
0

0101000
+1334 0 -1332 0 *
Ve
1e-07
84.574387 -8.273321 0
0 0

0101101
*
Ed
 1e-07 1 1 0
1  625 0 0 0.600005999999993
0

0101000
+1332 0 -1330 0 *
Ve
1e-07
84.574387 -7.173321 0
0 0

0101101
*
Ed
 1e-07 1 1 0
1  626 0 0 1.1
0

0101000
+1330 0 -1328 0 *
Ve
1e-07
85.24939 -7.173321 0
0 0

0101101
*
Ed
 1e-07 1 1 0
1  627 0 0 0.675003000000004
0

0101000
+1328 0 -1326 0 *
Ve
1e-07
85.24939 -7.073322 0
0 0

0101101
*
Ed
 1e-07 1 1 0
1  628 0 0 0.0999989999999995
0

0101000
+1326 0 -1324 0 *
Ve
1e-07
84.674393 -7.073322 0
0 0

0101101
*
Ed
 1e-07 1 1 0
1  629 0 0 0.57499700000001
0

0101000
+1324 0 -1322 0 *
Ve
1e-07
84.674393 -4.573321 0
0 0

0101101
*
Ed
 1e-07 1 1 0
1  630 0 0 2.500001
0

0101000
+1322 0 -1320 0 *
Ve
1e-07
86.37439 -4.573321 0
0 0

0101101
*
Ed
 1e-07 1 1 0
1  631 0 0 1.69999700000001
0

0101000
+1320 0 -1318 0 *
Ve
1e-07
86.37439 -7.073322 0
0 0

0101101
*
Ed
 1e-07 1 1 0
1  632 0 0 2.500001
0

0101000
+1318 0 -1316 0 *
Ve
1e-07
86.099388 -7.073322 0
0 0

0101101
*
Ed
 1e-07 1 1 0
1  633 0 0 0.275002000000001
0

0101000
+1316 0 -1314 0 *
Ve
1e-07
86.099388 -7.173321 0
0 0

0101101
*
Ed
 1e-07 1 1 0
1  634 0 0 0.0999989999999995
0

0101000
+1314 0 -1312 0 *
Ve
1e-07
86.824387 -7.173321 0
0 0

0101101
*
Ed
 1e-07 1 1 0
1  635 0 0 0.724998999999997
0

0101000
+1312 0 -1310 0 *
Ve
1e-07
86.824387 -8.273321 0
0 0

0101101
*
Ed
 1e-07 1 1 0
1  636 0 0 1.1
0

0101000
+1310 0 -1308 0 *
Ve
1e-07
86.224388 -8.273321 0
0 0

0101101
*
Ed
 1e-07 1 1 0
1  637 0 0 0.599998999999997
0

0101000
+1308 0 -1306 0 *
Ve
1e-07
86.224388 -8.373321 0
0 0

0101101
*
Ed
 1e-07 1 1 0
1  638 0 0 0.100000000000001
0

0101000
+1306 0 -1304 0 *
Ve
1e-07
87.074387 -8.373321 0
0 0

0101101
*
Ed
 1e-07 1 1 0
1  639 0 0 0.849998999999997
0

0101000
+1304 0 -1302 0 *
Ve
1e-07
87.074387 -8.273321 0
0 0

0101101
*
Ed
 1e-07 1 1 0
1  640 0 0 0.100000000000001
0

0101000
+1302 0 -1300 0 *
Ve
1e-07
86.924393 -8.273321 0
0 0

0101101
*
Ed
 1e-07 1 1 0
1  641 0 0 0.149994000000007
0

0101000
+1300 0 -1298 0 *
Ve
1e-07
86.924393 -7.173321 0
0 0

0101101
*
Ed
 1e-07 1 1 0
1  642 0 0 1.1
0

0101000
+1298 0 -1296 0 *
Ve
1e-07
87.149391 -7.173321 0
0 0

0101101
*
Ed
 1e-07 1 1 0
1  643 0 0 0.224997999999999
0

0101000
+1296 0 -1294 0 *
Ve
1e-07
87.149391 -7.073322 0
0 0

0101101
*
Ed
 1e-07 1 1 0
1  644 0 0 0.0999989999999995
0

0101000
+1294 0 -1292 0 *
Ve
1e-07
86.474388 -7.073322 0
0 0

0101101
*
Ed
 1e-07 1 1 0
1  645 0 0 0.67500299999999
0

0101000
+1292 0 -1290 0 *
Ve
1e-07
86.474388 -4.573321 0
0 0

0101101
*
Ed
 1e-07 1 1 0
1  646 0 0 2.500001
0

0101000
+1290 0 -1288 0 *
Ve
1e-07
88.074387 -4.573321 0
0 0

0101101
*
Ed
 1e-07 1 1 0
1  647 0 0 1.599999
0

0101000
+1288 0 -1286 0 *
Ve
1e-07
88.074387 -7.073322 0
0 0

0101101
*
Ed
 1e-07 1 1 0
1  648 0 0 2.500001
0

0101000
+1286 0 -1284 0 *
Ve
1e-07
87.99939 -7.073322 0
0 0

0101101
*
Ed
 1e-07 1 1 0
1  649 0 0 0.0749969999999962
0

0101000
+1284 0 -1282 0 *
Ve
1e-07
87.99939 -7.173321 0
0 0

0101101
*
Ed
 1e-07 1 1 0
1  650 0 0 0.0999989999999995
0

0101000
+1282 0 -1280 0 *
Ve
1e-07
88.174393 -7.173321 0
0 0

0101101
*
Ed
 1e-07 1 1 0
1  651 0 0 0.17500299999999
0

0101000
+1280 0 -1278 0 *
Ve
1e-07
88.174393 -5.473321 0
0 0

0101101
*
Ed
 1e-07 1 1 0
1  652 0 0 1.7
0

0101000
+1278 0 -1276 0 *
Ve
1e-07
89.274391 -5.473321 0
0 0

0101101
*
Ed
 1e-07 1 1 0
1  653 0 0 1.099998
0

0101000
+1276 0 -1274 0 *
Ve
1e-07
89.274391 -7.173321 0
0 0

0101101
*
Ed
 1e-07 1 1 0
1  654 0 0 1.7
0

0101000
+1274 0 -1272 0 *
Ve
1e-07
89.949387 -7.173321 0
0 0

0101101
*
Ed
 1e-07 1 1 0
1  655 0 0 0.674996000000007
0

0101000
+1272 0 -1270 0 *
Ve
1e-07
89.949387 -7.073322 0
0 0

0101101
*
Ed
 1e-07 1 1 0
1  656 0 0 0.0999989999999995
0

0101000
+1270 0 -1268 0 *
Ve
1e-07
89.37439 -7.073322 0
0 0

0101101
*
Ed
 1e-07 1 1 0
1  657 0 0 0.574996999999996
0

0101000
+1268 0 -1266 0 *
Ve
1e-07
89.37439 -5.473321 0
0 0

0101101
*
Ed
 1e-07 1 1 0
1  658 0 0 1.600001
0

0101000
+1266 0 -1264 0 *
Ve
1e-07
90.87439 -5.473321 0
0 0

0101101
*
Ed
 1e-07 1 1 0
1  659 0 0 1.5
0

0101000
+1264 0 -1262 0 *
Ve
1e-07
90.87439 -7.073322 0
0 0

0101101
*
Ed
 1e-07 1 1 0
1  660 0 0 1.600001
0

0101000
+1262 0 -1260 0 *
Ve
1e-07
90.799393 -7.073322 0
0 0

0101101
*
Ed
 1e-07 1 1 0
1  661 0 0 0.0749970000000104
0

0101000
+1260 0 -1258 0 *
Ve
1e-07
90.799393 -7.173321 0
0 0

0101101
*
Ed
 1e-07 1 1 0
1  662 0 0 0.0999989999999995
0

0101000
+1258 0 -1256 0 *
Ve
1e-07
91.924393 -7.173321 0
0 0

0101101
*
Ed
 1e-07 1 1 0
1  663 0 0 1.125
0

0101000
+1256 0 -1254 0 *
Ve
1e-07
91.924393 -7.073322 0
0 0

0101101
*
Ed
 1e-07 1 1 0
1  664 0 0 0.0999989999999995
0

0101000
+1254 0 -1252 0 *
Ve
1e-07
90.974388 -7.073322 0
0 0

0101101
*
Ed
 1e-07 1 1 0
1  665 0 0 0.95000499999999
0

0101000
+1252 0 -1250 0 *
Ve
1e-07
90.974388 -4.573321 0
0 0

0101101
*
Ed
 1e-07 1 1 0
1  666 0 0 2.500001
0

0101000
+1250 0 -1248 0 *
Ve
1e-07
94.474388 -4.573321 0
0 0

0101101
*
Ed
 1e-07 1 1 0
1  667 0 0 3.5
0

0101000
+1248 0 -1246 0 *
Ve
1e-07
94.474388 -5.673321 0
0 0

0101101
*
Ed
 1e-07 1 1 0
1  668 0 0 1.1
0

0101000
+1246 0 -1244 0 *
Ve
1e-07
94.751892 -5.673321 0
0 0

0101101
*
Ed
 1e-07 1 1 0
1  669 0 0 0.277503999999993
0

0101000
+1244 0 -1242 0 *
Ve
1e-07
94.751892 -5.473321 0
0 0

0101101
*
Ed
 1e-07 1 1 0
1  670 0 0 0.199999999999999
0

0101000
+1242 0 -1240 0 *
Ve
1e-07
94.674393 -5.473321 0
0 0

0101101
*
Ed
 1e-07 1 1 0
1  671 0 0 0.0774990000000031
0

0101000
+1240 0 -1238 0 *
Ve
1e-07
94.674393 -1.273321 0
0 0

0101101
*
Ed
 1e-07 1 1 0
1  672 0 0 4.2
0

0101000
+1238 0 -1236 0 *
Ve
1e-07
94.149391 -1.273321 0
0 0

0101101
*
Ed
 1e-07 1 1 0
1  673 0 0 0.525002000000001
0

0101000
+1236 0 -1234 0 *
Ve
1e-07
94.149391 -1.473321 0
0 0

0101101
*
Ed
 1e-07 1 1 0
1  674 0 0 0.2
0

0101000
+1234 0 -1232 0 *
Ve
1e-07
94.174393 -1.473321 0
0 0

0101101
*
Ed
 1e-07 1 1 0
1  675 0 0 0.0250020000000006
0

0101000
+1232 0 -1230 0 *
Ve
1e-07
94.174393 -2.173321 0
0 0

0101101
*
Ed
 1e-07 1 1 0
1  676 0 0 0.7
0

0101000
+1230 0 -1228 0 *
Ve
1e-07
93.274391 -2.173321 0
0 0

0101101
*
Ed
 1e-07 1 1 0
1  677 0 0 0.900002000000001
0

0101000
+1228 0 -1226 0 *
Ve
1e-07
93.274391 -1.473321 0
0 0

0101101
*
Ed
 1e-07 1 1 0
1  678 0 0 0.7
0

0101000
+1226 0 -1224 0 *
Ve
1e-07
93.299393 -1.473321 0
0 0

0101101
*
Ed
 1e-07 1 1 0
1  679 0 0 0.0250020000000006
0

0101000
+1224 0 -1222 0 *
Ve
1e-07
93.299393 -1.273321 0
0 0

0101101
*
Ed
 1e-07 1 1 0
1  680 0 0 0.2
0

0101000
+1222 0 -1220 0 *
Ve
1e-07
92.729393 -1.273321 0
0 0

0101101
*
Ed
 1e-07 1 1 0
1  681 0 0 0.569999999999993
0

0101000
+1220 0 -1218 0 *
Ve
1e-07
92.729393 -1.473321 0
0 0

0101101
*
Ed
 1e-07 1 1 0
1  682 0 0 0.2
0

0101000
+1218 0 -1216 0 *
Ve
1e-07
92.924393 -1.473321 0
0 0

0101101
*
Ed
 1e-07 1 1 0
1  683 0 0 0.194999999999993
0

0101000
+1216 0 -1214 0 *
Ve
1e-07
92.924393 -2.523321 0
0 0

0101101
*
Ed
 1e-07 1 1 0
1  684 0 0 1.05
0

0101000
+1214 0 -1212 0 *
Ve
1e-07
94.174393 -2.523321 0
0 0

0101101
*
Ed
 1e-07 1 1 0
1  685 0 0 1.25
0

0101000
+1212 0 -1210 0 *
Ve
1e-07
94.174393 -4.173321 0
0 0

0101101
*
Ed
 1e-07 1 1 0
1  686 0 0 1.65
0

0101000
+1210 0 -1208 0 *
Ve
1e-07
92.024391 -4.173321 0
0 0

0101101
*
Ed
 1e-07 1 1 0
1  687 0 0 2.150002
0

0101000
+1208 0 -1206 0 *
Ve
1e-07
92.024391 -3.723321 0
0 0

0101101
*
Ed
 1e-07 1 1 0
1  688 0 0 0.45
0

0101000
+1206 0 -1204 0 *
Ve
1e-07
90.37439 -3.723321 0
0 0

0101101
*
Ed
 1e-07 1 1 0
1  689 0 0 1.65000099999999
0

0101000
+1204 0 -1202 0 *
Ve
1e-07
90.37439 -1.473321 0
0 0

0101101
*
Ed
 1e-07 1 1 0
1  690 0 0 2.25
0

0101000
+1202 0 -1200 0 *
Ve
1e-07
91.629387 -1.473321 0
0 0

0101101
*
Ed
 1e-07 1 1 0
1  691 0 0 1.25499699999999
0

0101000
+1200 0 -1198 0 *
Ve
1e-07
91.629387 -1.273321 0
0 0

0101101
*
Ed
 1e-07 1 1 0
1  692 0 0 0.2
0

0101000
+1198 0 -1196 0 *
Ve
1e-07
90.574387 -1.273321 0
0 0

0101101
*
Ed
 1e-07 1 1 0
1  693 0 0 1.05499999999999
0

0101000
+1196 0 -1194 0 *
Ve
1e-07
90.574387 -0.973321 0
0 0

0101101
*
Ed
 1e-07 1 1 0
1  694 0 0 0.3
0

0101000
+1194 0 -1192 0 *
Ve
1e-07
90.37439 -0.973321 0
0 0

0101101
*
Ed
 1e-07 1 1 0
1  695 0 0 0.199996999999996
0

0101000
+1192 0 -1190 0 *
Ve
1e-07
90.37439 -1.273321 0
0 0

0101101
*
Ed
 1e-07 1 1 0
1  696 0 0 0.3
0

0101000
+1190 0 -1188 0 *
Ve
1e-07
90.074387 -1.273321 0
0 0

0101101
*
Ed
 1e-07 1 1 0
1  697 0 0 0.300003000000004
0

0101000
+1188 0 -1186 0 *
Ve
1e-07
90.074387 -1.373323 0
0 0

0101101
*
Ed
 1e-07 1 1 0
1  698 0 0 0.100002
0

0101000
+1186 0 -1184 0 *
Ve
1e-07
89.37439 -1.373323 0
0 0

0101101
*
Ed
 1e-07 1 1 0
1  699 0 0 0.699996999999996
0

0101000
+1184 0 -1182 0 *
Ve
1e-07
89.37439 -1.571323 0
0 0

0101101
*
Ed
 1e-07 1 1 0
1  700 0 0 0.198
0

0101000
+1182 0 -1180 0 *
Ve
1e-07
87.974388 -1.571323 0
0 0

0101101
*
Ed
 1e-07 1 1 0
1  701 0 0 1.400002
0

0101000
+1180 0 -1178 0 *
Ve
1e-07
87.974388 -1.373323 0
0 0

0101101
*
Ed
 1e-07 1 1 0
1  702 0 0 0.198
0

0101000
+1178 0 -1176 0 *
Ve
1e-07
86.37439 -1.373323 0
0 0

0101101
*
Ed
 1e-07 1 1 0
1  703 0 0 1.599998
0

0101000
+1176 0 -1174 0 *
Ve
1e-07
86.37439 -1.571323 0
0 0

0101101
*
Ed
 1e-07 1 1 0
1  704 0 0 0.198
0

0101000
+1174 0 -1172 0 *
Ve
1e-07
84.974388 -1.571323 0
0 0

0101101
*
Ed
 1e-07 1 1 0
1  705 0 0 1.400002
0

0101000
+1172 0 -1170 0 *
Ve
1e-07
84.974388 -1.373323 0
0 0

0101101
*
Ed
 1e-07 1 1 0
1  706 0 0 0.198
0

0101000
+1170 0 -1168 0 *
Ve
1e-07
83.37439 -1.373323 0
0 0

0101101
*
Ed
 1e-07 1 1 0
1  707 0 0 1.599998
0

0101000
+1168 0 -1166 0 *
Ve
1e-07
83.37439 -1.571323 0
0 0

0101101
*
Ed
 1e-07 1 1 0
1  708 0 0 0.198
0

0101000
+1166 0 -1164 0 *
Ve
1e-07
81.974388 -1.571323 0
0 0

0101101
*
Ed
 1e-07 1 1 0
1  709 0 0 1.400002
0

0101000
+1164 0 -1162 0 *
Ve
1e-07
81.974388 -1.373323 0
0 0

0101101
*
Ed
 1e-07 1 1 0
1  710 0 0 0.198
0

0101000
+1162 0 -1160 0 *
Ve
1e-07
81.274391 -1.373323 0
0 0

0101101
*
Ed
 1e-07 1 1 0
1  711 0 0 0.69999700000001
0

0101000
+1160 0 -1158 0 *
Ve
1e-07
81.274391 -1.273321 0
0 0

0101101
*
Ed
 1e-07 1 1 0
1  712 0 0 0.100002
0

0101000
+1158 0 -1156 0 *
Ve
1e-07
80.974388 -1.273321 0
0 0

0101101
*
Ed
 1e-07 1 1 0
1  713 0 0 0.30000299999999
0

0101000
+1156 0 -1154 0 *
Ve
1e-07
80.974388 -1.122668 0
0 0

0101101
*
Ed
 1e-07 1 1 0
1  714 0 0 0.150653
0

0101000
+1154 0 -1152 0 *
Ve
1e-07
80.774391 -1.122668 0
0 0

0101101
*
Ed
 1e-07 1 1 0
1  715 0 0 0.19999700000001
0

0101000
+1152 0 -1150 0 *
Ve
1e-07
80.774391 -1.973321 0
0 0

0101101
*
Ed
 1e-07 1 1 0
1  716 0 0 0.850653
0

0101000
+1150 0 -1148 0 *
Ve
1e-07
80.47438 -1.973321 0
0 0

0101101
*
Ed
 1e-07 1 1 0
1  717 0 0 0.300010999999998
0

0101000
+1148 0 -1146 0 *
Ve
1e-07
80.47438 -2.173321 0
0 0

0101101
*
Ed
 1e-07 1 1 0
1  718 0 0 0.2
0

0101000
+1146 0 -1144 0 *
Ve
1e-07
80.574387 -2.173321 0
0 0

0101101
*
Ed
 1e-07 1 1 0
1  719 0 0 0.100007000000005
0

0101000
+1144 0 -1142 0 *
Ve
1e-07
80.574387 -5.273321 0
0 0

0101101
*
Ed
 1e-07 1 1 0
1  720 0 0 3.1
0

0101000
+1142 0 -1140 0 *
Ve
1e-07
80.674393 -5.273321 0
0 0

0101101
*
Ed
 1e-07 1 1 0
1  721 0 0 0.100005999999993
0

0101000
+1140 0 -1138 0 *
Ve
1e-07
80.674393 -4.573321 0
0 0

0101101
*
Ed
 1e-07 1 1 0
1  722 0 0 0.7
0

0101000
+1138 0 -1136 0 *
Ve
1e-07
83.564392 -4.573321 0
0 0

0101101
*
Ed
 1e-07 1 1 0
1  723 0 0 2.889999
0

0101000
+1136 0 -1134 0 *
Ve
1e-07
83.564392 -5.023321 0
0 0

0101101
*
Ed
 1e-07 1 1 0
1  724 0 0 0.45
0

0101000
+1134 0 -1132 0 *
Ve
1e-07
84.174393 -5.023321 0
0 0

0101101
*
Ed
 1e-07 1 1 0
1  725 0 0 0.610000999999997
0

0101000
+1132 0 -1130 0 *
Ve
1e-07
84.174393 -12.598321 0
0 0

0101101
*
Ed
 1e-07 1 1 0
1  726 0 0 7.575
0

0101000
+1130 0 -1128 0 *
Ve
1e-07
80.37439 -12.598321 0
0 0

0101101
*
Ed
 1e-07 1 1 0
1  727 0 0 3.80000299999999
0

0101000
+1128 0 -1126 0 *
Ve
1e-07
80.37439 -7.373321 0
0 0

0101101
*
Ed
 1e-07 1 1 0
1  728 0 0 5.225
0

0101000
+1126 0 -1124 0 *
Ve
1e-07
77.899391 -7.373321 0
0 0

0101101
*
Ed
 1e-07 1 1 0
1  729 0 0 2.47499900000001
0

0101000
+1124 0 -1122 0 *
Ve
1e-07
77.899391 -7.473321 0
0 0

0101101
*
Ed
 1e-07 1 1 0
1  730 0 0 0.100000000000001
0

0101000
+1122 0 -1120 0 *
Ve
1e-07
77.974388 -7.473321 0
0 0

0101101
*
Ed
 1e-07 1 1 0
1  731 0 0 0.0749970000000104
0

0101000
+1120 0 -1118 0 *
Ve
1e-07
77.974388 -8.073322 0
0 0

0101101
*
Ed
 1e-07 1 1 0
1  732 0 0 0.600000999999999
0

0101000
+1118 0 -1116 0 *
Ve
1e-07
78.074387 -8.073322 0
0 0

0101101
*
Ed
 1e-07 1 1 0
1  733 0 0 0.0999989999999968
0

0101000
+1116 0 -1114 0 *
Ve
1e-07
78.074387 -7.473321 0
0 0

0101101
*
Ed
 1e-07 1 1 0
1  734 0 0 0.600000999999999
0

0101000
+1114 0 -1112 0 *
Ve
1e-07
80.274391 -7.473321 0
0 0

0101101
*
Ed
 1e-07 1 1 0
1  735 0 0 2.20000399999999
0

0101000
+1112 0 -1110 0 *
Ve
1e-07
80.274391 -12.598321 0
0 0

0101101
*
Ed
 1e-07 1 1 0
1  736 0 0 5.125
0

0101000
+1110 0 -1108 0 *
Ve
1e-07
76.87439 -12.598321 0
0 0

0101101
*
Ed
 1e-07 1 1 0
1  737 0 0 3.40000099999999
0

0101000
+1108 0 -1106 0 *
Ve
1e-07
76.87439 -7.473321 0
0 0

0101101
*
Ed
 1e-07 1 1 0
1  738 0 0 5.125
0

0101000
+1106 0 -1104 0 *
Ve
1e-07
76.949387 -7.473321 0
0 0

0101101
*
Ed
 1e-07 1 1 0
1  739 0 0 0.0749969999999962
0

0101000
+1104 0 -1102 0 *
Ve
1e-07
76.949387 -7.373321 0
0 0

0101101
*
Ed
 1e-07 1 1 0
1  740 0 0 0.100000000000001
0

0101000
+1102 0 -1100 0 *
Ve
1e-07
76.524391 -7.373321 0
0 0

0101101
*
Ed
 1e-07 1 1 0
1  741 0 0 0.424996000000007
0

0101000
+1100 0 -1098 0 *
Ve
1e-07
76.524391 -7.473321 0
0 0

0101101
*
Ed
 1e-07 1 1 0
1  742 0 0 0.100000000000001
0

0101000
+1098 0 -1096 0 *
Ve
1e-07
76.774391 -7.473321 0
0 0

0101101
*
Ed
 1e-07 1 1 0
1  743 0 0 0.25
0

0101000
+1096 0 -1094 0 *
Ve
1e-07
76.774391 -8.673321 0
0 0

0101101
*
Ed
 1e-07 1 1 0
1  744 0 0 1.2
0

0101000
+1094 0 -1092 0 *
Ve
1e-07
76.474388 -8.673321 0
0 0

0101101
*
Ed
 1e-07 1 1 0
1  745 0 0 0.30000299999999
0

0101000
+1092 0 -1090 0 *
Ve
1e-07
76.474388 -12.598321 0
0 0

0101101
*
Ed
 1e-07 1 1 0
1  746 0 0 3.925
0

0101000
+1090 0 -1088 0 *
Ve
1e-07
72.924393 -12.598321 0
0 0

0101101
*
Ed
 1e-07 1 1 0
1  747 0 0 3.54999500000001
0

0101000
+1088 0 -1086 0 *
Ve
1e-07
72.924393 -8.673321 0
0 0

0101101
*
Ed
 1e-07 1 1 0
1  748 0 0 3.925
0

0101000
+1086 0 -1084 0 *
Ve
1e-07
73.62439 -8.673321 0
0 0

0101101
*
Ed
 1e-07 1 1 0
1  749 0 0 0.69999700000001
0

0101000
+1084 0 -1082 0 *
Ve
1e-07
73.62439 -8.573322 0
0 0

0101101
*
Ed
 1e-07 1 1 0
1  750 0 0 0.0999990000000004
0

0101000
+1082 0 -1080 0 *
Ve
1e-07
72.924393 -8.573322 0
0 0

0101101
*
Ed
 1e-07 1 1 0
1  751 0 0 0.69999700000001
0

0101000
+1080 0 -1078 0 *
Ve
1e-07
72.924393 -7.473321 0
0 0

0101101
*
Ed
 1e-07 1 1 0
1  752 0 0 1.100001
0

0101000
+1078 0 -1076 0 *
Ve
1e-07
73.699387 -7.473321 0
0 0

0101101
*
Ed
 1e-07 1 1 0
1  753 0 0 0.774994000000007
0

0101000
+1076 0 -1074 0 *
Ve
1e-07
73.699387 -7.373321 0
0 0

0101101
*
Ed
 1e-07 1 1 0
1  754 0 0 0.100000000000001
0

0101000
+1074 0 -1072 0 *
Ve
1e-07
72.924393 -7.373321 0
0 0

0101101
*
Ed
 1e-07 1 1 0
1  755 0 0 0.774994000000007
0

0101000
+1072 0 -1070 0 *
Ve
1e-07
72.924393 -4.573331 0
0 0

0101101
*
Ed
 1e-07 1 1 0
1  756 0 0 2.79999
0

0101000
+1070 0 -1068 0 *
Ve
1e-07
72.724388 -4.573331 0
0 0

0101101
*
Ed
 1e-07 1 1 0
1  757 0 0 0.20000499999999
0

0101000
+1068 0 -1066 0 *
Ve
1e-07
72.724388 -7.073322 0
0 0

0101101
*
Ed
 1e-07 1 1 0
1  758 0 0 2.499991
0

0101000
+1066 0 -1064 0 *
Ve
1e-07
71.949387 -7.073322 0
0 0

0101101
*
Ed
 1e-07 1 1 0
1  759 0 0 0.775001000000003
0

0101000
+1064 0 -1062 0 *
Ve
1e-07
71.949387 -7.173321 0
0 0

0101101
*
Ed
 1e-07 1 1 0
1  760 0 0 0.0999989999999995
0

0101000
+1062 0 -1060 0 *
Ve
1e-07
72.724388 -7.173321 0
0 0

0101101
*
Ed
 1e-07 1 1 0
1  761 0 0 0.775001000000003
0

0101000
+1060 0 -1058 0 *
Ve
1e-07
72.724388 -8.273321 0
0 0

0101101
*
Ed
 1e-07 1 1 0
1  762 0 0 1.1
0

0101000
+1058 0 -1056 0 *
Ve
1e-07
72.12439 -8.273321 0
0 0

0101101
*
Ed
 1e-07 1 1 0
1  763 0 0 0.599997999999999
0

0101000
+1056 0 -1054 0 *
Ve
1e-07
72.12439 -8.373321 0
0 0

0101101
*
Ed
 1e-07 1 1 0
1  764 0 0 0.100000000000001
0

0101000
+1054 0 -1052 0 *
Ve
1e-07
72.724388 -8.373321 0
0 0

0101101
*
Ed
 1e-07 1 1 0
1  765 0 0 0.599997999999999
0

0101000
+1052 0 -1050 0 *
Ve
1e-07
72.724388 -12.598321 0
0 0

0101101
*
Ed
 1e-07 1 1 0
1  766 0 0 4.225
0

0101000
+1050 0 -1048 0 *
Ve
1e-07
69.174393 -12.598321 0
0 0

0101101
*
Ed
 1e-07 1 1 0
1  767 0 0 3.54999500000001
0

0101000
+1048 0 -1046 0 *
Ve
1e-07
69.174393 -9.203322 0
0 0

0101101
*
Ed
 1e-07 1 1 0
1  768 0 0 3.394999
0

0101000
+1046 0 -1044 0 *
Ve
1e-07
68.87439 -9.203322 0
0 0

0101101
*
Ed
 1e-07 1 1 0
1  769 0 0 0.30000299999999
0

0101000
+1044 0 -1042 0 *
Ve
1e-07
68.87439 -8.373321 0
0 0

0101101
*
Ed
 1e-07 1 1 0
1  770 0 0 0.830000999999999
0

0101000
+1042 0 -1040 0 *
Ve
1e-07
69.174393 -8.373321 0
0 0

0101101
*
Ed
 1e-07 1 1 0
1  771 0 0 0.30000299999999
0

0101000
+1040 0 -1038 0 *
Ve
1e-07
69.174393 -8.273321 0
0 0

0101101
*
Ed
 1e-07 1 1 0
1  772 0 0 0.100000000000001
0

0101000
+1038 0 -1036 0 *
Ve
1e-07
68.699387 -8.273321 0
0 0

0101101
*
Ed
 1e-07 1 1 0
1  773 0 0 0.475005999999993
0

0101000
+1036 0 -1034 0 *
Ve
1e-07
68.699387 -8.373321 0
0 0

0101101
*
Ed
 1e-07 1 1 0
1  774 0 0 0.100000000000001
0

0101000
+1034 0 -1032 0 *
Ve
1e-07
68.774391 -8.373321 0
0 0

0101101
*
Ed
 1e-07 1 1 0
1  775 0 0 0.0750039999999927
0

0101000
+1032 0 -1030 0 *
Ve
1e-07
68.774391 -12.598321 0
0 0

0101101
*
Ed
 1e-07 1 1 0
1  776 0 0 4.225
0

0101000
+1030 0 -1028 0 *
Ve
1e-07
65.37439 -12.598321 0
0 0

0101101
*
Ed
 1e-07 1 1 0
1  777 0 0 3.40000099999999
0

0101000
+1028 0 -1026 0 *
Ve
1e-07
65.37439 -9.073322 0
0 0

0101101
*
Ed
 1e-07 1 1 0
1  778 0 0 3.524999
0

0101000
+1026 0 -1024 0 *
Ve
1e-07
65.474388 -9.073322 0
0 0

0101101
*
Ed
 1e-07 1 1 0
1  779 0 0 0.0999979999999994
0

0101000
+1024 0 -1022 0 *
Ve
1e-07
65.474388 -8.373321 0
0 0

0101101
*
Ed
 1e-07 1 1 0
1  780 0 0 0.700000999999999
0

0101000
+1022 0 -1020 0 *
Ve
1e-07
67.574387 -8.373321 0
0 0

0101101
*
Ed
 1e-07 1 1 0
1  781 0 0 2.099999
0

0101000
+1020 0 -1018 0 *
Ve
1e-07
67.574387 -8.973322 0
0 0

0101101
*
Ed
 1e-07 1 1 0
1  782 0 0 0.600000999999999
0

0101000
+1018 0 -1016 0 *
Ve
1e-07
67.674393 -8.973322 0
0 0

0101101
*
Ed
 1e-07 1 1 0
1  783 0 0 0.100005999999993
0

0101000
+1016 0 -1014 0 *
Ve
1e-07
67.674393 -8.373321 0
0 0

0101101
*
Ed
 1e-07 1 1 0
1  784 0 0 0.600000999999999
0

0101000
+1014 0 -1012 0 *
Ve
1e-07
67.74939 -8.373321 0
0 0

0101101
*
Ed
 1e-07 1 1 0
1  785 0 0 0.0749970000000104
0

0101000
+1012 0 -1010 0 *
Ve
1e-07
67.74939 -8.273321 0
0 0

0101101
*
Ed
 1e-07 1 1 0
1  786 0 0 0.100000000000001
0

0101000
+1010 0 -1008 0 *
Ve
1e-07
65.274391 -8.273321 0
0 0

0101101
*
Ed
 1e-07 1 1 0
1  787 0 0 2.47499900000001
0

0101000
+1008 0 -1006 0 *
Ve
1e-07
65.274391 -12.598321 0
0 0

0101101
*
Ed
 1e-07 1 1 0
1  788 0 0 4.325
0

0101000
+1006 0 -1004 0 *
Ve
1e-07
62.120174 -12.598321 0
0 0

0101101
*
Ed
 1e-07 1 1 0
1  789 0 0 3.154217
0

0101000
+1004 0 -1002 0 *
Ve
1e-07
62.120174 -18.823322 0
0 0

0101101
*
Ed
 1e-07 1 1 0
1  790 0 0 6.225001
0

0101000
+1002 0 -1000 0 *
Ve
1e-07
60.12439 -18.823322 0
0 0

0101101
*
Ed
 1e-07 1 1 0
1  791 0 0 1.995784
0

0101000
+1000 0 -998 0 *
Ve
1e-07
60.12439 -17.884321 0
0 0

0101101
*
Ed
 1e-07 1 1 0
1  792 0 0 0.939001000000001
0

0101000
+998 0 -996 0 *
Ve
1e-07
60.399391 -17.884321 0
0 0

0101101
*
Ed
 1e-07 1 1 0
1  793 0 0 0.275001000000003
0

0101000
+996 0 -994 0 *
Ve
1e-07
60.399391 -17.814322 0
0 0

0101101
*
Ed
 1e-07 1 1 0
1  794 0 0 0.0699989999999993
0

0101000
+994 0 -992 0 *
Ve
1e-07
60.194389 -17.814322 0
0 0

0101101
*
Ed
 1e-07 1 1 0
1  795 0 0 0.205002
0

0101000
+992 0 -990 0 *
Ve
1e-07
60.194389 -11.773321 0
0 0

0101101
*
Ed
 1e-07 1 1 0
1  796 0 0 6.041001
0

0101000
+990 0 -988 0 *
Ve
1e-07
60.12439 -11.773321 0
0 0

0101101
*
Ed
 1e-07 1 1 0
1  797 0 0 0.0699990000000028
0

0101000
+988 0 -986 0 *
Ve
1e-07
60.12439 -10.623321 0
0 0

0101101
*
Ed
 1e-07 1 1 0
1  798 0 0 1.15
0

0101000
+986 0 -984 0 *
Ve
1e-07
58.274391 -10.623321 0
0 0

0101101
*
Ed
 1e-07 1 1 0
1  799 0 0 1.849999
0

0101000
+984 0 -982 0 *
Ve
1e-07
58.274391 -10.622944 0
0 0

0101101
*
Ed
 1e-07 1 1 0
1  800 0 0 0.000377000000000294
0

0101000
+982 0 -980 0 *
Ve
1e-07
57.923973 -10.622944 0
0 0

0101101
*
Ed
 1e-07 1 1 0
1  801 0 0 0.350418000000005
0

0101000
+980 0 -978 0 *
Ve
1e-07
57.923973 -10.547944 0
0 0

0101101
*
Ed
 1e-07 1 1 0
1  802 0 0 0.0750000000000011
0

0101000
+978 0 -976 0 *
Ve
1e-07
57.823975 -10.547944 0
0 0

0101101
*
Ed
 1e-07 1 1 0
1  803 0 0 0.0999979999999994
0

0101000
+976 0 -974 0 *
Ve
1e-07
57.823975 -10.622944 0
0 0

0101101
*
Ed
 1e-07 1 1 0
1  804 0 0 0.0750000000000011
0

0101000
+974 0 -972 0 *
Ve
1e-07
56.173973 -10.622944 0
0 0

0101101
*
Ed
 1e-07 1 1 0
1  805 0 0 1.650002
0

0101000
+972 0 -970 0 *
Ve
1e-07
56.173973 -11.698322 0
0 0

0101101
*
Ed
 1e-07 1 1 0
1  806 0 0 1.075378
0

0101000
+970 0 -968 0 *
Ve
1e-07
56.273975 -11.698322 0
0 0

0101101
*
Ed
 1e-07 1 1 0
1  807 0 0 0.100002000000003
0

0101000
+968 0 -966 0 *
Ve
1e-07
56.273975 -10.722944 0
0 0

0101101
*
Ed
 1e-07 1 1 0
1  808 0 0 0.975377999999999
0

0101000
+966 0 -964 0 *
Ve
1e-07
58.084389 -10.722944 0
0 0

0101101
*
Ed
 1e-07 1 1 0
1  809 0 0 1.810414
0

0101000
+964 0 -962 0 *
Ve
1e-07
58.084389 -11.123321 0
0 0

0101101
*
Ed
 1e-07 1 1 0
1  810 0 0 0.400377000000001
0

0101000
+962 0 -960 0 *
Ve
1e-07
59.024391 -11.123321 0
0 0

0101101
*
Ed
 1e-07 1 1 0
1  811 0 0 0.940002
0

0101000
+960 0 -958 0 *
Ve
1e-07
59.024391 -12.623344 0
0 0

0101101
*
Ed
 1e-07 1 1 0
1  812 0 0 1.500023
0

0101000
+958 0 -956 0 *
Ve
1e-07
56.273975 -12.623344 0
0 0

0101101
*
Ed
 1e-07 1 1 0
1  813 0 0 2.750416
0

0101000
+956 0 -954 0 *
Ve
1e-07
56.273975 -12.548321 0
0 0

0101101
*
Ed
 1e-07 1 1 0
1  814 0 0 0.0750229999999998
0

0101000
+954 0 -952 0 *
Ve
1e-07
56.173973 -12.548321 0
0 0

0101101
*
Ed
 1e-07 1 1 0
1  815 0 0 0.100002000000003
0

0101000
+952 0 -950 0 *
Ve
1e-07
56.173973 -13.497944 0
0 0

0101101
*
Ed
 1e-07 1 1 0
1  816 0 0 0.949623000000001
0

0101000
+950 0 -948 0 *
Ve
1e-07
56.273975 -13.497944 0
0 0

0101101
*
Ed
 1e-07 1 1 0
1  817 0 0 0.100002000000003
0

0101000
+948 0 -946 0 *
Ve
1e-07
56.273975 -12.723344 0
0 0

0101101
*
Ed
 1e-07 1 1 0
1  818 0 0 0.7746
0

0101000
+946 0 -944 0 *
Ve
1e-07
57.37439 -12.723344 0
0 0

0101101
*
Ed
 1e-07 1 1 0
1  819 0 0 1.100415
0

0101000
+944 0 -942 0 *
Ve
1e-07
57.37439 -13.698344 0
0 0

0101101
*
Ed
 1e-07 1 1 0
1  820 0 0 0.975
0

0101000
+942 0 -940 0 *
Ve
1e-07
57.474388 -13.698344 0
0 0

0101101
*
Ed
 1e-07 1 1 0
1  821 0 0 0.0999979999999994
0

0101000
+940 0 -938 0 *
Ve
1e-07
57.474388 -12.823344 0
0 0

0101101
*
Ed
 1e-07 1 1 0
1  822 0 0 0.875
0

0101000
+938 0 -936 0 *
Ve
1e-07
59.924389 -12.823344 0
0 0

0101101
*
Ed
 1e-07 1 1 0
1  823 0 0 2.450001
0

0101000
+936 0 -934 0 *
Ve
1e-07
59.924389 -14.623344 0
0 0

0101101
*
Ed
 1e-07 1 1 0
1  824 0 0 1.8
0

0101000
+934 0 -932 0 *
Ve
1e-07
57.474388 -14.623344 0
0 0

0101101
*
Ed
 1e-07 1 1 0
1  825 0 0 2.450001
0

0101000
+932 0 -930 0 *
Ve
1e-07
57.474388 -14.548344 0
0 0

0101101
*
Ed
 1e-07 1 1 0
1  826 0 0 0.0749999999999993
0

0101000
+930 0 -928 0 *
Ve
1e-07
57.37439 -14.548344 0
0 0

0101101
*
Ed
 1e-07 1 1 0
1  827 0 0 0.0999979999999994
0

0101000
+928 0 -926 0 *
Ve
1e-07
57.37439 -14.723344 0
0 0

0101101
*
Ed
 1e-07 1 1 0
1  828 0 0 0.175000000000001
0

0101000
+926 0 -924 0 *
Ve
1e-07
59.924389 -14.723344 0
0 0

0101101
*
Ed
 1e-07 1 1 0
1  829 0 0 2.549999
0

0101000
+924 0 -922 0 *
Ve
1e-07
59.924389 -18.523321 0
0 0

0101101
*
Ed
 1e-07 1 1 0
1  830 0 0 3.799977
0

0101000
+922 0 -920 0 *
Ve
1e-07
58.274391 -18.523321 0
0 0

0101101
*
Ed
 1e-07 1 1 0
1  831 0 0 1.649998
0

0101000
+920 0 -918 0 *
Ve
1e-07
58.274391 -18.823322 0
0 0

0101101
*
Ed
 1e-07 1 1 0
1  832 0 0 0.300001000000002
0

0101000
+918 0 -916 0 *
Ve
1e-07
55.674389 -18.823322 0
0 0

0101101
*
Ed
 1e-07 1 1 0
1  833 0 0 2.600002
0

0101000
+916 0 -914 0 *
Ve
1e-07
55.674389 -18.523321 0
0 0

0101101
*
Ed
 1e-07 1 1 0
1  834 0 0 0.300001000000002
0

0101000
+914 0 -912 0 *
Ve
1e-07
55.673973 -18.523321 0
0 0

0101101
*
Ed
 1e-07 1 1 0
1  835 0 0 0.000416000000001304
0

0101000
+912 0 -910 0 *
Ve
1e-07
55.673973 -16.323322 0
0 0

0101101
*
Ed
 1e-07 1 1 0
1  836 0 0 2.199999
0

0101000
+910 0 -908 0 *
Ve
1e-07
56.273975 -16.323322 0
0 0

0101101
*
Ed
 1e-07 1 1 0
1  837 0 0 0.600002000000003
0

0101000
+908 0 -906 0 *
Ve
1e-07
56.273975 -14.447944 0
0 0

0101101
*
Ed
 1e-07 1 1 0
1  838 0 0 1.875378
0

0101000
+906 0 -904 0 *
Ve
1e-07
56.173973 -14.447944 0
0 0

0101101
*
Ed
 1e-07 1 1 0
1  839 0 0 0.100002000000003
0

0101000
+904 0 -902 0 *
Ve
1e-07
56.173973 -15.023321 0
0 0

0101101
*
Ed
 1e-07 1 1 0
1  840 0 0 0.575377
0

0101000
+902 0 -900 0 *
Ve
1e-07
56.098972 -15.023321 0
0 0

0101101
*
Ed
 1e-07 1 1 0
1  841 0 0 0.0750009999999932
0

0101000
+900 0 -898 0 *
Ve
1e-07
56.098972 -15.123322 0
0 0

0101101
*
Ed
 1e-07 1 1 0
1  842 0 0 0.100001000000001
0

0101000
+898 0 -896 0 *
Ve
1e-07
56.173973 -15.123322 0
0 0

0101101
*
Ed
 1e-07 1 1 0
1  843 0 0 0.0750009999999932
0

0101000
+896 0 -894 0 *
Ve
1e-07
56.173973 -16.223321 0
0 0

0101101
*
Ed
 1e-07 1 1 0
1  844 0 0 1.099999
0

0101000
+894 0 -892 0 *
Ve
1e-07
54.973972 -16.223321 0
0 0

0101101
*
Ed
 1e-07 1 1 0
1  845 0 0 1.20000099999999
0

0101000
+892 0 -890 0 *
Ve
1e-07
54.973972 -16.323322 0
0 0

0101101
*
Ed
 1e-07 1 1 0
1  846 0 0 0.100001000000002
0

0101000
+890 0 -888 0 *
Ve
1e-07
55.573975 -16.323322 0
0 0

0101101
*
Ed
 1e-07 1 1 0
1  847 0 0 0.600002999999994
0

0101000
+888 0 -886 0 *
Ve
1e-07
55.573975 -18.523321 0
0 0

0101101
*
Ed
 1e-07 1 1 0
1  848 0 0 2.199999
0

0101000
+886 0 -884 0 *
Ve
1e-07
53.424389 -18.523321 0
0 0

0101101
*
Ed
 1e-07 1 1 0
1  849 0 0 2.149586
0

0101000
+884 0 -882 0 *
Ve
1e-07
53.424389 -18.823322 0
0 0

0101101
*
Ed
 1e-07 1 1 0
1  850 0 0 0.300001000000002
0

0101000
+882 0 -880 0 *
Ve
1e-07
50.799389 -18.823322 0
0 0

0101101
*
Ed
 1e-07 1 1 0
1  851 0 0 2.625
0

0101000
+880 0 -878 0 *
Ve
1e-07
50.799389 -8.122944 0
0 0

0101101
*
Ed
 1e-07 1 1 0
1  852 0 0 10.700378
0

0101000
+878 0 -876 0 *
Ve
1e-07
53.724388 -8.122944 0
0 0

0101101
*
Ed
 1e-07 1 1 0
1  853 0 0 2.924999
0

0101000
+876 0 -874 0 *
Ve
1e-07
53.724388 -8.822944 0
0 0

0101101
*
Ed
 1e-07 1 1 0
1  854 0 0 0.699999999999999
0

0101000
+874 0 -872 0 *
Ed
 1e-07 1 1 0
1  855 0 0 1.25
0

0101000
+872 0 -2579 0 *
Wi

0101100
+2577 0 +2575 0 +2573 0 +2571 0 +2569 0 +2567 0 +2565 0 +2563 0 +2561 0 +2559 0 
+2557 0 +2555 0 +2553 0 +2551 0 +2549 0 +2547 0 +2545 0 +2543 0 +2541 0 +2539 0 
+2537 0 +2535 0 +2533 0 +2531 0 +2529 0 +2527 0 +2525 0 +2523 0 +2521 0 +2519 0 
+2517 0 +2515 0 +2513 0 +2511 0 +2509 0 +2507 0 +2505 0 +2503 0 +2501 0 +2499 0 
+2497 0 +2495 0 +2493 0 +2491 0 +2489 0 +2487 0 +2485 0 +2483 0 +2481 0 +2479 0 
+2477 0 +2475 0 +2473 0 +2471 0 +2469 0 +2467 0 +2465 0 +2463 0 +2461 0 +2459 0 
+2457 0 +2455 0 +2453 0 +2451 0 +2449 0 +2447 0 +2445 0 +2443 0 +2441 0 +2439 0 
+2437 0 +2435 0 +2433 0 +2431 0 +2429 0 +2427 0 +2425 0 +2423 0 +2421 0 +2419 0 
+2417 0 +2415 0 +2413 0 +2411 0 +2409 0 +2407 0 +2405 0 +2403 0 +2401 0 +2399 0 
+2397 0 +2395 0 +2393 0 +2391 0 +2389 0 +2387 0 +2385 0 +2383 0 +2381 0 +2379 0 
+2377 0 +2375 0 +2373 0 +2371 0 +2369 0 +2367 0 +2365 0 +2363 0 +2361 0 +2359 0 
+2357 0 +2355 0 +2353 0 +2351 0 +2349 0 +2347 0 +2345 0 +2343 0 +2341 0 +2339 0 
+2337 0 +2335 0 +2333 0 +2331 0 +2329 0 +2327 0 +2325 0 +2323 0 +2321 0 +2319 0 
+2317 0 +2315 0 +2313 0 +2311 0 +2309 0 +2307 0 +2305 0 +2303 0 +2301 0 +2299 0 
+2297 0 +2295 0 +2293 0 +2291 0 +2289 0 +2287 0 +2285 0 +2283 0 +2281 0 +2279 0 
+2277 0 +2275 0 +2273 0 +2271 0 +2269 0 +2267 0 +2265 0 +2263 0 +2261 0 +2259 0 
+2257 0 +2255 0 +2253 0 +2251 0 +2249 0 +2247 0 +2245 0 +2243 0 +2241 0 +2239 0 
+2237 0 +2235 0 +2233 0 +2231 0 +2229 0 +2227 0 +2225 0 +2223 0 +2221 0 +2219 0 
+2217 0 +2215 0 +2213 0 +2211 0 +2209 0 +2207 0 +2205 0 +2203 0 +2201 0 +2199 0 
+2197 0 +2195 0 +2193 0 +2191 0 +2189 0 +2187 0 +2185 0 +2183 0 +2181 0 +2179 0 
+2177 0 +2175 0 +2173 0 +2171 0 +2169 0 +2167 0 +2165 0 +2163 0 +2161 0 +2159 0 
+2157 0 +2155 0 +2153 0 +2151 0 +2149 0 +2147 0 +2145 0 +2143 0 +2141 0 +2139 0 
+2137 0 +2135 0 +2133 0 +2131 0 +2129 0 +2127 0 +2125 0 +2123 0 +2121 0 +2119 0 
+2117 0 +2115 0 +2113 0 +2111 0 +2109 0 +2107 0 +2105 0 +2103 0 +2101 0 +2099 0 
+2097 0 +2095 0 +2093 0 +2091 0 +2089 0 +2087 0 +2085 0 +2083 0 +2081 0 +2079 0 
+2077 0 +2075 0 +2073 0 +2071 0 +2069 0 +2067 0 +2065 0 +2063 0 +2061 0 +2059 0 
+2057 0 +2055 0 +2053 0 +2051 0 +2049 0 +2047 0 +2045 0 +2043 0 +2041 0 +2039 0 
+2037 0 +2035 0 +2033 0 +2031 0 +2029 0 +2027 0 +2025 0 +2023 0 +2021 0 +2019 0 
+2017 0 +2015 0 +2013 0 +2011 0 +2009 0 +2007 0 +2005 0 +2003 0 +2001 0 +1999 0 
+1997 0 +1995 0 +1993 0 +1991 0 +1989 0 +1987 0 +1985 0 +1983 0 +1981 0 +1979 0 
+1977 0 +1975 0 +1973 0 +1971 0 +1969 0 +1967 0 +1965 0 +1963 0 +1961 0 +1959 0 
+1957 0 +1955 0 +1953 0 +1951 0 +1949 0 +1947 0 +1945 0 +1943 0 +1941 0 +1939 0 
+1937 0 +1935 0 +1933 0 +1931 0 +1929 0 +1927 0 +1925 0 +1923 0 +1921 0 +1919 0 
+1917 0 +1915 0 +1913 0 +1911 0 +1909 0 +1907 0 +1905 0 +1903 0 +1901 0 +1899 0 
+1897 0 +1895 0 +1893 0 +1891 0 +1889 0 +1887 0 +1885 0 +1883 0 +1881 0 +1879 0 
+1877 0 +1875 0 +1873 0 +1871 0 +1869 0 +1867 0 +1865 0 +1863 0 +1861 0 +1859 0 
+1857 0 +1855 0 +1853 0 +1851 0 +1849 0 +1847 0 +1845 0 +1843 0 +1841 0 +1839 0 
+1837 0 +1835 0 +1833 0 +1831 0 +1829 0 +1827 0 +1825 0 +1823 0 +1821 0 +1819 0 
+1817 0 +1815 0 +1813 0 +1811 0 +1809 0 +1807 0 +1805 0 +1803 0 +1801 0 +1799 0 
+1797 0 +1795 0 +1793 0 +1791 0 +1789 0 +1787 0 +1785 0 +1783 0 +1781 0 +1779 0 
+1777 0 +1775 0 +1773 0 +1771 0 +1769 0 +1767 0 +1765 0 +1763 0 +1761 0 +1759 0 
+1757 0 +1755 0 +1753 0 +1751 0 +1749 0 +1747 0 +1745 0 +1743 0 +1741 0 +1739 0 
+1737 0 +1735 0 +1733 0 +1731 0 +1729 0 +1727 0 +1725 0 +1723 0 +1721 0 +1719 0 
+1717 0 +1715 0 +1713 0 +1711 0 +1709 0 +1707 0 +1705 0 +1703 0 +1701 0 +1699 0 
+1697 0 +1695 0 +1693 0 +1691 0 +1689 0 +1687 0 +1685 0 +1683 0 +1681 0 +1679 0 
+1677 0 +1675 0 +1673 0 +1671 0 +1669 0 +1667 0 +1665 0 +1663 0 +1661 0 +1659 0 
+1657 0 +1655 0 +1653 0 +1651 0 +1649 0 +1647 0 +1645 0 +1643 0 +1641 0 +1639 0 
+1637 0 +1635 0 +1633 0 +1631 0 +1629 0 +1627 0 +1625 0 +1623 0 +1621 0 +1619 0 
+1617 0 +1615 0 +1613 0 +1611 0 +1609 0 +1607 0 +1605 0 +1603 0 +1601 0 +1599 0 
+1597 0 +1595 0 +1593 0 +1591 0 +1589 0 +1587 0 +1585 0 +1583 0 +1581 0 +1579 0 
+1577 0 +1575 0 +1573 0 +1571 0 +1569 0 +1567 0 +1565 0 +1563 0 +1561 0 +1559 0 
+1557 0 +1555 0 +1553 0 +1551 0 +1549 0 +1547 0 +1545 0 +1543 0 +1541 0 +1539 0 
+1537 0 +1535 0 +1533 0 +1531 0 +1529 0 +1527 0 +1525 0 +1523 0 +1521 0 +1519 0 
+1517 0 +1515 0 +1513 0 +1511 0 +1509 0 +1507 0 +1505 0 +1503 0 +1501 0 +1499 0 
+1497 0 +1495 0 +1493 0 +1491 0 +1489 0 +1487 0 +1485 0 +1483 0 +1481 0 +1479 0 
+1477 0 +1475 0 +1473 0 +1471 0 +1469 0 +1467 0 +1465 0 +1463 0 +1461 0 +1459 0 
+1457 0 +1455 0 +1453 0 +1451 0 +1449 0 +1447 0 +1445 0 +1443 0 +1441 0 +1439 0 
+1437 0 +1435 0 +1433 0 +1431 0 +1429 0 +1427 0 +1425 0 +1423 0 +1421 0 +1419 0 
+1417 0 +1415 0 +1413 0 +1411 0 +1409 0 +1407 0 +1405 0 +1403 0 +1401 0 +1399 0 
+1397 0 +1395 0 +1393 0 +1391 0 +1389 0 +1387 0 +1385 0 +1383 0 +1381 0 +1379 0 
+1377 0 +1375 0 +1373 0 +1371 0 +1369 0 +1367 0 +1365 0 +1363 0 +1361 0 +1359 0 
+1357 0 +1355 0 +1353 0 +1351 0 +1349 0 +1347 0 +1345 0 +1343 0 +1341 0 +1339 0 
+1337 0 +1335 0 +1333 0 +1331 0 +1329 0 +1327 0 +1325 0 +1323 0 +1321 0 +1319 0 
+1317 0 +1315 0 +1313 0 +1311 0 +1309 0 +1307 0 +1305 0 +1303 0 +1301 0 +1299 0 
+1297 0 +1295 0 +1293 0 +1291 0 +1289 0 +1287 0 +1285 0 +1283 0 +1281 0 +1279 0 
+1277 0 +1275 0 +1273 0 +1271 0 +1269 0 +1267 0 +1265 0 +1263 0 +1261 0 +1259 0 
+1257 0 +1255 0 +1253 0 +1251 0 +1249 0 +1247 0 +1245 0 +1243 0 +1241 0 +1239 0 
+1237 0 +1235 0 +1233 0 +1231 0 +1229 0 +1227 0 +1225 0 +1223 0 +1221 0 +1219 0 
+1217 0 +1215 0 +1213 0 +1211 0 +1209 0 +1207 0 +1205 0 +1203 0 +1201 0 +1199 0 
+1197 0 +1195 0 +1193 0 +1191 0 +1189 0 +1187 0 +1185 0 +1183 0 +1181 0 +1179 0 
+1177 0 +1175 0 +1173 0 +1171 0 +1169 0 +1167 0 +1165 0 +1163 0 +1161 0 +1159 0 
+1157 0 +1155 0 +1153 0 +1151 0 +1149 0 +1147 0 +1145 0 +1143 0 +1141 0 +1139 0 
+1137 0 +1135 0 +1133 0 +1131 0 +1129 0 +1127 0 +1125 0 +1123 0 +1121 0 +1119 0 
+1117 0 +1115 0 +1113 0 +1111 0 +1109 0 +1107 0 +1105 0 +1103 0 +1101 0 +1099 0 
+1097 0 +1095 0 +1093 0 +1091 0 +1089 0 +1087 0 +1085 0 +1083 0 +1081 0 +1079 0 
+1077 0 +1075 0 +1073 0 +1071 0 +1069 0 +1067 0 +1065 0 +1063 0 +1061 0 +1059 0 
+1057 0 +1055 0 +1053 0 +1051 0 +1049 0 +1047 0 +1045 0 +1043 0 +1041 0 +1039 0 
+1037 0 +1035 0 +1033 0 +1031 0 +1029 0 +1027 0 +1025 0 +1023 0 +1021 0 +1019 0 
+1017 0 +1015 0 +1013 0 +1011 0 +1009 0 +1007 0 +1005 0 +1003 0 +1001 0 +999 0 
+997 0 +995 0 +993 0 +991 0 +989 0 +987 0 +985 0 +983 0 +981 0 +979 0 
+977 0 +975 0 +973 0 +971 0 +969 0 +967 0 +965 0 +963 0 +961 0 +959 0 
+957 0 +955 0 +953 0 +951 0 +949 0 +947 0 +945 0 +943 0 +941 0 +939 0 
+937 0 +935 0 +933 0 +931 0 +929 0 +927 0 +925 0 +923 0 +921 0 +919 0 
+917 0 +915 0 +913 0 +911 0 +909 0 +907 0 +905 0 +903 0 +901 0 +899 0 
+897 0 +895 0 +893 0 +891 0 +889 0 +887 0 +885 0 +883 0 +881 0 +879 0 
+877 0 +875 0 +873 0 +871 0 +870 0 *
Ve
1e-07
75.12439 -1.273321 0
0 0

0101101
*
Ve
1e-07
75.12439 -0.973321 0
0 0

0101101
*
Ed
 1e-07 1 1 0
1  856 0 0 0.3
2  1 2 0 0 0.3
2  2 3 0 0 0.3
2  3 4 0 0 0.3
0

0101000
+868 0 -867 0 *
Ve
1e-07
74.924393 -0.973321 0
0 0

0101101
*
Ed
 1e-07 1 1 0
1  857 0 0 0.19999700000001
2  4 2 0 0 0.19999700000001
2  5 3 0 0 0.19999700000001
2  6 4 0 0 0.19999700000001
0

0101000
+867 0 -865 0 *
Ve
1e-07
74.924393 -1.373321 0
0 0

0101101
*
Ed
 1e-07 1 1 0
1  858 0 0 0.4
2  7 2 0 0 0.4
2  8 3 0 0 0.4
2  9 4 0 0 0.4
0

0101000
+865 0 -863 0 *
Ve
1e-07
74.224388 -1.373321 0
0 0

0101101
*
Ed
 1e-07 1 1 0
1  859 0 0 0.70000499999999
2  10 2 0 0 0.70000499999999
2  11 3 0 0 0.70000499999999
2  12 4 0 0 0.70000499999999
0

0101000
+863 0 -861 0 *
Ve
1e-07
74.224388 -1.473321 0
0 0

0101101
*
Ed
 1e-07 1 1 0
1  860 0 0 0.1
2  13 2 0 0 0.1
2  14 3 0 0 0.1
2  15 4 0 0 0.1
0

0101000
+861 0 -859 0 *
Ve
1e-07
72.824387 -1.473321 0
0 0

0101101
*
Ed
 1e-07 1 1 0
1  861 0 0 1.400001
2  16 2 0 0 1.400001
2  17 3 0 0 1.400001
2  18 4 0 0 1.400001
0

0101000
+859 0 -857 0 *
Ve
1e-07
72.824387 -1.373321 0
0 0

0101101
*
Ed
 1e-07 1 1 0
1  862 0 0 0.1
2  19 2 0 0 0.1
2  20 3 0 0 0.1
2  21 4 0 0 0.1
0

0101000
+857 0 -855 0 *
Ve
1e-07
71.224388 -1.373321 0
0 0

0101101
*
Ed
 1e-07 1 1 0
1  863 0 0 1.599999
2  22 2 0 0 1.599999
2  23 3 0 0 1.599999
2  24 4 0 0 1.599999
0

0101000
+855 0 -853 0 *
Ve
1e-07
71.224388 -1.473321 0
0 0

0101101
*
Ed
 1e-07 1 1 0
1  864 0 0 0.1
2  25 2 0 0 0.1
2  26 3 0 0 0.1
2  27 4 0 0 0.1
0

0101000
+853 0 -851 0 *
Ve
1e-07
69.824387 -1.473321 0
0 0

0101101
*
Ed
 1e-07 1 1 0
1  865 0 0 1.400001
2  28 2 0 0 1.400001
2  29 3 0 0 1.400001
2  30 4 0 0 1.400001
0

0101000
+851 0 -849 0 *
Ve
1e-07
69.824387 -1.373321 0
0 0

0101101
*
Ed
 1e-07 1 1 0
1  866 0 0 0.1
2  31 2 0 0 0.1
2  32 3 0 0 0.1
2  33 4 0 0 0.1
0

0101000
+849 0 -847 0 *
Ve
1e-07
68.124382 -1.373321 0
0 0

0101101
*
Ed
 1e-07 1 1 0
1  867 0 0 1.700005
2  34 2 0 0 1.700005
2  35 3 0 0 1.700005
2  36 4 0 0 1.700005
0

0101000
+847 0 -845 0 *
Ve
1e-07
68.124382 -1.473321 0
0 0

0101101
*
Ed
 1e-07 1 1 0
1  868 0 0 0.1
2  37 2 0 0 0.1
2  38 3 0 0 0.1
2  39 4 0 0 0.1
0

0101000
+845 0 -843 0 *
Ve
1e-07
66.724388 -1.473321 0
0 0

0101101
*
Ed
 1e-07 1 1 0
1  869 0 0 1.39999399999999
2  40 2 0 0 1.39999399999999
2  41 3 0 0 1.39999399999999
2  42 4 0 0 1.39999399999999
0

0101000
+843 0 -841 0 *
Ve
1e-07
66.724388 -1.373321 0
0 0

0101101
*
Ed
 1e-07 1 1 0
1  870 0 0 0.1
2  43 2 0 0 0.1
2  44 3 0 0 0.1
2  45 4 0 0 0.1
0

0101000
+841 0 -839 0 *
Ve
1e-07
65.124382 -1.373321 0
0 0

0101101
*
Ed
 1e-07 1 1 0
1  871 0 0 1.60000600000001
2  46 2 0 0 1.60000600000001
2  47 3 0 0 1.60000600000001
2  48 4 0 0 1.60000600000001
0

0101000
+839 0 -837 0 *
Ve
1e-07
65.124382 -1.473321 0
0 0

0101101
*
Ed
 1e-07 1 1 0
1  872 0 0 0.1
2  49 2 0 0 0.1
2  50 3 0 0 0.1
2  51 4 0 0 0.1
0

0101000
+837 0 -835 0 *
Ve
1e-07
63.724384 -1.473321 0
0 0

0101101
*
Ed
 1e-07 1 1 0
1  873 0 0 1.399998
2  52 2 0 0 1.399998
2  53 3 0 0 1.399998
2  54 4 0 0 1.399998
0

0101000
+835 0 -833 0 *
Ve
1e-07
63.724384 -1.373321 0
0 0

0101101
*
Ed
 1e-07 1 1 0
1  874 0 0 0.1
2  55 2 0 0 0.1
2  56 3 0 0 0.1
2  57 4 0 0 0.1
0

0101000
+833 0 -831 0 *
Ve
1e-07
63.024391 -1.373321 0
0 0

0101101
*
Ed
 1e-07 1 1 0
1  875 0 0 0.699992999999999
2  58 2 0 0 0.699992999999999
2  59 3 0 0 0.699992999999999
2  60 4 0 0 0.699992999999999
0

0101000
+831 0 -829 0 *
Ve
1e-07
63.024391 -1.273321 0
0 0

0101101
*
Ed
 1e-07 1 1 0
1  876 0 0 0.1
2  61 2 0 0 0.1
2  62 3 0 0 0.1
2  63 4 0 0 0.1
0

0101000
+829 0 -827 0 *
Ve
1e-07
62.724388 -1.273321 0
0 0

0101101
*
Ed
 1e-07 1 1 0
1  877 0 0 0.300003000000004
2  64 2 0 0 0.300003000000004
2  65 3 0 0 0.300003000000004
2  66 4 0 0 0.300003000000004
0

0101000
+827 0 -825 0 *
Ve
1e-07
62.724388 -0.973321 0
0 0

0101101
*
Ed
 1e-07 1 1 0
1  878 0 0 0.3
2  67 2 0 0 0.3
2  68 3 0 0 0.3
2  69 4 0 0 0.3
0

0101000
+825 0 -823 0 *
Ve
1e-07
62.524391 -0.973321 0
0 0

0101101
*
Ed
 1e-07 1 1 0
1  879 0 0 0.199996999999996
2  70 2 0 0 0.199996999999996
2  71 3 0 0 0.199996999999996
2  72 4 0 0 0.199996999999996
0

0101000
+823 0 -821 0 *
Ve
1e-07
62.524391 -5.473321 0
0 0

0101101
*
Ed
 1e-07 1 1 0
1  880 0 0 4.5
2  73 2 0 0 4.5
2  74 3 0 0 4.5
2  75 4 0 0 4.5
0

0101000
+821 0 -819 0 *
Ve
1e-07
62.44939 -5.473321 0
0 0

0101101
*
Ed
 1e-07 1 1 0
1  881 0 0 0.0750010000000003
2  76 2 0 0 0.0750010000000003
2  77 3 0 0 0.0750010000000003
2  78 4 0 0 0.0750010000000003
0

0101000
+819 0 -817 0 *
Ve
1e-07
62.44939 -5.673321 0
0 0

0101101
*
Ed
 1e-07 1 1 0
1  882 0 0 0.199999999999999
2  79 2 0 0 0.199999999999999
2  80 3 0 0 0.199999999999999
2  81 4 0 0 0.199999999999999
0

0101000
+817 0 -815 0 *
Ve
1e-07
62.724388 -5.673321 0
0 0

0101101
*
Ed
 1e-07 1 1 0
1  883 0 0 0.274997999999997
2  82 2 0 0 0.274997999999997
2  83 3 0 0 0.274997999999997
2  84 4 0 0 0.274997999999997
0

0101000
+815 0 -813 0 *
Ve
1e-07
62.724388 -4.573321 0
0 0

0101101
*
Ed
 1e-07 1 1 0
1  884 0 0 1.1
2  85 2 0 0 1.1
2  86 3 0 0 1.1
2  87 4 0 0 1.1
0

0101000
+813 0 -811 0 *
Ve
1e-07
66.224388 -4.573321 0
0 0

0101101
*
Ed
 1e-07 1 1 0
1  885 0 0 3.50000000000001
2  88 2 0 0 3.50000000000001
2  89 3 0 0 3.50000000000001
2  90 4 0 0 3.50000000000001
0

0101000
+811 0 -809 0 *
Ve
1e-07
66.224388 -7.073322 0
0 0

0101101
*
Ed
 1e-07 1 1 0
1  886 0 0 2.500001
2  91 2 0 0 2.500001
2  92 3 0 0 2.500001
2  93 4 0 0 2.500001
0

0101000
+809 0 -807 0 *
Ve
1e-07
65.274391 -7.073322 0
0 0

0101101
*
Ed
 1e-07 1 1 0
1  887 0 0 0.94999700000001
2  94 2 0 0 0.94999700000001
2  95 3 0 0 0.94999700000001
2  96 4 0 0 0.94999700000001
0

0101000
+807 0 -805 0 *
Ve
1e-07
65.274391 -7.173321 0
0 0

0101101
*
Ed
 1e-07 1 1 0
1  888 0 0 0.0999989999999995
2  97 2 0 0 0.0999989999999995
2  98 3 0 0 0.0999989999999995
2  99 4 0 0 0.0999989999999995
0

0101000
+805 0 -803 0 *
Ve
1e-07
66.399391 -7.173321 0
0 0

0101101
*
Ed
 1e-07 1 1 0
1  889 0 0 1.125
2  100 2 0 0 1.125
2  101 3 0 0 1.125
2  102 4 0 0 1.125
0

0101000
+803 0 -801 0 *
Ve
1e-07
66.399391 -7.073322 0
0 0

0101101
*
Ed
 1e-07 1 1 0
1  890 0 0 0.0999989999999995
2  103 2 0 0 0.0999989999999995
2  104 3 0 0 0.0999989999999995
2  105 4 0 0 0.0999989999999995
0

0101000
+801 0 -799 0 *
Ve
1e-07
66.324387 -7.073322 0
0 0

0101101
*
Ed
 1e-07 1 1 0
1  891 0 0 0.0750039999999927
2  106 2 0 0 0.0750039999999927
2  107 3 0 0 0.0750039999999927
2  108 4 0 0 0.0750039999999927
0

0101000
+799 0 -797 0 *
Ve
1e-07
66.324387 -5.473321 0
0 0

0101101
*
Ed
 1e-07 1 1 0
1  892 0 0 1.600001
2  109 2 0 0 1.600001
2  110 3 0 0 1.600001
2  111 4 0 0 1.600001
0

0101000
+797 0 -795 0 *
Ve
1e-07
67.824387 -5.473321 0
0 0

0101101
*
Ed
 1e-07 1 1 0
1  893 0 0 1.5
2  112 2 0 0 1.5
2  113 3 0 0 1.5
2  114 4 0 0 1.5
0

0101000
+795 0 -793 0 *
Ve
1e-07
67.824387 -7.073322 0
0 0

0101101
*
Ed
 1e-07 1 1 0
1  894 0 0 1.600001
2  115 2 0 0 1.600001
2  116 3 0 0 1.600001
2  117 4 0 0 1.600001
0

0101000
+793 0 -791 0 *
Ve
1e-07
67.24939 -7.073322 0
0 0

0101101
*
Ed
 1e-07 1 1 0
1  895 0 0 0.574996999999996
2  118 2 0 0 0.574996999999996
2  119 3 0 0 0.574996999999996
2  120 4 0 0 0.574996999999996
0

0101000
+791 0 -789 0 *
Ve
1e-07
67.24939 -7.173321 0
0 0

0101101
*
Ed
 1e-07 1 1 0
1  896 0 0 0.0999989999999995
2  121 2 0 0 0.0999989999999995
2  122 3 0 0 0.0999989999999995
2  123 4 0 0 0.0999989999999995
0

0101000
+789 0 -787 0 *
Ve
1e-07
67.924393 -7.173321 0
0 0

0101101
*
Ed
 1e-07 1 1 0
1  897 0 0 0.67500299999999
2  124 2 0 0 0.67500299999999
2  125 3 0 0 0.67500299999999
2  126 4 0 0 0.67500299999999
0

0101000
+787 0 -785 0 *
Ve
1e-07
67.924393 -5.473321 0
0 0

0101101
*
Ed
 1e-07 1 1 0
1  898 0 0 1.7
2  127 2 0 0 1.7
2  128 3 0 0 1.7
2  129 4 0 0 1.7
0

0101000
+785 0 -783 0 *
Ve
1e-07
69.024391 -5.473321 0
0 0

0101101
*
Ed
 1e-07 1 1 0
1  899 0 0 1.099998
2  130 2 0 0 1.099998
2  131 3 0 0 1.099998
2  132 4 0 0 1.099998
0

0101000
+783 0 -781 0 *
Ve
1e-07
69.024391 -7.173321 0
0 0

0101101
*
Ed
 1e-07 1 1 0
1  900 0 0 1.7
2  133 2 0 0 1.7
2  134 3 0 0 1.7
2  135 4 0 0 1.7
0

0101000
+781 0 -779 0 *
Ve
1e-07
69.199387 -7.173321 0
0 0

0101101
*
Ed
 1e-07 1 1 0
1  901 0 0 0.174996000000007
2  136 2 0 0 0.174996000000007
2  137 3 0 0 0.174996000000007
2  138 4 0 0 0.174996000000007
0

0101000
+779 0 -777 0 *
Ve
1e-07
69.199387 -7.073322 0
0 0

0101101
*
Ed
 1e-07 1 1 0
1  902 0 0 0.0999989999999995
2  139 2 0 0 0.0999989999999995
2  140 3 0 0 0.0999989999999995
2  141 4 0 0 0.0999989999999995
0

0101000
+777 0 -775 0 *
Ve
1e-07
69.12439 -7.073322 0
0 0

0101101
*
Ed
 1e-07 1 1 0
1  903 0 0 0.0749969999999962
2  142 2 0 0 0.0749969999999962
2  143 3 0 0 0.0749969999999962
2  144 4 0 0 0.0749969999999962
0

0101000
+775 0 -773 0 *
Ve
1e-07
69.12439 -4.573321 0
0 0

0101101
*
Ed
 1e-07 1 1 0
1  904 0 0 2.500001
2  145 2 0 0 2.500001
2  146 3 0 0 2.500001
2  147 4 0 0 2.500001
0

0101000
+773 0 -771 0 *
Ve
1e-07
70.724388 -4.573321 0
0 0

0101101
*
Ed
 1e-07 1 1 0
1  905 0 0 1.599998
2  148 2 0 0 1.599998
2  149 3 0 0 1.599998
2  150 4 0 0 1.599998
0

0101000
+771 0 -769 0 *
Ve
1e-07
70.724388 -7.073322 0
0 0

0101101
*
Ed
 1e-07 1 1 0
1  906 0 0 2.500001
2  151 2 0 0 2.500001
2  152 3 0 0 2.500001
2  153 4 0 0 2.500001
0

0101000
+769 0 -767 0 *
Ve
1e-07
70.049393 -7.073322 0
0 0

0101101
*
Ed
 1e-07 1 1 0
1  907 0 0 0.67499500000001
2  154 2 0 0 0.67499500000001
2  155 3 0 0 0.67499500000001
2  156 4 0 0 0.67499500000001
0

0101000
+767 0 -765 0 *
Ve
1e-07
70.049393 -7.173321 0
0 0

0101101
*
Ed
 1e-07 1 1 0
1  908 0 0 0.0999989999999995
2  157 2 0 0 0.0999989999999995
2  158 3 0 0 0.0999989999999995
2  159 4 0 0 0.0999989999999995
0

0101000
+765 0 -763 0 *
Ve
1e-07
70.274391 -7.173321 0
0 0

0101101
*
Ed
 1e-07 1 1 0
1  909 0 0 0.224997999999999
2  160 2 0 0 0.224997999999999
2  161 3 0 0 0.224997999999999
2  162 4 0 0 0.224997999999999
0

0101000
+763 0 -761 0 *
Ve
1e-07
70.274391 -8.273321 0
0 0

0101101
*
Ed
 1e-07 1 1 0
1  910 0 0 1.1
2  163 2 0 0 1.1
2  164 3 0 0 1.1
2  165 4 0 0 1.1
0

0101000
+761 0 -759 0 *
Ve
1e-07
70.12439 -8.273321 0
0 0

0101101
*
Ed
 1e-07 1 1 0
1  911 0 0 0.150000999999989
2  166 2 0 0 0.150000999999989
2  167 3 0 0 0.150000999999989
2  168 4 0 0 0.150000999999989
0

0101000
+759 0 -757 0 *
Ve
1e-07
70.12439 -8.373321 0
0 0

0101101
*
Ed
 1e-07 1 1 0
1  912 0 0 0.100000000000001
2  169 2 0 0 0.100000000000001
2  170 3 0 0 0.100000000000001
2  171 4 0 0 0.100000000000001
0

0101000
+757 0 -755 0 *
Ve
1e-07
70.974388 -8.373321 0
0 0

0101101
*
Ed
 1e-07 1 1 0
1  913 0 0 0.849997999999999
2  172 2 0 0 0.849997999999999
2  173 3 0 0 0.849997999999999
2  174 4 0 0 0.849997999999999
0

0101000
+755 0 -753 0 *
Ve
1e-07
70.974388 -8.273321 0
0 0

0101101
*
Ed
 1e-07 1 1 0
1  914 0 0 0.100000000000001
2  175 2 0 0 0.100000000000001
2  176 3 0 0 0.100000000000001
2  177 4 0 0 0.100000000000001
0

0101000
+753 0 -751 0 *
Ve
1e-07
70.37439 -8.273321 0
0 0

0101101
*
Ed
 1e-07 1 1 0
1  915 0 0 0.599997999999999
2  178 2 0 0 0.599997999999999
2  179 3 0 0 0.599997999999999
2  180 4 0 0 0.599997999999999
0

0101000
+751 0 -749 0 *
Ve
1e-07
70.37439 -7.173321 0
0 0

0101101
*
Ed
 1e-07 1 1 0
1  916 0 0 1.1
2  181 2 0 0 1.1
2  182 3 0 0 1.1
2  183 4 0 0 1.1
0

0101000
+749 0 -747 0 *
Ve
1e-07
71.099388 -7.173321 0
0 0

0101101
*
Ed
 1e-07 1 1 0
1  917 0 0 0.724997999999999
2  184 2 0 0 0.724997999999999
2  185 3 0 0 0.724997999999999
2  186 4 0 0 0.724997999999999
0

0101000
+747 0 -745 0 *
Ve
1e-07
71.099388 -7.073322 0
0 0

0101101
*
Ed
 1e-07 1 1 0
1  918 0 0 0.0999989999999995
2  187 2 0 0 0.0999989999999995
2  188 3 0 0 0.0999989999999995
2  189 4 0 0 0.0999989999999995
0

0101000
+745 0 -743 0 *
Ve
1e-07
70.824387 -7.073322 0
0 0

0101101
*
Ed
 1e-07 1 1 0
1  919 0 0 0.275001000000003
2  190 2 0 0 0.275001000000003
2  191 3 0 0 0.275001000000003
2  192 4 0 0 0.275001000000003
0

0101000
+743 0 -741 0 *
Ve
1e-07
70.824387 -4.573321 0
0 0

0101101
*
Ed
 1e-07 1 1 0
1  920 0 0 2.500001
2  193 2 0 0 2.500001
2  194 3 0 0 2.500001
2  195 4 0 0 2.500001
0

0101000
+741 0 -739 0 *
Ve
1e-07
74.724388 -4.573321 0
0 0

0101101
*
Ed
 1e-07 1 1 0
1  921 0 0 3.900001
2  196 2 0 0 3.900001
2  197 3 0 0 3.900001
2  198 4 0 0 3.900001
0

0101000
+739 0 -737 0 *
Ve
1e-07
74.724388 -7.373321 0
0 0

0101101
*
Ed
 1e-07 1 1 0
1  922 0 0 2.8
2  199 2 0 0 2.8
2  200 3 0 0 2.8
2  201 4 0 0 2.8
0

0101000
+737 0 -735 0 *
Ve
1e-07
74.549393 -7.373321 0
0 0

0101101
*
Ed
 1e-07 1 1 0
1  923 0 0 0.17499500000001
2  202 2 0 0 0.17499500000001
2  203 3 0 0 0.17499500000001
2  204 4 0 0 0.17499500000001
0

0101000
+735 0 -733 0 *
Ve
1e-07
74.549393 -7.473321 0
0 0

0101101
*
Ed
 1e-07 1 1 0
1  924 0 0 0.100000000000001
2  205 2 0 0 0.100000000000001
2  206 3 0 0 0.100000000000001
2  207 4 0 0 0.100000000000001
0

0101000
+733 0 -731 0 *
Ve
1e-07
75.274391 -7.473321 0
0 0

0101101
*
Ed
 1e-07 1 1 0
1  925 0 0 0.724997999999999
2  208 2 0 0 0.724997999999999
2  209 3 0 0 0.724997999999999
2  210 4 0 0 0.724997999999999
0

0101000
+731 0 -729 0 *
Ve
1e-07
75.274391 -8.573322 0
0 0

0101101
*
Ed
 1e-07 1 1 0
1  926 0 0 1.100001
2  211 2 0 0 1.100001
2  212 3 0 0 1.100001
2  213 4 0 0 1.100001
0

0101000
+729 0 -727 0 *
Ve
1e-07
74.62439 -8.573322 0
0 0

0101101
*
Ed
 1e-07 1 1 0
1  927 0 0 0.650000999999989
2  214 2 0 0 0.650000999999989
2  215 3 0 0 0.650000999999989
2  216 4 0 0 0.650000999999989
0

0101000
+727 0 -725 0 *
Ve
1e-07
74.62439 -8.673321 0
0 0

0101101
*
Ed
 1e-07 1 1 0
1  928 0 0 0.0999990000000004
2  217 2 0 0 0.0999990000000004
2  218 3 0 0 0.0999990000000004
2  219 4 0 0 0.0999990000000004
0

0101000
+725 0 -723 0 *
Ve
1e-07
75.37439 -8.673321 0
0 0

0101101
*
Ed
 1e-07 1 1 0
1  929 0 0 0.75
2  220 2 0 0 0.75
2  221 3 0 0 0.75
2  222 4 0 0 0.75
0

0101000
+723 0 -721 0 *
Ve
1e-07
75.37439 -7.473321 0
0 0

0101101
*
Ed
 1e-07 1 1 0
1  930 0 0 1.2
2  223 2 0 0 1.2
2  224 3 0 0 1.2
2  225 4 0 0 1.2
0

0101000
+721 0 -719 0 *
Ve
1e-07
75.574387 -7.473321 0
0 0

0101101
*
Ed
 1e-07 1 1 0
1  931 0 0 0.199996999999996
2  226 2 0 0 0.199996999999996
2  227 3 0 0 0.199996999999996
2  228 4 0 0 0.199996999999996
0

0101000
+719 0 -717 0 *
Ve
1e-07
75.574387 -7.373321 0
0 0

0101101
*
Ed
 1e-07 1 1 0
1  932 0 0 0.100000000000001
2  229 2 0 0 0.100000000000001
2  230 3 0 0 0.100000000000001
2  231 4 0 0 0.100000000000001
0

0101000
+717 0 -715 0 *
Ve
1e-07
74.824387 -7.373321 0
0 0

0101101
*
Ed
 1e-07 1 1 0
1  933 0 0 0.75
2  232 2 0 0 0.75
2  233 3 0 0 0.75
2  234 4 0 0 0.75
0

0101000
+715 0 -713 0 *
Ve
1e-07
74.824387 -6.273321 0
0 0

0101101
*
Ed
 1e-07 1 1 0
1  934 0 0 1.1
2  235 2 0 0 1.1
2  236 3 0 0 1.1
2  237 4 0 0 1.1
0

0101000
+713 0 -711 0 *
Ve
1e-07
75.424385 -6.273321 0
0 0

0101101
*
Ed
 1e-07 1 1 0
1  935 0 0 0.599997999999999
2  238 2 0 0 0.599997999999999
2  239 3 0 0 0.599997999999999
2  240 4 0 0 0.599997999999999
0

0101000
+711 0 -709 0 *
Ve
1e-07
75.424385 -6.173321 0
0 0

0101101
*
Ed
 1e-07 1 1 0
1  936 0 0 0.100000000000001
2  241 2 0 0 0.100000000000001
2  242 3 0 0 0.100000000000001
2  243 4 0 0 0.100000000000001
0

0101000
+709 0 -707 0 *
Ve
1e-07
75.37439 -6.173321 0
0 0

0101101
*
Ed
 1e-07 1 1 0
1  937 0 0 0.0499949999999956
2  244 2 0 0 0.0499949999999956
2  245 3 0 0 0.0499949999999956
2  246 4 0 0 0.0499949999999956
0

0101000
+707 0 -705 0 *
Ve
1e-07
75.37439 -5.323321 0
0 0

0101101
*
Ed
 1e-07 1 1 0
1  938 0 0 0.85
2  247 2 0 0 0.85
2  248 3 0 0 0.85
2  249 4 0 0 0.85
0

0101000
+705 0 -703 0 *
Ve
1e-07
76.574379 -5.323321 0
0 0

0101101
*
Ed
 1e-07 1 1 0
1  939 0 0 1.19998899999999
2  250 2 0 0 1.19998899999999
2  251 3 0 0 1.19998899999999
2  252 4 0 0 1.19998899999999
0

0101000
+703 0 -701 0 *
Ve
1e-07
76.574379 -6.173321 0
0 0

0101101
*
Ed
 1e-07 1 1 0
1  940 0 0 0.85
2  253 2 0 0 0.85
2  254 3 0 0 0.85
2  255 4 0 0 0.85
0

0101000
+701 0 -699 0 *
Ve
1e-07
76.524384 -6.173321 0
0 0

0101101
*
Ed
 1e-07 1 1 0
1  941 0 0 0.0499949999999956
2  256 2 0 0 0.0499949999999956
2  257 3 0 0 0.0499949999999956
2  258 4 0 0 0.0499949999999956
0

0101000
+699 0 -697 0 *
Ve
1e-07
76.524384 -6.273321 0
0 0

0101101
*
Ed
 1e-07 1 1 0
1  942 0 0 0.100000000000001
2  259 2 0 0 0.100000000000001
2  260 3 0 0 0.100000000000001
2  261 4 0 0 0.100000000000001
0

0101000
+697 0 -695 0 *
Ve
1e-07
78.249382 -6.273321 0
0 0

0101101
*
Ed
 1e-07 1 1 0
1  943 0 0 1.724998
2  262 2 0 0 1.724998
2  263 3 0 0 1.724998
2  264 4 0 0 1.724998
0

0101000
+695 0 -693 0 *
Ve
1e-07
78.249382 -6.173321 0
0 0

0101101
*
Ed
 1e-07 1 1 0
1  944 0 0 0.100000000000001
2  265 2 0 0 0.100000000000001
2  266 3 0 0 0.100000000000001
2  267 4 0 0 0.100000000000001
0

0101000
+693 0 -691 0 *
Ve
1e-07
76.674385 -6.173321 0
0 0

0101101
*
Ed
 1e-07 1 1 0
1  945 0 0 1.574997
2  268 2 0 0 1.574997
2  269 3 0 0 1.574997
2  270 4 0 0 1.574997
0

0101000
+691 0 -689 0 *
Ve
1e-07
76.674385 -4.573321 0
0 0

0101101
*
Ed
 1e-07 1 1 0
1  946 0 0 1.6
2  271 2 0 0 1.6
2  272 3 0 0 1.6
2  273 4 0 0 1.6
0

0101000
+689 0 -687 0 *
Ve
1e-07
79.174385 -4.573321 0
0 0

0101101
*
Ed
 1e-07 1 1 0
1  947 0 0 2.5
2  274 2 0 0 2.5
2  275 3 0 0 2.5
2  276 4 0 0 2.5
0

0101000
+687 0 -685 0 *
Ve
1e-07
79.174385 -6.173321 0
0 0

0101101
*
Ed
 1e-07 1 1 0
1  948 0 0 1.6
2  277 2 0 0 1.6
2  278 3 0 0 1.6
2  279 4 0 0 1.6
0

0101000
+685 0 -683 0 *
Ve
1e-07
79.09938 -6.173321 0
0 0

0101101
*
Ed
 1e-07 1 1 0
1  949 0 0 0.0750050000000044
2  280 2 0 0 0.0750050000000044
2  281 3 0 0 0.0750050000000044
2  282 4 0 0 0.0750050000000044
0

0101000
+683 0 -681 0 *
Ve
1e-07
79.09938 -6.273321 0
0 0

0101101
*
Ed
 1e-07 1 1 0
1  950 0 0 0.100000000000001
2  283 2 0 0 0.100000000000001
2  284 3 0 0 0.100000000000001
2  285 4 0 0 0.100000000000001
0

0101000
+681 0 -679 0 *
Ve
1e-07
79.274384 -6.273321 0
0 0

0101101
*
Ed
 1e-07 1 1 0
1  951 0 0 0.175004000000001
2  286 2 0 0 0.175004000000001
2  287 3 0 0 0.175004000000001
2  288 4 0 0 0.175004000000001
0

0101000
+679 0 -677 0 *
Ve
1e-07
79.274384 -4.148321 0
0 0

0101101
*
Ed
 1e-07 1 1 0
1  952 0 0 2.125
2  289 2 0 0 2.125
2  290 3 0 0 2.125
2  291 4 0 0 2.125
0

0101000
+677 0 -675 0 *
Ve
1e-07
79.074379 -4.148321 0
0 0

0101101
*
Ed
 1e-07 1 1 0
1  953 0 0 0.200005000000004
2  292 2 0 0 0.200005000000004
2  293 3 0 0 0.200005000000004
2  294 4 0 0 0.200005000000004
0

0101000
+675 0 -673 0 *
Ve
1e-07
79.074379 -4.373321 0
0 0

0101101
*
Ed
 1e-07 1 1 0
1  954 0 0 0.225
2  295 2 0 0 0.225
2  296 3 0 0 0.225
2  297 4 0 0 0.225
0

0101000
+673 0 -671 0 *
Ve
1e-07
77.074387 -4.373321 0
0 0

0101101
*
Ed
 1e-07 1 1 0
1  955 0 0 1.99999199999999
2  298 2 0 0 1.99999199999999
2  299 3 0 0 1.99999199999999
2  300 4 0 0 1.99999199999999
0

0101000
+671 0 -669 0 *
Ve
1e-07
77.074387 -3.073321 0
0 0

0101101
*
Ed
 1e-07 1 1 0
1  956 0 0 1.3
2  301 2 0 0 1.3
2  302 3 0 0 1.3
2  303 4 0 0 1.3
0

0101000
+669 0 -667 0 *
Ve
1e-07
79.074379 -3.073321 0
0 0

0101101
*
Ed
 1e-07 1 1 0
1  957 0 0 1.99999199999999
2  304 2 0 0 1.99999199999999
2  305 3 0 0 1.99999199999999
2  306 4 0 0 1.99999199999999
0

0101000
+667 0 -665 0 *
Ve
1e-07
79.074379 -3.298321 0
0 0

0101101
*
Ed
 1e-07 1 1 0
1  958 0 0 0.225
2  307 2 0 0 0.225
2  308 3 0 0 0.225
2  309 4 0 0 0.225
0

0101000
+665 0 -663 0 *
Ve
1e-07
79.274384 -3.298321 0
0 0

0101101
*
Ed
 1e-07 1 1 0
1  959 0 0 0.200005000000004
2  310 2 0 0 0.200005000000004
2  311 3 0 0 0.200005000000004
2  312 4 0 0 0.200005000000004
0

0101000
+663 0 -661 0 *
Ve
1e-07
79.274384 -2.173321 0
0 0

0101101
*
Ed
 1e-07 1 1 0
1  960 0 0 1.125
2  313 2 0 0 1.125
2  314 3 0 0 1.125
2  315 4 0 0 1.125
0

0101000
+661 0 -659 0 *
Ve
1e-07
79.374382 -2.173321 0
0 0

0101101
*
Ed
 1e-07 1 1 0
1  961 0 0 0.0999979999999994
2  316 2 0 0 0.0999979999999994
2  317 3 0 0 0.0999979999999994
2  318 4 0 0 0.0999979999999994
0

0101000
+659 0 -657 0 *
Ve
1e-07
79.374382 -1.973321 0
0 0

0101101
*
Ed
 1e-07 1 1 0
1  962 0 0 0.2
2  319 2 0 0 0.2
2  320 3 0 0 0.2
2  321 4 0 0 0.2
0

0101000
+657 0 -655 0 *
Ve
1e-07
79.274384 -1.973321 0
0 0

0101101
*
Ed
 1e-07 1 1 0
1  963 0 0 0.0999979999999994
2  322 2 0 0 0.0999979999999994
2  323 3 0 0 0.0999979999999994
2  324 4 0 0 0.0999979999999994
0

0101000
+655 0 -653 0 *
Ve
1e-07
79.274384 -1.273321 0
0 0

0101101
*
Ed
 1e-07 1 1 0
1  964 0 0 0.7
2  325 2 0 0 0.7
2  326 3 0 0 0.7
2  327 4 0 0 0.7
0

0101000
+653 0 -651 0 *
Ve
1e-07
78.807343 -1.273321 0
0 0

0101101
*
Ed
 1e-07 1 1 0
1  965 0 0 0.467040999999995
2  328 2 0 0 0.467040999999995
2  329 3 0 0 0.467040999999995
2  330 4 0 0 0.467040999999995
0

0101000
+651 0 -649 0 *
Ve
1e-07
78.807343 -1.473321 0
0 0

0101101
*
Ed
 1e-07 1 1 0
1  966 0 0 0.2
2  331 2 0 0 0.2
2  332 3 0 0 0.2
2  333 4 0 0 0.2
0

0101000
+649 0 -647 0 *
Ve
1e-07
79.074379 -1.473321 0
0 0

0101101
*
Ed
 1e-07 1 1 0
1  967 0 0 0.26703599999999
2  334 2 0 0 0.26703599999999
2  335 3 0 0 0.26703599999999
2  336 4 0 0 0.26703599999999
0

0101000
+647 0 -645 0 *
Ve
1e-07
79.074379 -2.873321 0
0 0

0101101
*
Ed
 1e-07 1 1 0
1  968 0 0 1.4
2  337 2 0 0 1.4
2  338 3 0 0 1.4
2  339 4 0 0 1.4
0

0101000
+645 0 -643 0 *
Ve
1e-07
77.074387 -2.873321 0
0 0

0101101
*
Ed
 1e-07 1 1 0
1  969 0 0 1.99999199999999
2  340 2 0 0 1.99999199999999
2  341 3 0 0 1.99999199999999
2  342 4 0 0 1.99999199999999
0

0101000
+643 0 -641 0 *
Ve
1e-07
77.074387 -1.473321 0
0 0

0101101
*
Ed
 1e-07 1 1 0
1  970 0 0 1.4
2  343 2 0 0 1.4
2  344 3 0 0 1.4
2  345 4 0 0 1.4
0

0101000
+641 0 -639 0 *
Ve
1e-07
77.607338 -1.473321 0
0 0

0101101
*
Ed
 1e-07 1 1 0
1  971 0 0 0.532950999999997
2  346 2 0 0 0.532950999999997
2  347 3 0 0 0.532950999999997
2  348 4 0 0 0.532950999999997
0

0101000
+639 0 -637 0 *
Ve
1e-07
77.607338 -1.273321 0
0 0

0101101
*
Ed
 1e-07 1 1 0
1  972 0 0 0.2
2  349 2 0 0 0.2
2  350 3 0 0 0.2
2  351 4 0 0 0.2
0

0101000
+637 0 -635 0 *
Ve
1e-07
76.369392 -1.273321 0
0 0

0101101
*
Ed
 1e-07 1 1 0
1  973 0 0 1.23794599999999
2  352 2 0 0 1.23794599999999
2  353 3 0 0 1.23794599999999
2  354 4 0 0 1.23794599999999
0

0101000
+635 0 -633 0 *
Ve
1e-07
76.369392 -1.473321 0
0 0

0101101
*
Ed
 1e-07 1 1 0
1  974 0 0 0.2
2  355 2 0 0 0.2
2  356 3 0 0 0.2
2  357 4 0 0 0.2
0

0101000
+633 0 -631 0 *
Ve
1e-07
76.574387 -1.473321 0
0 0

0101101
*
Ed
 1e-07 1 1 0
1  975 0 0 0.204994999999997
2  358 2 0 0 0.204994999999997
2  359 3 0 0 0.204994999999997
2  360 4 0 0 0.204994999999997
0

0101000
+631 0 -629 0 *
Ve
1e-07
76.574387 -3.623321 0
0 0

0101101
*
Ed
 1e-07 1 1 0
1  976 0 0 2.15
2  361 2 0 0 2.15
2  362 3 0 0 2.15
2  363 4 0 0 2.15
0

0101000
+629 0 -627 0 *
Ve
1e-07
76.024384 -3.623321 0
0 0

0101101
*
Ed
 1e-07 1 1 0
1  977 0 0 0.550003000000004
2  364 2 0 0 0.550003000000004
2  365 3 0 0 0.550003000000004
2  366 4 0 0 0.550003000000004
0

0101000
+627 0 -625 0 *
Ve
1e-07
76.024384 -4.173321 0
0 0

0101101
*
Ed
 1e-07 1 1 0
1  978 0 0 0.55
2  367 2 0 0 0.55
2  368 3 0 0 0.55
2  369 4 0 0 0.55
0

0101000
+625 0 -623 0 *
Ve
1e-07
75.224388 -4.173321 0
0 0

0101101
*
Ed
 1e-07 1 1 0
1  979 0 0 0.799995999999993
2  370 2 0 0 0.799995999999993
2  371 3 0 0 0.799995999999993
2  372 4 0 0 0.799995999999993
0

0101000
+623 0 -621 0 *
Ve
1e-07
75.224388 -1.473321 0
0 0

0101101
*
Ed
 1e-07 1 1 0
1  980 0 0 2.7
2  373 2 0 0 2.7
2  374 3 0 0 2.7
2  375 4 0 0 2.7
0

0101000
+621 0 -619 0 *
Ve
1e-07
75.419388 -1.473321 0
0 0

0101101
*
Ed
 1e-07 1 1 0
1  981 0 0 0.194999999999993
2  376 2 0 0 0.194999999999993
2  377 3 0 0 0.194999999999993
2  378 4 0 0 0.194999999999993
0

0101000
+619 0 -617 0 *
Ve
1e-07
75.419388 -1.273321 0
0 0

0101101
*
Ed
 1e-07 1 1 0
1  982 0 0 0.2
2  379 2 0 0 0.2
2  380 3 0 0 0.2
2  381 4 0 0 0.2
0

0101000
+617 0 -615 0 *
Ed
 1e-07 1 1 0
1  983 0 0 0.294997999999993
2  382 2 0 0 0.294997999999993
2  383 3 0 0 0.294997999999993
2  384 4 0 0 0.294997999999993
0

0101000
+615 0 -868 0 *
Wi

0101100
+866 0 +864 0 +862 0 +860 0 +858 0 +856 0 +854 0 +852 0 +850 0 +848 0 
+846 0 +844 0 +842 0 +840 0 +838 0 +836 0 +834 0 +832 0 +830 0 +828 0 
+826 0 +824 0 +822 0 +820 0 +818 0 +816 0 +814 0 +812 0 +810 0 +808 0 
+806 0 +804 0 +802 0 +800 0 +798 0 +796 0 +794 0 +792 0 +790 0 +788 0 
+786 0 +784 0 +782 0 +780 0 +778 0 +776 0 +774 0 +772 0 +770 0 +768 0 
+766 0 +764 0 +762 0 +760 0 +758 0 +756 0 +754 0 +752 0 +750 0 +748 0 
+746 0 +744 0 +742 0 +740 0 +738 0 +736 0 +734 0 +732 0 +730 0 +728 0 
+726 0 +724 0 +722 0 +720 0 +718 0 +716 0 +714 0 +712 0 +710 0 +708 0 
+706 0 +704 0 +702 0 +700 0 +698 0 +696 0 +694 0 +692 0 +690 0 +688 0 
+686 0 +684 0 +682 0 +680 0 +678 0 +676 0 +674 0 +672 0 +670 0 +668 0 
+666 0 +664 0 +662 0 +660 0 +658 0 +656 0 +654 0 +652 0 +650 0 +648 0 
+646 0 +644 0 +642 0 +640 0 +638 0 +636 0 +634 0 +632 0 +630 0 +628 0 
+626 0 +624 0 +622 0 +620 0 +618 0 +616 0 +614 0 +613 0 *
Ve
1e-07
59.748974 -5.522944 0
0 0

0101101
*
Ve
1e-07
60.473972 -5.522944 0
0 0

0101101
*
Ed
 1e-07 1 1 0
1  984 0 0 0.724998000000006
2  385 5 0 0 0.724998000000006
2  386 6 0 0 0.724998000000006
2  387 7 0 0 0.724998000000006
0

0101000
+611 0 -610 0 *
Ve
1e-07
60.473972 -7.022944 0
0 0

0101101
*
Ed
 1e-07 1 1 0
1  985 0 0 1.5
2  388 5 0 0 1.5
2  389 6 0 0 1.5
2  390 7 0 0 1.5
0

0101000
+610 0 -608 0 *
Ve
1e-07
58.823975 -7.022944 0
0 0

0101101
*
Ed
 1e-07 1 1 0
1  986 0 0 1.64999700000001
2  391 5 0 0 1.64999700000001
2  392 6 0 0 1.64999700000001
2  393 7 0 0 1.64999700000001
0

0101000
+608 0 -606 0 *
Ve
1e-07
58.823975 -5.522944 0
0 0

0101101
*
Ed
 1e-07 1 1 0
1  987 0 0 1.5
2  394 5 0 0 1.5
2  395 6 0 0 1.5
2  396 7 0 0 1.5
0

0101000
+606 0 -604 0 *
Ve
1e-07
58.898975 -5.522944 0
0 0

0101101
*
Ed
 1e-07 1 1 0
1  988 0 0 0.0750000000000028
2  397 5 0 0 0.0750000000000028
2  398 6 0 0 0.0750000000000028
2  399 7 0 0 0.0750000000000028
0

0101000
+604 0 -602 0 *
Ve
1e-07
58.898975 -5.422944 0
0 0

0101101
*
Ed
 1e-07 1 1 0
1  989 0 0 0.0999999999999996
2  400 5 0 0 0.0999999999999996
2  401 6 0 0 0.0999999999999996
2  402 7 0 0 0.0999999999999996
0

0101000
+602 0 -600 0 *
Ve
1e-07
58.723972 -5.422944 0
0 0

0101101
*
Ed
 1e-07 1 1 0
1  990 0 0 0.175002999999997
2  403 5 0 0 0.175002999999997
2  404 6 0 0 0.175002999999997
2  405 7 0 0 0.175002999999997
0

0101000
+600 0 -598 0 *
Ve
1e-07
58.723972 -8.022944 0
0 0

0101101
*
Ed
 1e-07 1 1 0
1  991 0 0 2.6
2  406 5 0 0 2.6
2  407 6 0 0 2.6
2  408 7 0 0 2.6
0

0101000
+598 0 -596 0 *
Ve
1e-07
56.173973 -8.022944 0
0 0

0101101
*
Ed
 1e-07 1 1 0
1  992 0 0 2.54999900000001
2  409 5 0 0 2.54999900000001
2  410 6 0 0 2.54999900000001
2  411 7 0 0 2.54999900000001
0

0101000
+596 0 -594 0 *
Ve
1e-07
56.173973 -9.422944 0
0 0

0101101
*
Ed
 1e-07 1 1 0
1  993 0 0 1.4
2  412 5 0 0 1.4
2  413 6 0 0 1.4
2  414 7 0 0 1.4
0

0101000
+594 0 -592 0 *
Ve
1e-07
56.498974 -9.422944 0
0 0

0101101
*
Ed
 1e-07 1 1 0
1  994 0 0 0.325001
2  415 5 0 0 0.325001
2  416 6 0 0 0.325001
2  417 7 0 0 0.325001
0

0101000
+592 0 -590 0 *
Ve
1e-07
56.498974 -9.322944 0
0 0

0101101
*
Ed
 1e-07 1 1 0
1  995 0 0 0.0999999999999996
2  418 5 0 0 0.0999999999999996
2  419 6 0 0 0.0999999999999996
2  420 7 0 0 0.0999999999999996
0

0101000
+590 0 -588 0 *
Ve
1e-07
56.273975 -9.322944 0
0 0

0101101
*
Ed
 1e-07 1 1 0
1  996 0 0 0.224998999999997
2  421 5 0 0 0.224998999999997
2  422 6 0 0 0.224998999999997
2  423 7 0 0 0.224998999999997
0

0101000
+588 0 -586 0 *
Ve
1e-07
56.273975 -8.122944 0
0 0

0101101
*
Ed
 1e-07 1 1 0
1  997 0 0 1.2
2  424 5 0 0 1.2
2  425 6 0 0 1.2
2  426 7 0 0 1.2
0

0101000
+586 0 -584 0 *
Ve
1e-07
57.823975 -8.122944 0
0 0

0101101
*
Ed
 1e-07 1 1 0
1  998 0 0 1.55
2  427 5 0 0 1.55
2  428 6 0 0 1.55
2  429 7 0 0 1.55
0

0101000
+584 0 -582 0 *
Ve
1e-07
57.823975 -9.322944 0
0 0

0101101
*
Ed
 1e-07 1 1 0
1  999 0 0 1.2
2  430 5 0 0 1.2
2  431 6 0 0 1.2
2  432 7 0 0 1.2
0

0101000
+582 0 -580 0 *
Ve
1e-07
57.598972 -9.322944 0
0 0

0101101
*
Ed
 1e-07 1 1 0
1  1000 0 0 0.225002999999994
2  433 5 0 0 0.225002999999994
2  434 6 0 0 0.225002999999994
2  435 7 0 0 0.225002999999994
0

0101000
+580 0 -578 0 *
Ve
1e-07
57.598972 -9.422944 0
0 0

0101101
*
Ed
 1e-07 1 1 0
1  1001 0 0 0.0999999999999996
2  436 5 0 0 0.0999999999999996
2  437 6 0 0 0.0999999999999996
2  438 7 0 0 0.0999999999999996
0

0101000
+578 0 -576 0 *
Ve
1e-07
57.823975 -9.422944 0
0 0

0101101
*
Ed
 1e-07 1 1 0
1  1002 0 0 0.225002999999994
2  439 5 0 0 0.225002999999994
2  440 6 0 0 0.225002999999994
2  441 7 0 0 0.225002999999994
0

0101000
+576 0 -574 0 *
Ve
1e-07
57.823975 -9.597944 0
0 0

0101101
*
Ed
 1e-07 1 1 0
1  1003 0 0 0.175000000000001
2  442 5 0 0 0.175000000000001
2  443 6 0 0 0.175000000000001
2  444 7 0 0 0.175000000000001
0

0101000
+574 0 -572 0 *
Ve
1e-07
57.923973 -9.597944 0
0 0

0101101
*
Ed
 1e-07 1 1 0
1  1004 0 0 0.0999979999999994
2  445 5 0 0 0.0999979999999994
2  446 6 0 0 0.0999979999999994
2  447 7 0 0 0.0999979999999994
0

0101000
+572 0 -570 0 *
Ve
1e-07
57.923973 -8.922944 0
0 0

0101101
*
Ed
 1e-07 1 1 0
1  1005 0 0 0.675000000000001
2  448 5 0 0 0.675000000000001
2  449 6 0 0 0.675000000000001
2  450 7 0 0 0.675000000000001
0

0101000
+570 0 -568 0 *
Ve
1e-07
58.823975 -8.922944 0
0 0

0101101
*
Ed
 1e-07 1 1 0
1  1006 0 0 0.900002000000001
2  451 5 0 0 0.900002000000001
2  452 6 0 0 0.900002000000001
2  453 7 0 0 0.900002000000001
0

0101000
+568 0 -566 0 *
Ve
1e-07
58.823975 -8.522944 0
0 0

0101101
*
Ed
 1e-07 1 1 0
1  1007 0 0 0.399999999999999
2  454 5 0 0 0.399999999999999
2  455 6 0 0 0.399999999999999
2  456 7 0 0 0.399999999999999
0

0101000
+566 0 -564 0 *
Ve
1e-07
58.898975 -8.522944 0
0 0

0101101
*
Ed
 1e-07 1 1 0
1  1008 0 0 0.0750000000000028
2  457 5 0 0 0.0750000000000028
2  458 6 0 0 0.0750000000000028
2  459 7 0 0 0.0750000000000028
0

0101000
+564 0 -562 0 *
Ve
1e-07
58.898975 -8.422944 0
0 0

0101101
*
Ed
 1e-07 1 1 0
1  1009 0 0 0.100000000000001
2  460 5 0 0 0.100000000000001
2  461 6 0 0 0.100000000000001
2  462 7 0 0 0.100000000000001
0

0101000
+562 0 -560 0 *
Ve
1e-07
58.823975 -8.422944 0
0 0

0101101
*
Ed
 1e-07 1 1 0
1  1010 0 0 0.0750000000000028
2  463 5 0 0 0.0750000000000028
2  464 6 0 0 0.0750000000000028
2  465 7 0 0 0.0750000000000028
0

0101000
+560 0 -558 0 *
Ve
1e-07
58.823975 -7.223042 0
0 0

0101101
*
Ed
 1e-07 1 1 0
1  1011 0 0 1.199902
2  466 5 0 0 1.199902
2  467 6 0 0 1.199902
2  468 7 0 0 1.199902
0

0101000
+558 0 -556 0 *
Ve
1e-07
61.07439 -7.223042 0
0 0

0101101
*
Ed
 1e-07 1 1 0
1  1012 0 0 2.250415
2  469 5 0 0 2.250415
2  470 6 0 0 2.250415
2  471 7 0 0 2.250415
0

0101000
+556 0 -554 0 *
Ve
1e-07
61.07439 -8.423321 0
0 0

0101101
*
Ed
 1e-07 1 1 0
1  1013 0 0 1.200279
2  472 5 0 0 1.200279
2  473 6 0 0 1.200279
2  474 7 0 0 1.200279
0

0101000
+554 0 -552 0 *
Ve
1e-07
61.073975 -8.422944 0
0 0

0101101
*
Ed
 1e-07 1 1 0
1  1014 0 0 0.000560672810116024
2  475 5 0 0 0.000560672810116024
2  476 6 0 0 0.000560672810116024
2  477 7 0 0 0.000560672810116024
0

0101000
+552 0 -550 0 *
Ve
1e-07
59.748974 -8.422944 0
0 0

0101101
*
Ed
 1e-07 1 1 0
1  1015 0 0 1.325001
2  478 5 0 0 1.325001
2  479 6 0 0 1.325001
2  480 7 0 0 1.325001
0

0101000
+550 0 -548 0 *
Ve
1e-07
59.748974 -8.522944 0
0 0

0101101
*
Ed
 1e-07 1 1 0
1  1016 0 0 0.100000000000001
2  481 5 0 0 0.100000000000001
2  482 6 0 0 0.100000000000001
2  483 7 0 0 0.100000000000001
0

0101000
+548 0 -546 0 *
Ve
1e-07
61.07439 -8.522944 0
0 0

0101101
*
Ed
 1e-07 1 1 0
1  1017 0 0 1.325416
2  484 5 0 0 1.325416
2  485 6 0 0 1.325416
2  486 7 0 0 1.325416
0

0101000
+546 0 -544 0 *
Ve
1e-07
61.07439 -11.773321 0
0 0

0101101
*
Ed
 1e-07 1 1 0
1  1018 0 0 3.250377
2  487 5 0 0 3.250377
2  488 6 0 0 3.250377
2  489 7 0 0 3.250377
0

0101000
+544 0 -542 0 *
Ve
1e-07
61.004391 -11.773321 0
0 0

0101101
*
Ed
 1e-07 1 1 0
1  1019 0 0 0.0699990000000028
2  490 5 0 0 0.0699990000000028
2  491 6 0 0 0.0699990000000028
2  492 7 0 0 0.0699990000000028
0

0101000
+542 0 -540 0 *
Ve
1e-07
61.004391 -13.093321 0
0 0

0101101
*
Ed
 1e-07 1 1 0
1  1020 0 0 1.32
2  493 5 0 0 1.32
2  494 6 0 0 1.32
2  495 7 0 0 1.32
0

0101000
+540 0 -538 0 *
Ve
1e-07
61.544388 -13.093321 0
0 0

0101101
*
Ed
 1e-07 1 1 0
1  1021 0 0 0.539997
2  496 5 0 0 0.539997
2  497 6 0 0 0.539997
2  498 7 0 0 0.539997
0

0101000
+538 0 -536 0 *
Ve
1e-07
61.544388 -12.773321 0
0 0

0101101
*
Ed
 1e-07 1 1 0
1  1022 0 0 0.32
2  499 5 0 0 0.32
2  500 6 0 0 0.32
2  501 7 0 0 0.32
0

0101000
+536 0 -534 0 *
Ve
1e-07
61.474388 -12.773321 0
0 0

0101101
*
Ed
 1e-07 1 1 0
1  1023 0 0 0.0700000000000003
2  502 5 0 0 0.0700000000000003
2  503 6 0 0 0.0700000000000003
2  504 7 0 0 0.0700000000000003
0

0101000
+534 0 -532 0 *
Ve
1e-07
61.474388 -8.273321 0
0 0

0101101
*
Ed
 1e-07 1 1 0
1  1024 0 0 4.5
2  505 5 0 0 4.5
2  506 6 0 0 4.5
2  507 7 0 0 4.5
0

0101000
+532 0 -530 0 *
Ve
1e-07
61.274391 -8.273321 0
0 0

0101101
*
Ed
 1e-07 1 1 0
1  1025 0 0 0.199996999999996
2  508 5 0 0 0.199996999999996
2  509 6 0 0 0.199996999999996
2  510 7 0 0 0.199996999999996
0

0101000
+530 0 -528 0 *
Ve
1e-07
61.274391 -5.673321 0
0 0

0101101
*
Ed
 1e-07 1 1 0
1  1026 0 0 2.6
2  511 5 0 0 2.6
2  512 6 0 0 2.6
2  513 7 0 0 2.6
0

0101000
+528 0 -526 0 *
Ve
1e-07
61.349388 -5.673321 0
0 0

0101101
*
Ed
 1e-07 1 1 0
1  1027 0 0 0.0749969999999962
2  514 5 0 0 0.0749969999999962
2  515 6 0 0 0.0749969999999962
2  516 7 0 0 0.0749969999999962
0

0101000
+526 0 -524 0 *
Ve
1e-07
61.349388 -5.473321 0
0 0

0101101
*
Ed
 1e-07 1 1 0
1  1028 0 0 0.199999999999999
2  517 5 0 0 0.199999999999999
2  518 6 0 0 0.199999999999999
2  519 7 0 0 0.199999999999999
0

0101000
+524 0 -522 0 *
Ve
1e-07
61.07439 -5.473321 0
0 0

0101101
*
Ed
 1e-07 1 1 0
1  1029 0 0 0.274997999999997
2  520 5 0 0 0.274997999999997
2  521 6 0 0 0.274997999999997
2  522 7 0 0 0.274997999999997
0

0101000
+522 0 -520 0 *
Ve
1e-07
61.07439 -5.473699 0
0 0

0101101
*
Ed
 1e-07 1 1 0
1  1030 0 0 0.000377999999999545
2  523 5 0 0 0.000377999999999545
2  524 6 0 0 0.000377999999999545
2  525 7 0 0 0.000377999999999545
0

0101000
+520 0 -518 0 *
Ve
1e-07
60.724388 -5.473699 0
0 0

0101101
*
Ed
 1e-07 1 1 0
1  1031 0 0 0.350002000000003
2  526 5 0 0 0.350002000000003
2  527 6 0 0 0.350002000000003
2  528 7 0 0 0.350002000000003
0

0101000
+518 0 -516 0 *
Ve
1e-07
60.724388 -5.247944 0
0 0

0101101
*
Ed
 1e-07 1 1 0
1  1032 0 0 0.225754999999999
2  529 5 0 0 0.225754999999999
2  530 6 0 0 0.225754999999999
2  531 7 0 0 0.225754999999999
0

0101000
+516 0 -514 0 *
Ve
1e-07
60.524391 -5.247944 0
0 0

0101101
*
Ed
 1e-07 1 1 0
1  1033 0 0 0.199996999999996
2  532 5 0 0 0.199996999999996
2  533 6 0 0 0.199996999999996
2  534 7 0 0 0.199996999999996
0

0101000
+514 0 -512 0 *
Ve
1e-07
60.524391 -5.422944 0
0 0

0101101
*
Ed
 1e-07 1 1 0
1  1034 0 0 0.175
2  535 5 0 0 0.175
2  536 6 0 0 0.175
2  537 7 0 0 0.175
0

0101000
+512 0 -510 0 *
Ve
1e-07
59.748974 -5.422944 0
0 0

0101101
*
Ed
 1e-07 1 1 0
1  1035 0 0 0.775417000000004
2  538 5 0 0 0.775417000000004
2  539 6 0 0 0.775417000000004
2  540 7 0 0 0.775417000000004
0

0101000
+510 0 -508 0 *
Ed
 1e-07 1 1 0
1  1036 0 0 0.0999999999999996
2  541 5 0 0 0.0999999999999996
2  542 6 0 0 0.0999999999999996
2  543 7 0 0 0.0999999999999996
0

0101000
+508 0 -611 0 *
Wi

0101100
+609 0 +607 0 +605 0 +603 0 +601 0 +599 0 +597 0 +595 0 +593 0 +591 0 
+589 0 +587 0 +585 0 +583 0 +581 0 +579 0 +577 0 +575 0 +573 0 +571 0 
+569 0 +567 0 +565 0 +563 0 +561 0 +559 0 +557 0 +555 0 +553 0 +551 0 
+549 0 +547 0 +545 0 +543 0 +541 0 +539 0 +537 0 +535 0 +533 0 +531 0 
+529 0 +527 0 +525 0 +523 0 +521 0 +519 0 +517 0 +515 0 +513 0 +511 0 
+509 0 +507 0 +506 0 *
Ve
1e-07
50.87439 -11.023321 0
0 0

0101101
*
Ve
1e-07
54.07439 -11.023321 0
0 0

0101101
*
Ed
 1e-07 1 1 0
1  1037 0 0 3.2
2  544 8 0 0 3.2
2  545 9 0 0 3.2
0

0101000
+504 0 -503 0 *
Ve
1e-07
54.07439 -10.722944 0
0 0

0101101
*
Ed
 1e-07 1 1 0
1  1038 0 0 0.300376999999999
2  546 8 0 0 0.300376999999999
2  547 9 0 0 0.300376999999999
0

0101000
+503 0 -501 0 *
Ve
1e-07
54.973972 -10.722944 0
0 0

0101101
*
Ed
 1e-07 1 1 0
1  1039 0 0 0.899582000000002
2  548 8 0 0 0.899582000000002
2  549 9 0 0 0.899582000000002
0

0101000
+501 0 -499 0 *
Ve
1e-07
54.973972 -10.972944 0
0 0

0101101
*
Ed
 1e-07 1 1 0
1  1040 0 0 0.25
2  550 8 0 0 0.25
2  551 9 0 0 0.25
0

0101000
+499 0 -497 0 *
Ve
1e-07
55.073975 -10.972944 0
0 0

0101101
*
Ed
 1e-07 1 1 0
1  1041 0 0 0.100002999999994
2  552 8 0 0 0.100002999999994
2  553 9 0 0 0.100002999999994
0

0101000
+497 0 -495 0 *
Ve
1e-07
55.073975 -10.723322 0
0 0

0101101
*
Ed
 1e-07 1 1 0
1  1042 0 0 0.249622
2  554 8 0 0 0.249622
2  555 9 0 0 0.249622
0

0101000
+495 0 -493 0 *
Ve
1e-07
55.07439 -10.723322 0
0 0

0101101
*
Ed
 1e-07 1 1 0
1  1043 0 0 0.000415000000003829
2  556 8 0 0 0.000415000000003829
2  557 9 0 0 0.000415000000003829
0

0101000
+493 0 -491 0 *
Ve
1e-07
55.07439 -9.847944 0
0 0

0101101
*
Ed
 1e-07 1 1 0
1  1044 0 0 0.875378
2  558 8 0 0 0.875378
2  559 9 0 0 0.875378
0

0101000
+491 0 -489 0 *
Ve
1e-07
54.974388 -9.847944 0
0 0

0101101
*
Ed
 1e-07 1 1 0
1  1045 0 0 0.100002000000003
2  560 8 0 0 0.100002000000003
2  561 9 0 0 0.100002000000003
0

0101000
+489 0 -487 0 *
Ve
1e-07
54.973972 -10.522944 0
0 0

0101101
*
Ed
 1e-07 1 1 0
1  1046 0 0 0.675000128189618
2  562 8 0 0 0.675000128189618
2  563 9 0 0 0.675000128189618
0

0101000
+487 0 -485 0 *
Ve
1e-07
54.07439 -10.522944 0
0 0

0101101
*
Ed
 1e-07 1 1 0
1  1047 0 0 0.899582000000002
2  564 8 0 0 0.899582000000002
2  565 9 0 0 0.899582000000002
0

0101000
+485 0 -483 0 *
Ve
1e-07
54.07439 -10.523321 0
0 0

0101101
*
Ed
 1e-07 1 1 0
1  1048 0 0 0.000376999999998517
2  566 8 0 0 0.000376999999998517
2  567 9 0 0 0.000376999999998517
0

0101000
+483 0 -481 0 *
Ve
1e-07
50.87439 -10.523321 0
0 0

0101101
*
Ed
 1e-07 1 1 0
1  1049 0 0 3.2
2  568 8 0 0 3.2
2  569 9 0 0 3.2
0

0101000
+481 0 -479 0 *
Ed
 1e-07 1 1 0
1  1050 0 0 0.5
2  570 8 0 0 0.5
2  571 9 0 0 0.5
0

0101000
+479 0 -504 0 *
Wi

0101100
+502 0 +500 0 +498 0 +496 0 +494 0 +492 0 +490 0 +488 0 +486 0 +484 0 
+482 0 +480 0 +478 0 +477 0 *
Ve
1e-07
50.87439 -15.023321 0
0 0

0101101
*
Ve
1e-07
50.87439 -15.123322 0
0 0

0101101
*
Ed
 1e-07 1 1 0
1  1051 0 0 0.100001000000001
2  572 10 0 0 0.100001000000001
2  573 11 0 0 0.100001000000001
0

0101000
+475 0 -474 0 *
Ve
1e-07
55.148975 -15.123322 0
0 0

0101101
*
Ed
 1e-07 1 1 0
1  1052 0 0 4.274585
2  574 10 0 0 4.274585
2  575 11 0 0 4.274585
0

0101000
+474 0 -472 0 *
Ve
1e-07
55.148975 -15.023321 0
0 0

0101101
*
Ed
 1e-07 1 1 0
1  1053 0 0 0.100001000000001
2  576 10 0 0 0.100001000000001
2  577 11 0 0 0.100001000000001
0

0101000
+472 0 -470 0 *
Ve
1e-07
55.073975 -15.023321 0
0 0

0101101
*
Ed
 1e-07 1 1 0
1  1054 0 0 0.0750000000000028
2  578 10 0 0 0.0750000000000028
2  579 11 0 0 0.0750000000000028
0

0101000
+470 0 -468 0 *
Ve
1e-07
55.073975 -11.922944 0
0 0

0101101
*
Ed
 1e-07 1 1 0
1  1055 0 0 3.100377
2  580 10 0 0 3.100377
2  581 11 0 0 3.100377
0

0101000
+468 0 -466 0 *
Ve
1e-07
54.973972 -11.922944 0
0 0

0101101
*
Ed
 1e-07 1 1 0
1  1056 0 0 0.100002999999994
2  582 10 0 0 0.100002999999994
2  583 11 0 0 0.100002999999994
0

0101000
+466 0 -464 0 *
Ve
1e-07
54.973972 -12.723321 0
0 0

0101101
*
Ed
 1e-07 1 1 0
1  1057 0 0 0.800377000000001
2  584 10 0 0 0.800377000000001
2  585 11 0 0 0.800377000000001
0

0101000
+464 0 -462 0 *
Ve
1e-07
54.373974 -12.723321 0
0 0

0101101
*
Ed
 1e-07 1 1 0
1  1058 0 0 0.599998000000006
2  586 10 0 0 0.599998000000006
2  587 11 0 0 0.599998000000006
0

0101000
+462 0 -460 0 *
Ve
1e-07
54.373974 -12.823322 0
0 0

0101101
*
Ed
 1e-07 1 1 0
1  1059 0 0 0.100000999999999
2  588 10 0 0 0.100000999999999
2  589 11 0 0 0.100000999999999
0

0101000
+460 0 -458 0 *
Ve
1e-07
54.973972 -12.823322 0
0 0

0101101
*
Ed
 1e-07 1 1 0
1  1060 0 0 0.599998000000006
2  590 10 0 0 0.599998000000006
2  591 11 0 0 0.599998000000006
0

0101000
+458 0 -456 0 *
Ve
1e-07
54.973972 -15.023321 0
0 0

0101101
*
Ed
 1e-07 1 1 0
1  1061 0 0 2.199999
2  592 10 0 0 2.199999
2  593 11 0 0 2.199999
0

0101000
+456 0 -454 0 *
Ed
 1e-07 1 1 0
1  1062 0 0 4.09958200000001
2  594 10 0 0 4.09958200000001
2  595 11 0 0 4.09958200000001
0

0101000
+454 0 -475 0 *
Wi

0101100
+473 0 +471 0 +469 0 +467 0 +465 0 +463 0 +461 0 +459 0 +457 0 +455 0 
+453 0 +452 0 *
Ve
1e-07
56.344391 -0.123321 0
0 0

0101101
*
Ve
1e-07
56.344391 -0.023321 0
0 0

0101101
*
Ed
 1e-07 1 1 0
1  1063 0 0 0.1
2  596 12 0 0 0.1
2  597 13 0 0 0.1
0

0101000
+450 0 -449 0 *
Ve
1e-07
52.698975 -0.023321 0
0 0

0101101
*
Ed
 1e-07 1 1 0
1  1064 0 0 3.645416
2  598 12 0 0 3.645416
2  599 13 0 0 3.645416
0

0101000
+449 0 -447 0 *
Ve
1e-07
52.698975 -0.123321 0
0 0

0101101
*
Ed
 1e-07 1 1 0
1  1065 0 0 0.1
2  600 12 0 0 0.1
2  601 13 0 0 0.1
0

0101000
+447 0 -445 0 *
Ed
 1e-07 1 1 0
1  1066 0 0 3.645416
2  602 12 0 0 3.645416
2  603 13 0 0 3.645416
0

0101000
+445 0 -450 0 *
Wi

0101100
+448 0 +446 0 +444 0 +443 0 *
Ve
1e-07
96.379387 1.726679 0
0 0

0101101
*
Ve
1e-07
96.474388 1.726679 0
0 0

0101101
*
Ed
 1e-07 1 1 0
1  1067 0 0 0.0950010000000105
2  604 14 0 0 0.0950010000000105
2  605 15 0 0 0.0950010000000105
2  606 16 0 0 0.0950010000000105
0

0101000
+441 0 -440 0 *
Ve
1e-07
96.474388 -4.173321 0
0 0

0101101
*
Ed
 1e-07 1 1 0
1  1068 0 0 5.9
2  607 14 0 0 5.9
2  608 15 0 0 5.9
2  609 16 0 0 5.9
0

0101000
+440 0 -438 0 *
Ve
1e-07
96.674393 -4.173321 0
0 0

0101101
*
Ed
 1e-07 1 1 0
1  1069 0 0 0.20000499999999
2  610 14 0 0 0.20000499999999
2  611 15 0 0 0.20000499999999
2  612 16 0 0 0.20000499999999
0

0101000
+438 0 -436 0 *
Ve
1e-07
96.674393 -4.023321 0
0 0

0101101
*
Ed
 1e-07 1 1 0
1  1070 0 0 0.149999999999999
2  613 14 0 0 0.149999999999999
2  614 15 0 0 0.149999999999999
2  615 16 0 0 0.149999999999999
0

0101000
+436 0 -434 0 *
Ve
1e-07
97.87439 -4.023321 0
0 0

0101101
*
Ed
 1e-07 1 1 0
1  1071 0 0 1.19999700000001
2  616 14 0 0 1.19999700000001
2  617 15 0 0 1.19999700000001
2  618 16 0 0 1.19999700000001
0

0101000
+434 0 -432 0 *
Ve
1e-07
97.87439 -5.348321 0
0 0

0101101
*
Ed
 1e-07 1 1 0
1  1072 0 0 1.325
2  619 14 0 0 1.325
2  620 15 0 0 1.325
2  621 16 0 0 1.325
0

0101000
+432 0 -430 0 *
Ve
1e-07
97.974388 -5.348321 0
0 0

0101101
*
Ed
 1e-07 1 1 0
1  1073 0 0 0.0999979999999994
2  622 14 0 0 0.0999979999999994
2  623 15 0 0 0.0999979999999994
2  624 16 0 0 0.0999979999999994
0

0101000
+430 0 -428 0 *
Ve
1e-07
97.974388 -4.473321 0
0 0

0101101
*
Ed
 1e-07 1 1 0
1  1074 0 0 0.875
2  625 14 0 0 0.875
2  626 15 0 0 0.875
2  627 16 0 0 0.875
0

0101000
+428 0 -426 0 *
Ve
1e-07
99.37439 -4.473321 0
0 0

0101101
*
Ed
 1e-07 1 1 0
1  1075 0 0 1.400002
2  628 14 0 0 1.400002
2  629 15 0 0 1.400002
2  630 16 0 0 1.400002
0

0101000
+426 0 -424 0 *
Ve
1e-07
99.37439 -6.273321 0
0 0

0101101
*
Ed
 1e-07 1 1 0
1  1076 0 0 1.8
2  631 14 0 0 1.8
2  632 15 0 0 1.8
2  633 16 0 0 1.8
0

0101000
+424 0 -422 0 *
Ve
1e-07
97.974388 -6.273321 0
0 0

0101101
*
Ed
 1e-07 1 1 0
1  1077 0 0 1.400002
2  634 14 0 0 1.400002
2  635 15 0 0 1.400002
2  636 16 0 0 1.400002
0

0101000
+422 0 -420 0 *
Ve
1e-07
97.974388 -6.198321 0
0 0

0101101
*
Ed
 1e-07 1 1 0
1  1078 0 0 0.0750000000000002
2  637 14 0 0 0.0750000000000002
2  638 15 0 0 0.0750000000000002
2  639 16 0 0 0.0750000000000002
0

0101000
+420 0 -418 0 *
Ve
1e-07
97.87439 -6.198321 0
0 0

0101101
*
Ed
 1e-07 1 1 0
1  1079 0 0 0.0999979999999994
2  640 14 0 0 0.0999979999999994
2  641 15 0 0 0.0999979999999994
2  642 16 0 0 0.0999979999999994
0

0101000
+418 0 -416 0 *
Ve
1e-07
97.87439 -6.373321 0
0 0

0101101
*
Ed
 1e-07 1 1 0
1  1080 0 0 0.175
2  643 14 0 0 0.175
2  644 15 0 0 0.175
2  645 16 0 0 0.175
0

0101000
+416 0 -414 0 *
Ve
1e-07
100.324387 -6.373321 0
0 0

0101101
*
Ed
 1e-07 1 1 0
1  1081 0 0 2.449997
2  646 14 0 0 2.449997
2  647 15 0 0 2.449997
2  648 16 0 0 2.449997
0

0101000
+414 0 -412 0 *
Ve
1e-07
100.324387 -8.773321 0
0 0

0101101
*
Ed
 1e-07 1 1 0
1  1082 0 0 2.4
2  649 14 0 0 2.4
2  650 15 0 0 2.4
2  651 16 0 0 2.4
0

0101000
+412 0 -410 0 *
Ve
1e-07
101.724388 -8.773321 0
0 0

0101101
*
Ed
 1e-07 1 1 0
1  1083 0 0 1.400001
2  652 14 0 0 1.400001
2  653 15 0 0 1.400001
2  654 16 0 0 1.400001
0

0101000
+410 0 -408 0 *
Ve
1e-07
101.724388 -8.548321 0
0 0

0101101
*
Ed
 1e-07 1 1 0
1  1084 0 0 0.225
2  655 14 0 0 0.225
2  656 15 0 0 0.225
2  657 16 0 0 0.225
0

0101000
+408 0 -406 0 *
Ve
1e-07
101.62439 -8.548321 0
0 0

0101101
*
Ed
 1e-07 1 1 0
1  1085 0 0 0.0999979999999994
2  658 14 0 0 0.0999979999999994
2  659 15 0 0 0.0999979999999994
2  660 16 0 0 0.0999979999999994
0

0101000
+406 0 -404 0 *
Ve
1e-07
101.62439 -8.673321 0
0 0

0101101
*
Ed
 1e-07 1 1 0
1  1086 0 0 0.125
2  661 14 0 0 0.125
2  662 15 0 0 0.125
2  663 16 0 0 0.125
0

0101000
+404 0 -402 0 *
Ve
1e-07
100.424393 -8.673321 0
0 0

0101101
*
Ed
 1e-07 1 1 0
1  1087 0 0 1.19999700000001
2  664 14 0 0 1.19999700000001
2  665 15 0 0 1.19999700000001
2  666 16 0 0 1.19999700000001
0

0101000
+402 0 -400 0 *
Ve
1e-07
100.424393 -7.323322 0
0 0

0101101
*
Ed
 1e-07 1 1 0
1  1088 0 0 1.349999
2  667 14 0 0 1.349999
2  668 15 0 0 1.349999
2  669 16 0 0 1.349999
0

0101000
+400 0 -398 0 *
Ve
1e-07
101.62439 -7.323322 0
0 0

0101101
*
Ed
 1e-07 1 1 0
1  1089 0 0 1.19999700000001
2  670 14 0 0 1.19999700000001
2  671 15 0 0 1.19999700000001
2  672 16 0 0 1.19999700000001
0

0101000
+398 0 -396 0 *
Ve
1e-07
101.62439 -7.448322 0
0 0

0101101
*
Ed
 1e-07 1 1 0
1  1090 0 0 0.125
2  673 14 0 0 0.125
2  674 15 0 0 0.125
2  675 16 0 0 0.125
0

0101000
+396 0 -394 0 *
Ve
1e-07
101.724388 -7.448322 0
0 0

0101101
*
Ed
 1e-07 1 1 0
1  1091 0 0 0.0999979999999994
2  676 14 0 0 0.0999979999999994
2  677 15 0 0 0.0999979999999994
2  678 16 0 0 0.0999979999999994
0

0101000
+394 0 -392 0 *
Ve
1e-07
101.724388 -7.323322 0
0 0

0101101
*
Ed
 1e-07 1 1 0
1  1092 0 0 0.125
2  679 14 0 0 0.125
2  680 15 0 0 0.125
2  681 16 0 0 0.125
0

0101000
+392 0 -390 0 *
Ve
1e-07
101.899391 -7.323322 0
0 0

0101101
*
Ed
 1e-07 1 1 0
1  1093 0 0 0.17500299999999
2  682 14 0 0 0.17500299999999
2  683 15 0 0 0.17500299999999
2  684 16 0 0 0.17500299999999
0

0101000
+390 0 -388 0 *
Ve
1e-07
101.899391 -7.223321 0
0 0

0101101
*
Ed
 1e-07 1 1 0
1  1094 0 0 0.100001
2  685 14 0 0 0.100001
2  686 15 0 0 0.100001
2  687 16 0 0 0.100001
0

0101000
+388 0 -386 0 *
Ve
1e-07
101.224388 -7.223321 0
0 0

0101101
*
Ed
 1e-07 1 1 0
1  1095 0 0 0.67500299999999
2  688 14 0 0 0.67500299999999
2  689 15 0 0 0.67500299999999
2  690 16 0 0 0.67500299999999
0

0101000
+386 0 -384 0 *
Ve
1e-07
101.224388 -6.273321 0
0 0

0101101
*
Ed
 1e-07 1 1 0
1  1096 0 0 0.95
2  691 14 0 0 0.95
2  692 15 0 0 0.95
2  693 16 0 0 0.95
0

0101000
+384 0 -382 0 *
Ve
1e-07
100.824387 -6.273321 0
0 0

0101101
*
Ed
 1e-07 1 1 0
1  1097 0 0 0.400001000000003
2  694 14 0 0 0.400001000000003
2  695 15 0 0 0.400001000000003
2  696 16 0 0 0.400001000000003
0

0101000
+382 0 -380 0 *
Ve
1e-07
100.824387 -6.198321 0
0 0

0101101
*
Ed
 1e-07 1 1 0
1  1098 0 0 0.0750000000000002
2  697 14 0 0 0.0750000000000002
2  698 15 0 0 0.0750000000000002
2  699 16 0 0 0.0750000000000002
0

0101000
+380 0 -378 0 *
Ve
1e-07
100.724388 -6.198321 0
0 0

0101101
*
Ed
 1e-07 1 1 0
1  1099 0 0 0.0999989999999968
2  700 14 0 0 0.0999989999999968
2  701 15 0 0 0.0999989999999968
2  702 16 0 0 0.0999989999999968
0

0101000
+378 0 -376 0 *
Ve
1e-07
100.724388 -6.273321 0
0 0

0101101
*
Ed
 1e-07 1 1 0
1  1100 0 0 0.0750000000000002
2  703 14 0 0 0.0750000000000002
2  704 15 0 0 0.0750000000000002
2  705 16 0 0 0.0750000000000002
0

0101000
+376 0 -374 0 *
Ve
1e-07
99.524391 -6.273321 0
0 0

0101101
*
Ed
 1e-07 1 1 0
1  1101 0 0 1.19999700000001
2  706 14 0 0 1.19999700000001
2  707 15 0 0 1.19999700000001
2  708 16 0 0 1.19999700000001
0

0101000
+374 0 -372 0 *
Ve
1e-07
99.524391 -3.873321 0
0 0

0101101
*
Ed
 1e-07 1 1 0
1  1102 0 0 2.4
2  709 14 0 0 2.4
2  710 15 0 0 2.4
2  711 16 0 0 2.4
0

0101000
+372 0 -370 0 *
Ve
1e-07
100.724388 -3.873321 0
0 0

0101101
*
Ed
 1e-07 1 1 0
1  1103 0 0 1.19999700000001
2  712 14 0 0 1.19999700000001
2  713 15 0 0 1.19999700000001
2  714 16 0 0 1.19999700000001
0

0101000
+370 0 -368 0 *
Ve
1e-07
100.724388 -5.348321 0
0 0

0101101
*
Ed
 1e-07 1 1 0
1  1104 0 0 1.475
2  715 14 0 0 1.475
2  716 15 0 0 1.475
2  717 16 0 0 1.475
0

0101000
+368 0 -366 0 *
Ve
1e-07
100.824387 -5.348321 0
0 0

0101101
*
Ed
 1e-07 1 1 0
1  1105 0 0 0.0999989999999968
2  718 14 0 0 0.0999989999999968
2  719 15 0 0 0.0999989999999968
2  720 16 0 0 0.0999989999999968
0

0101000
+366 0 -364 0 *
Ve
1e-07
100.824387 -3.873321 0
0 0

0101101
*
Ed
 1e-07 1 1 0
1  1106 0 0 1.475
2  721 14 0 0 1.475
2  722 15 0 0 1.475
2  723 16 0 0 1.475
0

0101000
+364 0 -362 0 *
Ve
1e-07
103.349388 -3.873321 0
0 0

0101101
*
Ed
 1e-07 1 1 0
1  1107 0 0 2.525001
2  724 14 0 0 2.525001
2  725 15 0 0 2.525001
2  726 16 0 0 2.525001
0

0101000
+362 0 -360 0 *
Ve
1e-07
103.349388 -3.943321 0
0 0

0101101
*
Ed
 1e-07 1 1 0
1  1108 0 0 0.0700000000000003
2  727 14 0 0 0.0700000000000003
2  728 15 0 0 0.0700000000000003
2  729 16 0 0 0.0700000000000003
0

0101000
+360 0 -358 0 *
Ve
1e-07
104.834389 -3.943321 0
0 0

0101101
*
Ed
 1e-07 1 1 0
1  1109 0 0 1.485001
2  730 14 0 0 1.485001
2  731 15 0 0 1.485001
2  732 16 0 0 1.485001
0

0101000
+358 0 -356 0 *
Ve
1e-07
104.834389 -3.403321 0
0 0

0101101
*
Ed
 1e-07 1 1 0
1  1110 0 0 0.54
2  733 14 0 0 0.54
2  734 15 0 0 0.54
2  735 16 0 0 0.54
0

0101000
+356 0 -354 0 *
Ve
1e-07
104.574387 -3.403321 0
0 0

0101101
*
Ed
 1e-07 1 1 0
1  1111 0 0 0.260002
2  736 14 0 0 0.260002
2  737 15 0 0 0.260002
2  738 16 0 0 0.260002
0

0101000
+354 0 -352 0 *
Ve
1e-07
104.574387 -3.473321 0
0 0

0101101
*
Ed
 1e-07 1 1 0
1  1112 0 0 0.0699999999999998
2  739 14 0 0 0.0699999999999998
2  740 15 0 0 0.0699999999999998
2  741 16 0 0 0.0699999999999998
0

0101000
+352 0 -350 0 *
Ve
1e-07
100.99939 -3.473321 0
0 0

0101101
*
Ed
 1e-07 1 1 0
1  1113 0 0 3.574997
2  742 14 0 0 3.574997
2  743 15 0 0 3.574997
2  744 16 0 0 3.574997
0

0101000
+350 0 -348 0 *
Ve
1e-07
100.99939 -3.673321 0
0 0

0101101
*
Ed
 1e-07 1 1 0
1  1114 0 0 0.2
2  745 14 0 0 0.2
2  746 15 0 0 0.2
2  747 16 0 0 0.2
0

0101000
+348 0 -346 0 *
Ve
1e-07
96.62439 -3.673321 0
0 0

0101101
*
Ed
 1e-07 1 1 0
1  1115 0 0 4.375
2  748 14 0 0 4.375
2  749 15 0 0 4.375
2  750 16 0 0 4.375
0

0101000
+346 0 -344 0 *
Ve
1e-07
96.62439 -1.523321 0
0 0

0101101
*
Ed
 1e-07 1 1 0
1  1116 0 0 2.15
2  751 14 0 0 2.15
2  752 15 0 0 2.15
2  753 16 0 0 2.15
0

0101000
+344 0 -342 0 *
Ve
1e-07
97.229393 -1.523321 0
0 0

0101101
*
Ed
 1e-07 1 1 0
1  1117 0 0 0.605002999999996
2  754 14 0 0 0.605002999999996
2  755 15 0 0 0.605002999999996
2  756 16 0 0 0.605002999999996
0

0101000
+342 0 -340 0 *
Ve
1e-07
97.229393 0.526678 0
0 0

0101101
*
Ed
 1e-07 1 1 0
1  1118 0 0 2.049999
2  757 14 0 0 2.049999
2  758 15 0 0 2.049999
2  759 16 0 0 2.049999
0

0101000
+340 0 -338 0 *
Ve
1e-07
96.62439 0.526678 0
0 0

0101101
*
Ed
 1e-07 1 1 0
1  1119 0 0 0.605002999999996
2  760 14 0 0 0.605002999999996
2  761 15 0 0 0.605002999999996
2  762 16 0 0 0.605002999999996
0

0101000
+338 0 -336 0 *
Ve
1e-07
96.62439 1.726679 0
0 0

0101101
*
Ed
 1e-07 1 1 0
1  1120 0 0 1.200001
2  763 14 0 0 1.200001
2  764 15 0 0 1.200001
2  765 16 0 0 1.200001
0

0101000
+336 0 -334 0 *
Ve
1e-07
96.834641 1.726679 0
0 0

0101101
*
Ed
 1e-07 1 1 0
1  1121 0 0 0.210251
2  766 14 0 0 0.210251
2  767 15 0 0 0.210251
2  768 16 0 0 0.210251
0

0101000
+334 0 -332 0 *
Ve
1e-07
96.834641 1.876679 0
0 0

0101101
*
Ed
 1e-07 1 1 0
1  1122 0 0 0.15
2  769 14 0 0 0.15
2  770 15 0 0 0.15
2  771 16 0 0 0.15
0

0101000
+332 0 -330 0 *
Ve
1e-07
96.379387 1.876679 0
0 0

0101101
*
Ed
 1e-07 1 1 0
1  1123 0 0 0.455254000000011
2  772 14 0 0 0.455254000000011
2  773 15 0 0 0.455254000000011
2  774 16 0 0 0.455254000000011
0

0101000
+330 0 -328 0 *
Ed
 1e-07 1 1 0
1  1124 0 0 0.15
2  775 14 0 0 0.15
2  776 15 0 0 0.15
2  777 16 0 0 0.15
0

0101000
+328 0 -441 0 *
Wi

0101100
+439 0 +437 0 +435 0 +433 0 +431 0 +429 0 +427 0 +425 0 +423 0 +421 0 
+419 0 +417 0 +415 0 +413 0 +411 0 +409 0 +407 0 +405 0 +403 0 +401 0 
+399 0 +397 0 +395 0 +393 0 +391 0 +389 0 +387 0 +385 0 +383 0 +381 0 
+379 0 +377 0 +375 0 +373 0 +371 0 +369 0 +367 0 +365 0 +363 0 +361 0 
+359 0 +357 0 +355 0 +353 0 +351 0 +349 0 +347 0 +345 0 +343 0 +341 0 
+339 0 +337 0 +335 0 +333 0 +331 0 +329 0 +327 0 +326 0 *
Ve
1e-07
78.370636 3.526678 0
0 0

0101101
*
Ve
1e-07
77.77314 3.526678 0
0 0

0101101
*
Ed
 1e-07 1 1 0
1  1125 0 0 0.597496000000007
2  778 17 0 0 0.597496000000007
2  779 18 0 0 0.597496000000007
0

0101000
+324 0 -323 0 *
Ve
1e-07
77.77314 3.326679 0
0 0

0101101
*
Ed
 1e-07 1 1 0
1  1126 0 0 0.199999
2  780 17 0 0 0.199999
2  781 18 0 0 0.199999
0

0101000
+323 0 -321 0 *
Ve
1e-07
78.370636 3.326679 0
0 0

0101101
*
Ed
 1e-07 1 1 0
1  1127 0 0 0.597496000000007
2  782 17 0 0 0.597496000000007
2  783 18 0 0 0.597496000000007
0

0101000
+321 0 -319 0 *
Ed
 1e-07 1 1 0
1  1128 0 0 0.199999
2  784 17 0 0 0.199999
2  785 18 0 0 0.199999
0

0101000
+319 0 -324 0 *
Wi

0101100
+322 0 +320 0 +318 0 +317 0 *
Ve
1e-07
88.074387 0.926678 0
0 0

0101101
*
Ve
1e-07
88.074387 1.226679 0
0 0

0101101
*
Ed
 1e-07 1 1 0
1  1129 0 0 0.300001
2  786 19 0 0 0.300001
2  787 20 0 0 0.300001
0

0101000
+315 0 -314 0 *
Ve
1e-07
87.974388 1.226679 0
0 0

0101101
*
Ed
 1e-07 1 1 0
1  1130 0 0 0.0999989999999968
2  788 19 0 0 0.0999989999999968
2  789 20 0 0 0.0999989999999968
0

0101000
+314 0 -312 0 *
Ve
1e-07
87.974388 3.226679 0
0 0

0101101
*
Ed
 1e-07 1 1 0
1  1131 0 0 2
2  790 19 0 0 2
2  791 20 0 0 2
0

0101000
+312 0 -310 0 *
Ve
1e-07
87.674393 3.226679 0
0 0

0101101
*
Ed
 1e-07 1 1 0
1  1132 0 0 0.29999500000001
2  792 19 0 0 0.29999500000001
2  793 20 0 0 0.29999500000001
0

0101000
+310 0 -308 0 *
Ve
1e-07
87.674393 1.126678 0
0 0

0101101
*
Ed
 1e-07 1 1 0
1  1133 0 0 2.100001
2  794 19 0 0 2.100001
2  795 20 0 0 2.100001
0

0101000
+308 0 -306 0 *
Ve
1e-07
87.474388 1.126678 0
0 0

0101101
*
Ed
 1e-07 1 1 0
1  1134 0 0 0.20000499999999
2  796 19 0 0 0.20000499999999
2  797 20 0 0 0.20000499999999
0

0101000
+306 0 -304 0 *
Ve
1e-07
87.474388 0.926678 0
0 0

0101101
*
Ed
 1e-07 1 1 0
1  1135 0 0 0.2
2  798 19 0 0 0.2
2  799 20 0 0 0.2
0

0101000
+304 0 -302 0 *
Ed
 1e-07 1 1 0
1  1136 0 0 0.599998999999997
2  800 19 0 0 0.599998999999997
2  801 20 0 0 0.599998999999997
0

0101000
+302 0 -315 0 *
Wi

0101100
+313 0 +311 0 +309 0 +307 0 +305 0 +303 0 +301 0 +300 0 *
Ve
1e-07
100.49939 11.126678 0
0 0

0101101
*
Ve
1e-07
100.49939 8.226679 0
0 0

0101101
*
Ed
 1e-07 1 1 0
1  1137 0 0 2.899999
2  802 21 0 0 2.899999
2  803 22 0 0 2.899999
0

0101000
+298 0 -297 0 *
Ve
1e-07
100.74939 8.226679 0
0 0

0101101
*
Ed
 1e-07 1 1 0
1  1138 0 0 0.25
2  804 21 0 0 0.25
2  805 22 0 0 0.25
0

0101000
+297 0 -295 0 *
Ve
1e-07
100.74939 8.376678 0
0 0

0101101
*
Ed
 1e-07 1 1 0
1  1139 0 0 0.149998999999999
2  806 21 0 0 0.149998999999999
2  807 22 0 0 0.149998999999999
0

0101000
+295 0 -293 0 *
Ve
1e-07
100.649391 8.376678 0
0 0

0101101
*
Ed
 1e-07 1 1 0
1  1140 0 0 0.0999990000000111
2  808 21 0 0 0.0999990000000111
2  809 22 0 0 0.0999990000000111
0

0101000
+293 0 -291 0 *
Ve
1e-07
100.649391 11.126678 0
0 0

0101101
*
Ed
 1e-07 1 1 0
1  1141 0 0 2.75
2  810 21 0 0 2.75
2  811 22 0 0 2.75
0

0101000
+291 0 -289 0 *
Ve
1e-07
101.74939 11.126678 0
0 0

0101101
*
Ed
 1e-07 1 1 0
1  1142 0 0 1.09999900000001
2  812 21 0 0 1.09999900000001
2  813 22 0 0 1.09999900000001
0

0101000
+289 0 -287 0 *
Ve
1e-07
101.74939 10.001678 0
0 0

0101101
*
Ed
 1e-07 1 1 0
1  1143 0 0 1.125
2  814 21 0 0 1.125
2  815 22 0 0 1.125
0

0101000
+287 0 -285 0 *
Ve
1e-07
101.899391 10.001678 0
0 0

0101101
*
Ed
 1e-07 1 1 0
1  1144 0 0 0.150000999999989
2  816 21 0 0 0.150000999999989
2  817 22 0 0 0.150000999999989
0

0101000
+285 0 -283 0 *
Ve
1e-07
101.899391 10.876678 0
0 0

0101101
*
Ed
 1e-07 1 1 0
1  1145 0 0 0.875
2  818 21 0 0 0.875
2  819 22 0 0 0.875
0

0101000
+283 0 -281 0 *
Ve
1e-07
104.599388 10.876678 0
0 0

0101101
*
Ed
 1e-07 1 1 0
1  1146 0 0 2.69999700000001
2  820 21 0 0 2.69999700000001
2  821 22 0 0 2.69999700000001
0

0101000
+281 0 -279 0 *
Ve
1e-07
104.599388 9.951679 0
0 0

0101101
*
Ed
 1e-07 1 1 0
1  1147 0 0 0.924999
2  822 21 0 0 0.924999
2  823 22 0 0 0.924999
0

0101000
+279 0 -277 0 *
Ve
1e-07
104.699387 9.951679 0
0 0

0101101
*
Ed
 1e-07 1 1 0
1  1148 0 0 0.0999989999999968
2  824 21 0 0 0.0999989999999968
2  825 22 0 0 0.0999989999999968
0

0101000
+277 0 -275 0 *
Ve
1e-07
104.699387 9.976679 0
0 0

0101101
*
Ed
 1e-07 1 1 0
1  1149 0 0 0.0250000000000004
2  826 21 0 0 0.0250000000000004
2  827 22 0 0 0.0250000000000004
0

0101000
+275 0 -273 0 *
Ve
1e-07
105.489388 9.976679 0
0 0

0101101
*
Ed
 1e-07 1 1 0
1  1150 0 0 0.790001000000004
2  828 21 0 0 0.790001000000004
2  829 22 0 0 0.790001000000004
0

0101000
+273 0 -271 0 *
Ve
1e-07
105.489388 9.996678 0
0 0

0101101
*
Ed
 1e-07 1 1 0
1  1151 0 0 0.0199989999999985
2  830 21 0 0 0.0199989999999985
2  831 22 0 0 0.0199989999999985
0

0101000
+271 0 -269 0 *
Ve
1e-07
104.699387 9.996678 0
0 0

0101101
*
Ed
 1e-07 1 1 0
1  1152 0 0 0.790001000000004
2  832 21 0 0 0.790001000000004
2  833 22 0 0 0.790001000000004
0

0101000
+269 0 -267 0 *
Ve
1e-07
104.699387 10.876678 0
0 0

0101101
*
Ed
 1e-07 1 1 0
1  1153 0 0 0.880000000000001
2  834 21 0 0 0.880000000000001
2  835 22 0 0 0.880000000000001
0

0101000
+267 0 -265 0 *
Ve
1e-07
106.299393 10.876678 0
0 0

0101101
*
Ed
 1e-07 1 1 0
1  1154 0 0 1.60000599999999
2  836 21 0 0 1.60000599999999
2  837 22 0 0 1.60000599999999
0

0101000
+265 0 -263 0 *
Ve
1e-07
106.299393 9.996678 0
0 0

0101101
*
Ed
 1e-07 1 1 0
1  1155 0 0 0.880000000000001
2  838 21 0 0 0.880000000000001
2  839 22 0 0 0.880000000000001
0

0101000
+263 0 -261 0 *
Ve
1e-07
106.189392 9.996678 0
0 0

0101101
*
Ed
 1e-07 1 1 0
1  1156 0 0 0.110000999999997
2  840 21 0 0 0.110000999999997
2  841 22 0 0 0.110000999999997
0

0101000
+261 0 -259 0 *
Ve
1e-07
106.189392 9.976679 0
0 0

0101101
*
Ed
 1e-07 1 1 0
1  1157 0 0 0.0199989999999985
2  842 21 0 0 0.0199989999999985
2  843 22 0 0 0.0199989999999985
0

0101000
+259 0 -257 0 *
Ve
1e-07
106.299393 9.976679 0
0 0

0101101
*
Ed
 1e-07 1 1 0
1  1158 0 0 0.110000999999997
2  844 21 0 0 0.110000999999997
2  845 22 0 0 0.110000999999997
0

0101000
+257 0 -255 0 *
Ve
1e-07
106.299393 7.551678 0
0 0

0101101
*
Ed
 1e-07 1 1 0
1  1159 0 0 2.425001
2  846 21 0 0 2.425001
2  847 22 0 0 2.425001
0

0101000
+255 0 -253 0 *
Ve
1e-07
104.699387 7.551678 0
0 0

0101101
*
Ed
 1e-07 1 1 0
1  1160 0 0 1.60000599999999
2  848 21 0 0 1.60000599999999
2  849 22 0 0 1.60000599999999
0

0101000
+253 0 -251 0 *
Ve
1e-07
104.699387 9.051678 0
0 0

0101101
*
Ed
 1e-07 1 1 0
1  1161 0 0 1.5
2  850 21 0 0 1.5
2  851 22 0 0 1.5
0

0101000
+251 0 -249 0 *
Ve
1e-07
104.599388 9.051678 0
0 0

0101101
*
Ed
 1e-07 1 1 0
1  1162 0 0 0.0999989999999968
2  852 21 0 0 0.0999989999999968
2  853 22 0 0 0.0999989999999968
0

0101000
+249 0 -247 0 *
Ve
1e-07
104.599388 9.026679 0
0 0

0101101
*
Ed
 1e-07 1 1 0
1  1163 0 0 0.0249990000000011
2  854 21 0 0 0.0249990000000011
2  855 22 0 0 0.0249990000000011
0

0101000
+247 0 -245 0 *
Ve
1e-07
104.449387 9.026679 0
0 0

0101101
*
Ed
 1e-07 1 1 0
1  1164 0 0 0.150001000000003
2  856 21 0 0 0.150001000000003
2  857 22 0 0 0.150001000000003
0

0101000
+245 0 -243 0 *
Ve
1e-07
104.449387 9.006678 0
0 0

0101101
*
Ed
 1e-07 1 1 0
1  1165 0 0 0.0200009999999988
2  858 21 0 0 0.0200009999999988
2  859 22 0 0 0.0200009999999988
0

0101000
+243 0 -241 0 *
Ve
1e-07
104.599388 9.006678 0
0 0

0101101
*
Ed
 1e-07 1 1 0
1  1166 0 0 0.150001000000003
2  860 21 0 0 0.150001000000003
2  861 22 0 0 0.150001000000003
0

0101000
+241 0 -239 0 *
Ve
1e-07
104.599388 7.551678 0
0 0

0101101
*
Ed
 1e-07 1 1 0
1  1167 0 0 1.455
2  862 21 0 0 1.455
2  863 22 0 0 1.455
0

0101000
+239 0 -237 0 *
Ve
1e-07
101.899391 7.551678 0
0 0

0101101
*
Ed
 1e-07 1 1 0
1  1168 0 0 2.69999700000001
2  864 21 0 0 2.69999700000001
2  865 22 0 0 2.69999700000001
0

0101000
+237 0 -235 0 *
Ve
1e-07
101.899391 9.006678 0
0 0

0101101
*
Ed
 1e-07 1 1 0
1  1169 0 0 1.455
2  866 21 0 0 1.455
2  867 22 0 0 1.455
0

0101000
+235 0 -233 0 *
Ve
1e-07
102.029388 9.006678 0
0 0

0101101
*
Ed
 1e-07 1 1 0
1  1170 0 0 0.129997000000003
2  868 21 0 0 0.129997000000003
2  869 22 0 0 0.129997000000003
0

0101000
+233 0 -231 0 *
Ve
1e-07
102.029388 9.026679 0
0 0

0101101
*
Ed
 1e-07 1 1 0
1  1171 0 0 0.0200009999999988
2  870 21 0 0 0.0200009999999988
2  871 22 0 0 0.0200009999999988
0

0101000
+231 0 -229 0 *
Ve
1e-07
101.899391 9.026679 0
0 0

0101101
*
Ed
 1e-07 1 1 0
1  1172 0 0 0.129997000000003
2  872 21 0 0 0.129997000000003
2  873 22 0 0 0.129997000000003
0

0101000
+229 0 -227 0 *
Ve
1e-07
101.899391 9.051678 0
0 0

0101101
*
Ed
 1e-07 1 1 0
1  1173 0 0 0.0249990000000011
2  874 21 0 0 0.0249990000000011
2  875 22 0 0 0.0249990000000011
0

0101000
+227 0 -225 0 *
Ve
1e-07
101.74939 9.051678 0
0 0

0101101
*
Ed
 1e-07 1 1 0
1  1174 0 0 0.150000999999989
2  876 21 0 0 0.150000999999989
2  877 22 0 0 0.150000999999989
0

0101000
+225 0 -223 0 *
Ve
1e-07
101.74939 8.376678 0
0 0

0101101
*
Ed
 1e-07 1 1 0
1  1175 0 0 0.675000000000001
2  878 21 0 0 0.675000000000001
2  879 22 0 0 0.675000000000001
0

0101000
+223 0 -221 0 *
Ve
1e-07
101.649391 8.376678 0
0 0

0101101
*
Ed
 1e-07 1 1 0
1  1176 0 0 0.0999990000000111
2  880 21 0 0 0.0999990000000111
2  881 22 0 0 0.0999990000000111
0

0101000
+221 0 -219 0 *
Ve
1e-07
101.649391 8.226679 0
0 0

0101101
*
Ed
 1e-07 1 1 0
1  1177 0 0 0.149998999999999
2  882 21 0 0 0.149998999999999
2  883 22 0 0 0.149998999999999
0

0101000
+219 0 -217 0 *
Ve
1e-07
101.74939 8.226679 0
0 0

0101101
*
Ed
 1e-07 1 1 0
1  1178 0 0 0.0999990000000111
2  884 21 0 0 0.0999990000000111
2  885 22 0 0 0.0999990000000111
0

0101000
+217 0 -215 0 *
Ve
1e-07
101.74939 6.726679 0
0 0

0101101
*
Ed
 1e-07 1 1 0
1  1179 0 0 1.5
2  886 21 0 0 1.5
2  887 22 0 0 1.5
0

0101000
+215 0 -213 0 *
Ve
1e-07
101.649391 6.726679 0
0 0

0101101
*
Ed
 1e-07 1 1 0
1  1180 0 0 0.0999990000000111
2  888 21 0 0 0.0999990000000111
2  889 22 0 0 0.0999990000000111
0

0101000
+213 0 -211 0 *
Ve
1e-07
101.649391 6.576679 0
0 0

0101101
*
Ed
 1e-07 1 1 0
1  1181 0 0 0.149999999999999
2  890 21 0 0 0.149999999999999
2  891 22 0 0 0.149999999999999
0

0101000
+211 0 -209 0 *
Ve
1e-07
101.74939 6.576679 0
0 0

0101101
*
Ed
 1e-07 1 1 0
1  1182 0 0 0.0999990000000111
2  892 21 0 0 0.0999990000000111
2  893 22 0 0 0.0999990000000111
0

0101000
+209 0 -207 0 *
Ve
1e-07
101.74939 5.901679 0
0 0

0101101
*
Ed
 1e-07 1 1 0
1  1183 0 0 0.675000000000001
2  894 21 0 0 0.675000000000001
2  895 22 0 0 0.675000000000001
0

0101000
+207 0 -205 0 *
Ve
1e-07
101.899391 5.901679 0
0 0

0101101
*
Ed
 1e-07 1 1 0
1  1184 0 0 0.150000999999989
2  896 21 0 0 0.150000999999989
2  897 22 0 0 0.150000999999989
0

0101000
+205 0 -203 0 *
Ve
1e-07
101.899391 5.926678 0
0 0

0101101
*
Ed
 1e-07 1 1 0
1  1185 0 0 0.0249990000000002
2  898 21 0 0 0.0249990000000002
2  899 22 0 0 0.0249990000000002
0

0101000
+203 0 -201 0 *
Ve
1e-07
102.029388 5.926678 0
0 0

0101101
*
Ed
 1e-07 1 1 0
1  1186 0 0 0.129997000000003
2  900 21 0 0 0.129997000000003
2  901 22 0 0 0.129997000000003
0

0101000
+201 0 -199 0 *
Ve
1e-07
102.029388 5.946679 0
0 0

0101101
*
Ed
 1e-07 1 1 0
1  1187 0 0 0.0200009999999997
2  902 21 0 0 0.0200009999999997
2  903 22 0 0 0.0200009999999997
0

0101000
+199 0 -197 0 *
Ve
1e-07
101.899391 5.946679 0
0 0

0101101
*
Ed
 1e-07 1 1 0
1  1188 0 0 0.129997000000003
2  904 21 0 0 0.129997000000003
2  905 22 0 0 0.129997000000003
0

0101000
+197 0 -195 0 *
Ve
1e-07
101.899391 7.401679 0
0 0

0101101
*
Ed
 1e-07 1 1 0
1  1189 0 0 1.455
2  906 21 0 0 1.455
2  907 22 0 0 1.455
0

0101000
+195 0 -193 0 *
Ve
1e-07
102.797722 7.401679 0
0 0

0101101
*
Ed
 1e-07 1 1 0
1  1190 0 0 0.898330999999999
2  908 21 0 0 0.898330999999999
2  909 22 0 0 0.898330999999999
0

0101000
+193 0 -191 0 *
Ve
1e-07
102.797722 5.946679 0
0 0

0101101
*
Ed
 1e-07 1 1 0
1  1191 0 0 1.455
2  910 21 0 0 1.455
2  911 22 0 0 1.455
0

0101000
+191 0 -189 0 *
Ve
1e-07
102.729393 5.946679 0
0 0

0101101
*
Ed
 1e-07 1 1 0
1  1192 0 0 0.0683289999999914
2  912 21 0 0 0.0683289999999914
2  913 22 0 0 0.0683289999999914
0

0101000
+189 0 -187 0 *
Ve
1e-07
102.729393 5.926678 0
0 0

0101101
*
Ed
 1e-07 1 1 0
1  1193 0 0 0.0200009999999997
2  914 21 0 0 0.0200009999999997
2  915 22 0 0 0.0200009999999997
0

0101000
+187 0 -185 0 *
Ve
1e-07
102.909386 5.926678 0
0 0

0101101
*
Ed
 1e-07 1 1 0
1  1194 0 0 0.179992999999996
2  916 21 0 0 0.179992999999996
2  917 22 0 0 0.179992999999996
0

0101000
+185 0 -183 0 *
Ve
1e-07
102.909386 5.946679 0
0 0

0101101
*
Ed
 1e-07 1 1 0
1  1195 0 0 0.0200009999999997
2  918 21 0 0 0.0200009999999997
2  919 22 0 0 0.0200009999999997
0

0101000
+183 0 -181 0 *
Ve
1e-07
102.817726 5.946679 0
0 0

0101101
*
Ed
 1e-07 1 1 0
1  1196 0 0 0.0916600000000045
2  920 21 0 0 0.0916600000000045
2  921 22 0 0 0.0916600000000045
0

0101000
+181 0 -179 0 *
Ve
1e-07
102.817726 7.401679 0
0 0

0101101
*
Ed
 1e-07 1 1 0
1  1197 0 0 1.455
2  922 21 0 0 1.455
2  923 22 0 0 1.455
0

0101000
+179 0 -177 0 *
Ve
1e-07
103.681053 7.401679 0
0 0

0101101
*
Ed
 1e-07 1 1 0
1  1198 0 0 0.863327000000012
2  924 21 0 0 0.863327000000012
2  925 22 0 0 0.863327000000012
0

0101000
+177 0 -175 0 *
Ve
1e-07
103.681053 5.946679 0
0 0

0101101
*
Ed
 1e-07 1 1 0
1  1199 0 0 1.455
2  926 21 0 0 1.455
2  927 22 0 0 1.455
0

0101000
+175 0 -173 0 *
Ve
1e-07
103.60939 5.946679 0
0 0

0101101
*
Ed
 1e-07 1 1 0
1  1200 0 0 0.0716630000000009
2  928 21 0 0 0.0716630000000009
2  929 22 0 0 0.0716630000000009
0

0101000
+173 0 -171 0 *
Ve
1e-07
103.60939 5.926678 0
0 0

0101101
*
Ed
 1e-07 1 1 0
1  1201 0 0 0.0200009999999997
2  930 21 0 0 0.0200009999999997
2  931 22 0 0 0.0200009999999997
0

0101000
+171 0 -169 0 *
Ve
1e-07
103.774391 5.926678 0
0 0

0101101
*
Ed
 1e-07 1 1 0
1  1202 0 0 0.16500099999999
2  932 21 0 0 0.16500099999999
2  933 22 0 0 0.16500099999999
0

0101000
+169 0 -167 0 *
Ve
1e-07
103.774391 5.946679 0
0 0

0101101
*
Ed
 1e-07 1 1 0
1  1203 0 0 0.0200009999999997
2  934 21 0 0 0.0200009999999997
2  935 22 0 0 0.0200009999999997
0

0101000
+167 0 -165 0 *
Ve
1e-07
103.701057 5.946679 0
0 0

0101101
*
Ed
 1e-07 1 1 0
1  1204 0 0 0.0733339999999885
2  936 21 0 0 0.0733339999999885
2  937 22 0 0 0.0733339999999885
0

0101000
+165 0 -163 0 *
Ve
1e-07
103.701057 7.401679 0
0 0

0101101
*
Ed
 1e-07 1 1 0
1  1205 0 0 1.455
2  938 21 0 0 1.455
2  939 22 0 0 1.455
0

0101000
+163 0 -161 0 *
Ve
1e-07
104.599388 7.401679 0
0 0

0101101
*
Ed
 1e-07 1 1 0
1  1206 0 0 0.898330999999999
2  940 21 0 0 0.898330999999999
2  941 22 0 0 0.898330999999999
0

0101000
+161 0 -159 0 *
Ve
1e-07
104.599388 5.901679 0
0 0

0101101
*
Ed
 1e-07 1 1 0
1  1207 0 0 1.5
2  942 21 0 0 1.5
2  943 22 0 0 1.5
0

0101000
+159 0 -157 0 *
Ve
1e-07
104.699387 5.901679 0
0 0

0101101
*
Ed
 1e-07 1 1 0
1  1208 0 0 0.0999989999999968
2  944 21 0 0 0.0999989999999968
2  945 22 0 0 0.0999989999999968
0

0101000
+157 0 -155 0 *
Ve
1e-07
104.699387 7.401679 0
0 0

0101101
*
Ed
 1e-07 1 1 0
1  1209 0 0 1.5
2  946 21 0 0 1.5
2  947 22 0 0 1.5
0

0101000
+155 0 -153 0 *
Ve
1e-07
106.299393 7.401679 0
0 0

0101101
*
Ed
 1e-07 1 1 0
1  1210 0 0 1.60000599999999
2  948 21 0 0 1.60000599999999
2  949 22 0 0 1.60000599999999
0

0101000
+153 0 -151 0 *
Ve
1e-07
106.299393 4.076679 0
0 0

0101101
*
Ed
 1e-07 1 1 0
1  1211 0 0 3.325
2  950 21 0 0 3.325
2  951 22 0 0 3.325
0

0101000
+151 0 -149 0 *
Ve
1e-07
104.699387 4.076679 0
0 0

0101101
*
Ed
 1e-07 1 1 0
1  1212 0 0 1.60000599999999
2  952 21 0 0 1.60000599999999
2  953 22 0 0 1.60000599999999
0

0101000
+149 0 -147 0 *
Ve
1e-07
104.699387 5.001678 0
0 0

0101101
*
Ed
 1e-07 1 1 0
1  1213 0 0 0.924999
2  954 21 0 0 0.924999
2  955 22 0 0 0.924999
0

0101000
+147 0 -145 0 *
Ve
1e-07
104.599388 5.001678 0
0 0

0101101
*
Ed
 1e-07 1 1 0
1  1214 0 0 0.0999989999999968
2  956 21 0 0 0.0999989999999968
2  957 22 0 0 0.0999989999999968
0

0101000
+145 0 -143 0 *
Ve
1e-07
104.599388 4.176678 0
0 0

0101101
*
Ed
 1e-07 1 1 0
1  1215 0 0 0.825
2  958 21 0 0 0.825
2  959 22 0 0 0.825
0

0101000
+143 0 -141 0 *
Ve
1e-07
101.899391 4.176678 0
0 0

0101101
*
Ed
 1e-07 1 1 0
1  1216 0 0 2.69999700000001
2  960 21 0 0 2.69999700000001
2  961 22 0 0 2.69999700000001
0

0101000
+141 0 -139 0 *
Ve
1e-07
101.899391 4.951679 0
0 0

0101101
*
Ed
 1e-07 1 1 0
1  1217 0 0 0.775001
2  962 21 0 0 0.775001
2  963 22 0 0 0.775001
0

0101000
+139 0 -137 0 *
Ve
1e-07
101.74939 4.951679 0
0 0

0101101
*
Ed
 1e-07 1 1 0
1  1218 0 0 0.150000999999989
2  964 21 0 0 0.150000999999989
2  965 22 0 0 0.150000999999989
0

0101000
+137 0 -135 0 *
Ve
1e-07
101.74939 4.176678 0
0 0

0101101
*
Ed
 1e-07 1 1 0
1  1219 0 0 0.775001
2  966 21 0 0 0.775001
2  967 22 0 0 0.775001
0

0101000
+135 0 -133 0 *
Ve
1e-07
100.649391 4.176678 0
0 0

0101101
*
Ed
 1e-07 1 1 0
1  1220 0 0 1.09999900000001
2  968 21 0 0 1.09999900000001
2  969 22 0 0 1.09999900000001
0

0101000
+133 0 -131 0 *
Ve
1e-07
100.649391 6.576679 0
0 0

0101101
*
Ed
 1e-07 1 1 0
1  1221 0 0 2.400001
2  970 21 0 0 2.400001
2  971 22 0 0 2.400001
0

0101000
+131 0 -129 0 *
Ve
1e-07
100.74939 6.576679 0
0 0

0101101
*
Ed
 1e-07 1 1 0
1  1222 0 0 0.0999990000000111
2  972 21 0 0 0.0999990000000111
2  973 22 0 0 0.0999990000000111
0

0101000
+129 0 -127 0 *
Ve
1e-07
100.74939 6.726679 0
0 0

0101101
*
Ed
 1e-07 1 1 0
1  1223 0 0 0.149999999999999
2  974 21 0 0 0.149999999999999
2  975 22 0 0 0.149999999999999
0

0101000
+127 0 -125 0 *
Ve
1e-07
100.49939 6.726679 0
0 0

0101101
*
Ed
 1e-07 1 1 0
1  1224 0 0 0.25
2  976 21 0 0 0.25
2  977 22 0 0 0.25
0

0101000
+125 0 -123 0 *
Ve
1e-07
100.49939 3.776679 0
0 0

0101101
*
Ed
 1e-07 1 1 0
1  1225 0 0 2.95
2  978 21 0 0 2.95
2  979 22 0 0 2.95
0

0101000
+123 0 -121 0 *
Ve
1e-07
104.574387 3.776679 0
0 0

0101101
*
Ed
 1e-07 1 1 0
1  1226 0 0 4.074997
2  980 21 0 0 4.074997
2  981 22 0 0 4.074997
0

0101000
+121 0 -119 0 *
Ve
1e-07
104.574387 3.706679 0
0 0

0101101
*
Ed
 1e-07 1 1 0
1  1227 0 0 0.0700000000000003
2  982 21 0 0 0.0700000000000003
2  983 22 0 0 0.0700000000000003
0

0101000
+119 0 -117 0 *
Ve
1e-07
105.194389 3.706679 0
0 0

0101101
*
Ed
 1e-07 1 1 0
1  1228 0 0 0.620001999999999
2  984 21 0 0 0.620001999999999
2  985 22 0 0 0.620001999999999
0

0101000
+117 0 -115 0 *
Ve
1e-07
105.194389 3.962679 0
0 0

0101101
*
Ed
 1e-07 1 1 0
1  1229 0 0 0.256
2  986 21 0 0 0.256
2  987 22 0 0 0.256
0

0101000
+115 0 -113 0 *
Ve
1e-07
105.12439 3.962679 0
0 0

0101101
*
Ed
 1e-07 1 1 0
1  1230 0 0 0.0699989999999957
2  988 21 0 0 0.0699989999999957
2  989 22 0 0 0.0699989999999957
0

0101000
+113 0 -111 0 *
Ve
1e-07
105.12439 3.976679 0
0 0

0101101
*
Ed
 1e-07 1 1 0
1  1231 0 0 0.0139999999999998
2  990 21 0 0 0.0139999999999998
2  991 22 0 0 0.0139999999999998
0

0101000
+111 0 -109 0 *
Ve
1e-07
106.399391 3.976679 0
0 0

0101101
*
Ed
 1e-07 1 1 0
1  1232 0 0 1.27500099999999
2  992 21 0 0 1.27500099999999
2  993 22 0 0 1.27500099999999
0

0101000
+109 0 -107 0 *
Ve
1e-07
106.399391 10.876678 0
0 0

0101101
*
Ed
 1e-07 1 1 0
1  1233 0 0 6.899999
2  994 21 0 0 6.899999
2  995 22 0 0 6.899999
0

0101000
+107 0 -105 0 *
Ve
1e-07
106.324387 10.876678 0
0 0

0101101
*
Ed
 1e-07 1 1 0
1  1234 0 0 0.0750039999999927
2  996 21 0 0 0.0750039999999927
2  997 22 0 0 0.0750039999999927
0

0101000
+105 0 -103 0 *
Ve
1e-07
106.324387 11.276679 0
0 0

0101101
*
Ed
 1e-07 1 1 0
1  1235 0 0 0.400001
2  998 21 0 0 0.400001
2  999 22 0 0 0.400001
0

0101000
+103 0 -101 0 *
Ve
1e-07
100.424393 11.276679 0
0 0

0101101
*
Ed
 1e-07 1 1 0
1  1236 0 0 5.89999400000001
2  1000 21 0 0 5.89999400000001
2  1001 22 0 0 5.89999400000001
0

0101000
+101 0 -99 0 *
Ve
1e-07
100.424393 11.126678 0
0 0

0101101
*
Ed
 1e-07 1 1 0
1  1237 0 0 0.150001
2  1002 21 0 0 0.150001
2  1003 22 0 0 0.150001
0

0101000
+99 0 -97 0 *
Ed
 1e-07 1 1 0
1  1238 0 0 0.0749970000000104
2  1004 21 0 0 0.0749970000000104
2  1005 22 0 0 0.0749970000000104
0

0101000
+97 0 -298 0 *
Wi

0101100
+296 0 +294 0 +292 0 +290 0 +288 0 +286 0 +284 0 +282 0 +280 0 +278 0 
+276 0 +274 0 +272 0 +270 0 +268 0 +266 0 +264 0 +262 0 +260 0 +258 0 
+256 0 +254 0 +252 0 +250 0 +248 0 +246 0 +244 0 +242 0 +240 0 +238 0 
+236 0 +234 0 +232 0 +230 0 +228 0 +226 0 +224 0 +222 0 +220 0 +218 0 
+216 0 +214 0 +212 0 +210 0 +208 0 +206 0 +204 0 +202 0 +200 0 +198 0 
+196 0 +194 0 +192 0 +190 0 +188 0 +186 0 +184 0 +182 0 +180 0 +178 0 
+176 0 +174 0 +172 0 +170 0 +168 0 +166 0 +164 0 +162 0 +160 0 +158 0 
+156 0 +154 0 +152 0 +150 0 +148 0 +146 0 +144 0 +142 0 +140 0 +138 0 
+136 0 +134 0 +132 0 +130 0 +128 0 +126 0 +124 0 +122 0 +120 0 +118 0 
+116 0 +114 0 +112 0 +110 0 +108 0 +106 0 +104 0 +102 0 +100 0 +98 0 
+96 0 +95 0 *
Ve
1e-07
102.923973 8.451679 0
0 0

0101101
*
Ve
1e-07
103.523972 8.451679 0
0 0

0101101
*
Ed
 1e-07 1 1 0
1  1239 0 0 0.599998999999997
2  1006 23 0 0 0.599998999999997
2  1007 24 0 0 0.599998999999997
0

0101000
+93 0 -92 0 *
Ve
1e-07
103.523972 9.006678 0
0 0

0101101
*
Ed
 1e-07 1 1 0
1  1240 0 0 0.554999
2  1008 23 0 0 0.554999
2  1009 24 0 0 0.554999
0

0101000
+92 0 -90 0 *
Ve
1e-07
103.74939 9.006678 0
0 0

0101101
*
Ed
 1e-07 1 1 0
1  1241 0 0 0.225418000000005
2  1010 23 0 0 0.225418000000005
2  1011 24 0 0 0.225418000000005
0

0101000
+90 0 -88 0 *
Ve
1e-07
103.74939 9.026679 0
0 0

0101101
*
Ed
 1e-07 1 1 0
1  1242 0 0 0.0200009999999988
2  1012 23 0 0 0.0200009999999988
2  1013 24 0 0 0.0200009999999988
0

0101000
+88 0 -86 0 *
Ve
1e-07
103.523972 9.026679 0
0 0

0101101
*
Ed
 1e-07 1 1 0
1  1243 0 0 0.225418000000005
2  1014 23 0 0 0.225418000000005
2  1015 24 0 0 0.225418000000005
0

0101000
+86 0 -84 0 *
Ve
1e-07
103.523972 9.051678 0
0 0

0101101
*
Ed
 1e-07 1 1 0
1  1244 0 0 0.0249990000000011
2  1016 23 0 0 0.0249990000000011
2  1017 24 0 0 0.0249990000000011
0

0101000
+84 0 -82 0 *
Ve
1e-07
102.923973 9.051678 0
0 0

0101101
*
Ed
 1e-07 1 1 0
1  1245 0 0 0.599998999999997
2  1018 23 0 0 0.599998999999997
2  1019 24 0 0 0.599998999999997
0

0101000
+82 0 -80 0 *
Ve
1e-07
102.923973 9.026679 0
0 0

0101101
*
Ed
 1e-07 1 1 0
1  1246 0 0 0.0249990000000011
2  1020 23 0 0 0.0249990000000011
2  1021 24 0 0 0.0249990000000011
0

0101000
+80 0 -78 0 *
Ve
1e-07
102.729393 9.026679 0
0 0

0101101
*
Ed
 1e-07 1 1 0
1  1247 0 0 0.194580000000002
2  1022 23 0 0 0.194580000000002
2  1023 24 0 0 0.194580000000002
0

0101000
+78 0 -76 0 *
Ve
1e-07
102.729393 9.006678 0
0 0

0101101
*
Ed
 1e-07 1 1 0
1  1248 0 0 0.0200009999999988
2  1024 23 0 0 0.0200009999999988
2  1025 24 0 0 0.0200009999999988
0

0101000
+76 0 -74 0 *
Ve
1e-07
102.923973 9.006678 0
0 0

0101101
*
Ed
 1e-07 1 1 0
1  1249 0 0 0.194580000000002
2  1026 23 0 0 0.194580000000002
2  1027 24 0 0 0.194580000000002
0

0101000
+74 0 -72 0 *
Ed
 1e-07 1 1 0
1  1250 0 0 0.554999
2  1028 23 0 0 0.554999
2  1029 24 0 0 0.554999
0

0101000
+72 0 -93 0 *
Wi

0101100
+91 0 +89 0 +87 0 +85 0 +83 0 +81 0 +79 0 +77 0 +75 0 +73 0 
+71 0 +70 0 *
Ve
1e-07
98.234642 1.726679 0
0 0

0101101
*
Ve
1e-07
98.379387 1.726679 0
0 0

0101101
*
Ed
 1e-07 1 1 0
1  1251 0 0 0.144745
2  1030 25 0 0 0.144745
2  1031 26 0 0 0.144745
0

0101000
+68 0 -67 0 *
Ve
1e-07
98.379387 1.126679 0
0 0

0101101
*
Ed
 1e-07 1 1 0
1  1252 0 0 0.6
2  1032 25 0 0 0.6
2  1033 26 0 0 0.6
0

0101000
+67 0 -65 0 *
Ve
1e-07
99.979393 1.126679 0
0 0

0101101
*
Ed
 1e-07 1 1 0
1  1253 0 0 1.60000600000001
2  1034 25 0 0 1.60000600000001
2  1035 26 0 0 1.60000600000001
0

0101000
+65 0 -63 0 *
Ve
1e-07
99.979393 1.726679 0
0 0

0101101
*
Ed
 1e-07 1 1 0
1  1254 0 0 0.6
2  1036 25 0 0 0.6
2  1037 26 0 0 0.6
0

0101000
+63 0 -61 0 *
Ve
1e-07
104.329391 1.726679 0
0 0

0101101
*
Ed
 1e-07 1 1 0
1  1255 0 0 4.349998
2  1038 25 0 0 4.349998
2  1039 26 0 0 4.349998
0

0101000
+61 0 -59 0 *
Ve
1e-07
104.329391 1.526678 0
0 0

0101101
*
Ed
 1e-07 1 1 0
1  1256 0 0 0.200001
2  1040 25 0 0 0.200001
2  1041 26 0 0 0.200001
0

0101000
+59 0 -57 0 *
Ve
1e-07
104.479393 1.526678 0
0 0

0101101
*
Ed
 1e-07 1 1 0
1  1257 0 0 0.150002000000001
2  1042 25 0 0 0.150002000000001
2  1043 26 0 0 0.150002000000001
0

0101000
+57 0 -55 0 *
Ve
1e-07
104.479393 1.876679 0
0 0

0101101
*
Ed
 1e-07 1 1 0
1  1258 0 0 0.350001
2  1044 25 0 0 0.350001
2  1045 26 0 0 0.350001
0

0101000
+55 0 -53 0 *
Ve
1e-07
98.234642 1.876679 0
0 0

0101101
*
Ed
 1e-07 1 1 0
1  1259 0 0 6.24475100000001
2  1046 25 0 0 6.24475100000001
2  1047 26 0 0 6.24475100000001
0

0101000
+53 0 -51 0 *
Ed
 1e-07 1 1 0
1  1260 0 0 0.15
2  1048 25 0 0 0.15
2  1049 26 0 0 0.15
0

0101000
+51 0 -68 0 *
Wi

0101100
+66 0 +64 0 +62 0 +60 0 +58 0 +56 0 +54 0 +52 0 +50 0 +49 0 
*
Ve
1e-07
108.62439 -9.973322 0
0 0

0101101
*
Ve
1e-07
108.62439 -9.373321 0
0 0

0101101
*
Ed
 1e-07 1 1 0
1  1261 0 0 0.600000999999999
2  1050 27 0 0 0.600000999999999
2  1051 28 0 0 0.600000999999999
2  1052 29 0 0 0.600000999999999
0

0101000
+47 0 -46 0 *
Ve
1e-07
110.824387 -9.373321 0
0 0

0101101
*
Ed
 1e-07 1 1 0
1  1262 0 0 2.199997
2  1053 27 0 0 2.199997
2  1054 28 0 0 2.199997
2  1055 29 0 0 2.199997
0

0101000
+46 0 -44 0 *
Ve
1e-07
110.824387 -11.423321 0
0 0

0101101
*
Ed
 1e-07 1 1 0
1  1263 0 0 2.05
2  1056 27 0 0 2.05
2  1057 28 0 0 2.05
2  1058 29 0 0 2.05
0

0101000
+44 0 -42 0 *
Ve
1e-07
111.224388 -11.423321 0
0 0

0101101
*
Ed
 1e-07 1 1 0
1  1264 0 0 0.400001000000003
2  1059 27 0 0 0.400001000000003
2  1060 28 0 0 0.400001000000003
2  1061 29 0 0 0.400001000000003
0

0101000
+42 0 -40 0 *
Ve
1e-07
111.224388 -8.673321 0
0 0

0101101
*
Ed
 1e-07 1 1 0
1  1265 0 0 2.75
2  1062 27 0 0 2.75
2  1063 28 0 0 2.75
2  1064 29 0 0 2.75
0

0101000
+40 0 -38 0 *
Ve
1e-07
111.12439 -8.673321 0
0 0

0101101
*
Ed
 1e-07 1 1 0
1  1266 0 0 0.0999979999999994
2  1065 27 0 0 0.0999979999999994
2  1066 28 0 0 0.0999979999999994
2  1067 29 0 0 0.0999979999999994
0

0101000
+38 0 -36 0 *
Ve
1e-07
111.12439 -9.273321 0
0 0

0101101
*
Ed
 1e-07 1 1 0
1  1267 0 0 0.6
2  1068 27 0 0 0.6
2  1069 28 0 0 0.6
2  1070 29 0 0 0.6
0

0101000
+36 0 -34 0 *
Ve
1e-07
108.62439 -9.273321 0
0 0

0101101
*
Ed
 1e-07 1 1 0
1  1268 0 0 2.5
2  1071 27 0 0 2.5
2  1072 28 0 0 2.5
2  1073 29 0 0 2.5
0

0101000
+34 0 -32 0 *
Ve
1e-07
108.62439 -8.673321 0
0 0

0101101
*
Ed
 1e-07 1 1 0
1  1269 0 0 0.6
2  1074 27 0 0 0.6
2  1075 28 0 0 0.6
2  1076 29 0 0 0.6
0

0101000
+32 0 -30 0 *
Ve
1e-07
106.74939 -8.673321 0
0 0

0101101
*
Ed
 1e-07 1 1 0
1  1270 0 0 1.875
2  1077 27 0 0 1.875
2  1078 28 0 0 1.875
2  1079 29 0 0 1.875
0

0101000
+30 0 -28 0 *
Ve
1e-07
106.74939 -8.773321 0
0 0

0101101
*
Ed
 1e-07 1 1 0
1  1271 0 0 0.0999999999999996
2  1080 27 0 0 0.0999999999999996
2  1081 28 0 0 0.0999999999999996
2  1082 29 0 0 0.0999999999999996
0

0101000
+28 0 -26 0 *
Ve
1e-07
107.324387 -8.773321 0
0 0

0101101
*
Ed
 1e-07 1 1 0
1  1272 0 0 0.574996999999996
2  1083 27 0 0 0.574996999999996
2  1084 28 0 0 0.574996999999996
2  1085 29 0 0 0.574996999999996
0

0101000
+26 0 -24 0 *
Ve
1e-07
107.324387 -8.848322 0
0 0

0101101
*
Ed
 1e-07 1 1 0
1  1273 0 0 0.0750010000000003
2  1086 27 0 0 0.0750010000000003
2  1087 28 0 0 0.0750010000000003
2  1088 29 0 0 0.0750010000000003
0

0101000
+24 0 -22 0 *
Ve
1e-07
107.424393 -8.848322 0
0 0

0101101
*
Ed
 1e-07 1 1 0
1  1274 0 0 0.100005999999993
2  1089 27 0 0 0.100005999999993
2  1090 28 0 0 0.100005999999993
2  1091 29 0 0 0.100005999999993
0

0101000
+22 0 -20 0 *
Ve
1e-07
107.424393 -8.773321 0
0 0

0101101
*
Ed
 1e-07 1 1 0
1  1275 0 0 0.0750010000000003
2  1092 27 0 0 0.0750010000000003
2  1093 28 0 0 0.0750010000000003
2  1094 29 0 0 0.0750010000000003
0

0101000
+20 0 -18 0 *
Ve
1e-07
108.524391 -8.773321 0
0 0

0101101
*
Ed
 1e-07 1 1 0
1  1276 0 0 1.099998
2  1095 27 0 0 1.099998
2  1096 28 0 0 1.099998
2  1097 29 0 0 1.099998
0

0101000
+18 0 -16 0 *
Ve
1e-07
108.524391 -9.973322 0
0 0

0101101
*
Ed
 1e-07 1 1 0
1  1277 0 0 1.200001
2  1098 27 0 0 1.200001
2  1099 28 0 0 1.200001
2  1100 29 0 0 1.200001
0

0101000
+16 0 -14 0 *
Ed
 1e-07 1 1 0
1  1278 0 0 0.0999990000000111
2  1101 27 0 0 0.0999990000000111
2  1102 28 0 0 0.0999990000000111
2  1103 29 0 0 0.0999990000000111
0

0101000
+14 0 -47 0 *
Wi

0101100
+45 0 +43 0 +41 0 +39 0 +37 0 +35 0 +33 0 +31 0 +29 0 +27 0 
+25 0 +23 0 +21 0 +19 0 +17 0 +15 0 +13 0 +12 0 *
Ve
1e-07
111.12439 -12.103321 0
0 0

0101101
*
Ve
1e-07
111.224388 -12.103321 0
0 0

0101101
*
Ed
 1e-07 1 1 0
1  1279 0 0 0.0999979999999994
2  1104 30 0 0 0.0999979999999994
2  1105 31 0 0 0.0999979999999994
0

0101000
+10 0 -9 0 *
Ve
1e-07
111.224388 -11.523321 0
0 0

0101101
*
Ed
 1e-07 1 1 0
1  1280 0 0 0.58
2  1106 30 0 0 0.58
2  1107 31 0 0 0.58
0

0101000
+9 0 -7 0 *
Ve
1e-07
111.12439 -11.523321 0
0 0

0101101
*
Ed
 1e-07 1 1 0
1  1281 0 0 0.0999979999999994
2  1108 30 0 0 0.0999979999999994
2  1109 31 0 0 0.0999979999999994
0

0101000
+7 0 -5 0 *
Ed
 1e-07 1 1 0
1  1282 0 0 0.58
2  1110 30 0 0 0.58
2  1111 31 0 0 0.58
0

0101000
+5 0 -10 0 *
Wi

0101100
+8 0 +6 0 +4 0 +3 0 *
Fa
0  1e-07 1 0

1111000
+869 0 +612 0 +505 0 +476 0 +451 0 +442 0 +325 0 +316 0 +299 0 +94 0 
+69 0 +48 0 +11 0 +2 0 *

+1 0 